numeric_id,PathLen,HullArea,Entropy,Duration,Density,Clustering,NumComponents,Assortativity,0 0,0 1,0 10,0 11,0 12,0 13,0 14,0 15,0 16,0 17,0 18,0 19,0 2,0 20,0 21,0 22,0 23,0 24,0 25,0 26,0 27,0 28,0 29,0 3,0 4,0 5,0 6,0 7,0 8,0 9,1 0,1 1,1 10,1 11,1 12,1 13,1 14,1 15,1 16,1 17,1 18,1 19,1 2,1 20,1 21,1 22,1 23,1 24,1 25,1 26,1 27,1 28,1 29,1 3,1 4,1 5,1 6,1 7,1 8,1 9,10 0,10 1,10 10,10 11,10 12,10 13,10 14,10 15,10 16,10 17,10 18,10 19,10 2,10 20,10 21,10 22,10 23,10 24,10 25,10 26,10 27,10 28,10 29,10 3,10 4,10 5,10 6,10 7,10 8,10 9,11 0,11 1,11 10,11 11,11 12,11 13,11 14,11 15,11 16,11 17,11 18,11 19,11 2,11 20,11 21,11 22,11 23,11 24,11 25,11 26,11 27,11 28,11 29,11 3,11 4,11 5,11 6,11 7,11 8,11 9,12 0,12 1,12 10,12 11,12 12,12 13,12 14,12 15,12 16,12 17,12 18,12 19,12 2,12 20,12 21,12 22,12 23,12 24,12 25,12 26,12 27,12 28,12 29,12 3,12 4,12 5,12 6,12 7,12 8,12 9,13 0,13 1,13 10,13 11,13 12,13 13,13 14,13 15,13 16,13 17,13 18,13 19,13 2,13 20,13 21,13 22,13 23,13 24,13 25,13 26,13 27,13 28,13 29,13 3,13 4,13 5,13 6,13 7,13 8,13 9,14 0,14 1,14 10,14 11,14 12,14 13,14 14,14 15,14 16,14 17,14 18,14 19,14 2,14 20,14 21,14 22,14 23,14 24,14 25,14 26,14 27,14 28,14 29,14 3,14 4,14 5,14 6,14 7,14 8,14 9,15 0,15 1,15 10,15 11,15 12,15 13,15 14,15 15,15 16,15 17,15 18,15 19,15 2,15 20,15 21,15 22,15 23,15 24,15 25,15 26,15 27,15 28,15 29,15 3,15 4,15 5,15 6,15 7,15 8,15 9,16 0,16 1,16 10,16 11,16 12,16 13,16 14,16 15,16 16,16 17,16 18,16 19,16 2,16 20,16 21,16 22,16 23,16 24,16 25,16 26,16 27,16 28,16 29,16 3,16 4,16 5,16 6,16 7,16 8,16 9,17 0,17 1,17 10,17 11,17 12,17 13,17 14,17 15,17 16,17 17,17 18,17 19,17 2,17 20,17 21,17 22,17 23,17 24,17 25,17 26,17 27,17 28,17 29,17 3,17 4,17 5,17 6,17 7,17 8,17 9,18 0,18 1,18 10,18 11,18 12,18 13,18 14,18 15,18 16,18 17,18 18,18 19,18 2,18 20,18 21,18 22,18 23,18 24,18 25,18 26,18 27,18 28,18 29,18 3,18 4,18 5,18 6,18 7,18 8,18 9,19 0,19 1,19 10,19 11,19 12,19 13,19 14,19 15,19 16,19 17,19 18,19 19,19 2,19 20,19 21,19 22,19 23,19 24,19 25,19 26,19 27,19 28,19 29,19 3,19 4,19 5,19 6,19 7,19 8,19 9,2 0,2 1,2 10,2 11,2 12,2 13,2 14,2 15,2 16,2 17,2 18,2 19,2 2,2 20,2 21,2 22,2 23,2 24,2 25,2 26,2 27,2 28,2 29,2 3,2 4,2 5,2 6,2 7,2 8,2 9,20 0,20 1,20 10,20 11,20 12,20 13,20 14,20 15,20 16,20 17,20 18,20 19,20 2,20 20,20 21,20 22,20 23,20 24,20 25,20 26,20 27,20 28,20 29,20 3,20 4,20 5,20 6,20 7,20 8,20 9,21 0,21 1,21 10,21 11,21 12,21 13,21 14,21 15,21 16,21 17,21 18,21 19,21 2,21 20,21 21,21 22,21 23,21 24,21 25,21 26,21 27,21 28,21 29,21 3,21 4,21 5,21 6,21 7,21 8,21 9,22 0,22 1,22 10,22 11,22 12,22 13,22 14,22 15,22 16,22 17,22 18,22 19,22 2,22 20,22 21,22 22,22 23,22 24,22 25,22 26,22 27,22 28,22 29,22 3,22 4,22 5,22 6,22 7,22 8,22 9,23 0,23 1,23 10,23 11,23 12,23 13,23 14,23 15,23 16,23 17,23 18,23 19,23 2,23 20,23 21,23 22,23 23,23 24,23 25,23 26,23 27,23 28,23 29,23 3,23 4,23 5,23 6,23 7,23 8,23 9,24 0,24 1,24 10,24 11,24 12,24 13,24 14,24 15,24 16,24 17,24 18,24 19,24 2,24 20,24 21,24 22,24 23,24 24,24 25,24 26,24 27,24 28,24 29,24 3,24 4,24 5,24 6,24 7,24 8,24 9,25 0,25 1,25 10,25 11,25 12,25 13,25 14,25 15,25 16,25 17,25 18,25 19,25 2,25 20,25 21,25 22,25 23,25 24,25 25,25 26,25 27,25 28,25 29,25 3,25 4,25 5,25 6,25 7,25 8,25 9,26 0,26 1,26 10,26 11,26 12,26 13,26 14,26 15,26 16,26 17,26 18,26 19,26 2,26 20,26 21,26 22,26 23,26 24,26 25,26 26,26 27,26 28,26 29,26 3,26 4,26 5,26 6,26 7,26 8,26 9,27 0,27 1,27 10,27 11,27 12,27 13,27 14,27 15,27 16,27 17,27 18,27 19,27 2,27 20,27 21,27 22,27 23,27 24,27 25,27 26,27 27,27 28,27 29,27 3,27 4,27 5,27 6,27 7,27 8,27 9,28 0,28 1,28 10,28 11,28 12,28 13,28 14,28 15,28 16,28 17,28 18,28 19,28 2,28 20,28 21,28 22,28 23,28 24,28 25,28 26,28 27,28 28,28 29,28 3,28 4,28 5,28 6,28 7,28 8,28 9,29 0,29 1,29 10,29 11,29 12,29 13,29 14,29 15,29 16,29 17,29 18,29 19,29 2,29 20,29 21,29 22,29 23,29 24,29 25,29 26,29 27,29 28,29 29,29 3,29 4,29 5,29 6,29 7,29 8,29 9,3 0,3 1,3 10,3 11,3 12,3 13,3 14,3 15,3 16,3 17,3 18,3 19,3 2,3 20,3 21,3 22,3 23,3 24,3 25,3 26,3 27,3 28,3 29,3 3,3 4,3 5,3 6,3 7,3 8,3 9,4 0,4 1,4 10,4 11,4 12,4 13,4 14,4 15,4 16,4 17,4 18,4 19,4 2,4 20,4 21,4 22,4 23,4 24,4 25,4 26,4 27,4 28,4 29,4 3,4 4,4 5,4 6,4 7,4 8,4 9,5 0,5 1,5 10,5 11,5 12,5 13,5 14,5 15,5 16,5 17,5 18,5 19,5 2,5 20,5 21,5 22,5 23,5 24,5 25,5 26,5 27,5 28,5 29,5 3,5 4,5 5,5 6,5 7,5 8,5 9,6 0,6 1,6 10,6 11,6 12,6 13,6 14,6 15,6 16,6 17,6 18,6 19,6 2,6 20,6 21,6 22,6 23,6 24,6 25,6 26,6 27,6 28,6 29,6 3,6 4,6 5,6 6,6 7,6 8,6 9,7 0,7 1,7 10,7 11,7 12,7 13,7 14,7 15,7 16,7 17,7 18,7 19,7 2,7 20,7 21,7 22,7 23,7 24,7 25,7 26,7 27,7 28,7 29,7 3,7 4,7 5,7 6,7 7,7 8,7 9,8 0,8 1,8 10,8 11,8 12,8 13,8 14,8 15,8 16,8 17,8 18,8 19,8 2,8 20,8 21,8 22,8 23,8 24,8 25,8 26,8 27,8 28,8 29,8 3,8 4,8 5,8 6,8 7,8 8,8 9,9 0,9 1,9 10,9 11,9 12,9 13,9 14,9 15,9 16,9 17,9 18,9 19,9 2,9 20,9 21,9 22,9 23,9 24,9 25,9 26,9 27,9 28,9 29,9 3,9 4,9 5,9 6,9 7,9 8,9 9,label
0,2861.1059237177433,190807.7123,2.144868372182239,286.17044721064104,0.16842277167277162,0.09629818792318792,4.93,-0.07473294425169867,12.0,2.0,4.0,3.0,1.0,0.0,1.0,2.0,3.0,2.0,0.0,5.0,3.0,1.0,2.0,1.0,1.0,1.0,1.0,5.0,2.0,3.0,6.0,5.0,1.0,3.0,1.0,2.0,2.0,2.0,1.0,11.0,4.0,3.0,2.0,1.0,2.0,3.0,3.0,2.0,1.0,4.0,1.0,2.0,1.0,3.0,3.0,2.0,2.0,0.0,3.0,2.0,2.0,1.0,2.0,3.0,2.0,3.0,2.0,5.0,1.0,1.0,7.0,1.0,0.0,0.0,0.0,3.0,1.0,2.0,2.0,1.0,2.0,4.0,2.0,2.0,0.0,0.0,1.0,2.0,2.0,2.0,1.0,1.0,1.0,2.0,0.0,3.0,5.0,4.0,1.0,1.0,2.0,6.0,2.0,0.0,3.0,0.0,3.0,1.0,1.0,1.0,2.0,0.0,4.0,1.0,3.0,1.0,3.0,1.0,0.0,0.0,5.0,0.0,1.0,2.0,0.0,0.0,0.0,2.0,2.0,2.0,0.0,0.0,7.0,3.0,1.0,4.0,0.0,1.0,1.0,1.0,3.0,0.0,3.0,1.0,2.0,0.0,2.0,1.0,1.0,3.0,2.0,1.0,4.0,2.0,0.0,3.0,1.0,0.0,1.0,1.0,0.0,1.0,2.0,7.0,0.0,2.0,1.0,1.0,2.0,2.0,2.0,0.0,1.0,0.0,2.0,0.0,1.0,0.0,1.0,0.0,1.0,3.0,0.0,1.0,3.0,0.0,0.0,0.0,1.0,1.0,1.0,1.0,1.0,1.0,6.0,1.0,0.0,1.0,0.0,0.0,2.0,2.0,2.0,1.0,0.0,0.0,0.0,0.0,1.0,0.0,1.0,0.0,2.0,3.0,1.0,2.0,1.0,0.0,0.0,2.0,2.0,0.0,1.0,1.0,0.0,22.0,2.0,0.0,2.0,1.0,4.0,4.0,3.0,0.0,2.0,0.0,1.0,1.0,2.0,2.0,1.0,1.0,0.0,0.0,2.0,1.0,0.0,2.0,5.0,4.0,0.0,1.0,2.0,2.0,0.0,1.0,7.0,0.0,1.0,2.0,0.0,5.0,3.0,1.0,0.0,1.0,2.0,1.0,3.0,2.0,0.0,0.0,1.0,1.0,1.0,4.0,1.0,2.0,2.0,2.0,0.0,0.0,0.0,1.0,0.0,0.0,2.0,3.0,1.0,3.0,5.0,0.0,1.0,1.0,1.0,1.0,0.0,1.0,0.0,2.0,0.0,2.0,2.0,2.0,0.0,0.0,1.0,1.0,1.0,3.0,0.0,0.0,1.0,0.0,1.0,1.0,0.0,1.0,8.0,2.0,2.0,1.0,5.0,0.0,2.0,3.0,1.0,2.0,1.0,0.0,0.0,3.0,3.0,2.0,1.0,1.0,0.0,3.0,4.0,3.0,3.0,3.0,0.0,1.0,1.0,0.0,3.0,1.0,3.0,7.0,2.0,1.0,1.0,0.0,0.0,1.0,3.0,5.0,1.0,2.0,1.0,1.0,4.0,2.0,0.0,2.0,2.0,1.0,7.0,3.0,5.0,1.0,5.0,1.0,1.0,1.0,1.0,3.0,2.0,3.0,15.0,2.0,2.0,1.0,2.0,5.0,1.0,2.0,2.0,0.0,2.0,2.0,5.0,3.0,0.0,2.0,7.0,1.0,0.0,3.0,1.0,0.0,4.0,1.0,2.0,1.0,2.0,0.0,0.0,1.0,4.0,11.0,0.0,0.0,2.0,2.0,0.0,0.0,2.0,2.0,2.0,3.0,4.0,2.0,0.0,1.0,1.0,0.0,2.0,2.0,2.0,2.0,1.0,1.0,1.0,1.0,2.0,2.0,1.0,0.0,2.0,0.0,5.0,4.0,0.0,3.0,1.0,0.0,1.0,2.0,3.0,2.0,2.0,7.0,1.0,1.0,2.0,1.0,3.0,2.0,2.0,0.0,0.0,0.0,1.0,1.0,3.0,2.0,1.0,1.0,3.0,0.0,4.0,13.0,3.0,1.0,2.0,0.0,0.0,0.0,0.0,0.0,2.0,0.0,1.0,0.0,2.0,0.0,0.0,3.0,1.0,4.0,2.0,0.0,2.0,0.0,2.0,0.0,0.0,1.0,7.0,0.0,0.0,3.0,9.0,0.0,0.0,0.0,1.0,2.0,2.0,2.0,1.0,0.0,5.0,2.0,1.0,0.0,3.0,3.0,2.0,0.0,0.0,1.0,1.0,1.0,1.0,1.0,2.0,1.0,3.0,2.0,1.0,1.0,2.0,7.0,1.0,1.0,2.0,2.0,0.0,1.0,3.0,1.0,3.0,1.0,1.0,1.0,3.0,1.0,1.0,1.0,1.0,1.0,0.0,1.0,0.0,1.0,2.0,2.0,1.0,1.0,0.0,0.0,1.0,0.0,9.0,0.0,4.0,0.0,2.0,2.0,4.0,0.0,2.0,1.0,0.0,2.0,2.0,3.0,1.0,0.0,0.0,0.0,0.0,1.0,0.0,2.0,2.0,3.0,0.0,2.0,1.0,0.0,0.0,2.0,2.0,3.0,0.0,0.0,2.0,2.0,1.0,1.0,1.0,0.0,2.0,0.0,2.0,2.0,0.0,0.0,3.0,1.0,0.0,0.0,2.0,0.0,2.0,3.0,4.0,0.0,1.0,2.0,0.0,1.0,1.0,0.0,4.0,2.0,0.0,2.0,2.0,2.0,1.0,3.0,0.0,1.0,0.0,1.0,1.0,2.0,1.0,2.0,2.0,1.0,1.0,2.0,2.0,2.0,1.0,1.0,2.0,1.0,0.0,1.0,1.0,0.0,1.0,5.0,0.0,3.0,2.0,1.0,4.0,1.0,3.0,2.0,6.0,2.0,2.0,5.0,1.0,6.0,0.0,1.0,1.0,0.0,0.0,1.0,1.0,1.0,2.0,0.0,1.0,1.0,1.0,1.0,1.0,1.0,8.0,2.0,2.0,2.0,2.0,0.0,0.0,1.0,1.0,4.0,4.0,2.0,2.0,1.0,2.0,3.0,2.0,0.0,1.0,1.0,1.0,0.0,2.0,1.0,2.0,0.0,0.0,3.0,0.0,5.0,5.0,8.0,1.0,1.0,3.0,3.0,0.0,2.0,1.0,3.0,1.0,2.0,2.0,1.0,0.0,2.0,4.0,1.0,1.0,1.0,1.0,3.0,1.0,1.0,6.0,3.0,2.0,2.0,2.0,2.0,0.0,2.0,9.0,3.0,0.0,4.0,3.0,1.0,6.0,0.0,2.0,2.0,5.0,0.0,0.0,1.0,2.0,1.0,2.0,2.0,3.0,3.0,1.0,3.0,0.0,3.0,4.0,0.0,2.0,0.0,2.0,0.0,1.0,9.0,1.0,1.0,1.0,1.0,2.0,4.0,0.0,2.0,0.0,1.0,0.0,1.0,1.0,1.0,2.0,1.0,3.0,1.0,1.0,1.0,1.0,4.0,0.0,0.0,0.0,2.0,2.0,1.0,1.0,1.0,5.0,0.0,2.0,1.0,2.0,2.0,2.0,3.0,3.0,0.0,3.0,0.0,0.0,2.0,2.0,1.0,6.0,0.0,2.0,0.0,1.0,4.0,1.0,1.0,0.0,1.0,0.0,2.0,1.0,0.0,0.0,10.0,2.0,2.0,4.0,3.0,1.0,1.0,1.0,0.0,1.0,3.0,1.0,0.0,1.0,1.0,2.0,3.0,0.0,2.0,3.0,2.0,1.0,0.0,1.0,1.0,1.0,4.0,1.0,1.0,1.0,1.0,9.0,1.0,2.0,2.0,2.0,0.0,1.0,1.0,1.0,1.0,3.0,1.0,3.0,4.0,2.0,1.0,1.0,3.0,0.0,0.0,0.0,1.0,1.0,1.0,1.0,4.0,1.0,1.0,0.0,1.0,0.0,9.0,0
1,2023.8872053245577,122535.78949999996,2.022083831518095,400.3219157265596,0.19350011100011105,0.07012719225219227,4.92,0.033761559245503225,13.0,2.0,4.0,1.0,3.0,1.0,2.0,1.0,4.0,1.0,3.0,1.0,3.0,1.0,3.0,3.0,1.0,3.0,1.0,1.0,1.0,1.0,2.0,2.0,2.0,0.0,3.0,0.0,4.0,2.0,3.0,7.0,1.0,2.0,1.0,1.0,1.0,1.0,4.0,2.0,2.0,1.0,0.0,1.0,0.0,2.0,1.0,2.0,1.0,0.0,4.0,3.0,3.0,1.0,5.0,3.0,1.0,1.0,2.0,3.0,4.0,3.0,8.0,0.0,0.0,0.0,0.0,2.0,3.0,3.0,0.0,2.0,3.0,1.0,1.0,4.0,2.0,1.0,0.0,0.0,1.0,0.0,3.0,1.0,1.0,1.0,0.0,2.0,1.0,0.0,3.0,0.0,0.0,7.0,1.0,2.0,1.0,2.0,1.0,0.0,1.0,1.0,4.0,1.0,1.0,1.0,1.0,2.0,2.0,2.0,0.0,1.0,0.0,1.0,1.0,3.0,2.0,0.0,0.0,1.0,0.0,2.0,3.0,0.0,3.0,1.0,2.0,1.0,0.0,0.0,0.0,1.0,2.0,0.0,0.0,1.0,0.0,1.0,0.0,1.0,0.0,1.0,2.0,1.0,0.0,0.0,2.0,2.0,2.0,0.0,0.0,1.0,1.0,1.0,0.0,2.0,1.0,1.0,1.0,1.0,1.0,1.0,4.0,0.0,1.0,0.0,4.0,0.0,1.0,0.0,0.0,0.0,0.0,2.0,1.0,1.0,2.0,3.0,1.0,1.0,4.0,3.0,2.0,0.0,0.0,0.0,8.0,1.0,1.0,0.0,1.0,1.0,1.0,4.0,4.0,0.0,1.0,0.0,1.0,0.0,0.0,0.0,1.0,1.0,0.0,0.0,1.0,0.0,0.0,0.0,1.0,1.0,0.0,1.0,2.0,1.0,1.0,8.0,2.0,1.0,1.0,0.0,1.0,1.0,1.0,1.0,2.0,0.0,0.0,1.0,2.0,2.0,2.0,3.0,2.0,1.0,2.0,2.0,0.0,2.0,5.0,2.0,2.0,3.0,1.0,1.0,0.0,2.0,13.0,0.0,0.0,0.0,6.0,0.0,0.0,2.0,0.0,0.0,0.0,2.0,0.0,4.0,0.0,1.0,0.0,3.0,1.0,0.0,0.0,2.0,4.0,0.0,0.0,1.0,1.0,1.0,1.0,0.0,1.0,6.0,0.0,0.0,1.0,0.0,2.0,0.0,1.0,0.0,0.0,0.0,1.0,0.0,1.0,0.0,2.0,2.0,2.0,0.0,1.0,2.0,1.0,1.0,3.0,2.0,1.0,1.0,0.0,0.0,0.0,1.0,4.0,1.0,2.0,2.0,3.0,1.0,0.0,3.0,0.0,0.0,1.0,2.0,0.0,2.0,1.0,1.0,1.0,0.0,0.0,1.0,1.0,2.0,1.0,3.0,0.0,2.0,1.0,0.0,2.0,0.0,0.0,4.0,0.0,0.0,3.0,0.0,0.0,0.0,0.0,0.0,2.0,0.0,1.0,2.0,2.0,0.0,2.0,1.0,2.0,1.0,6.0,1.0,3.0,4.0,1.0,1.0,2.0,5.0,0.0,2.0,0.0,2.0,16.0,4.0,2.0,2.0,0.0,2.0,1.0,5.0,0.0,1.0,0.0,2.0,1.0,3.0,3.0,4.0,1.0,1.0,2.0,2.0,0.0,1.0,0.0,1.0,0.0,2.0,2.0,0.0,1.0,0.0,1.0,3.0,1.0,1.0,0.0,1.0,1.0,0.0,0.0,0.0,1.0,3.0,1.0,1.0,1.0,3.0,1.0,0.0,2.0,0.0,0.0,6.0,1.0,1.0,1.0,1.0,3.0,1.0,2.0,2.0,2.0,2.0,4.0,1.0,1.0,1.0,1.0,1.0,1.0,1.0,0.0,3.0,0.0,0.0,0.0,1.0,2.0,3.0,2.0,3.0,2.0,0.0,2.0,2.0,1.0,1.0,0.0,1.0,2.0,2.0,3.0,0.0,1.0,5.0,0.0,1.0,1.0,1.0,0.0,1.0,0.0,0.0,0.0,1.0,0.0,0.0,1.0,1.0,0.0,0.0,2.0,0.0,0.0,0.0,1.0,1.0,1.0,3.0,2.0,0.0,1.0,1.0,1.0,2.0,2.0,1.0,0.0,1.0,0.0,1.0,1.0,6.0,1.0,1.0,0.0,1.0,0.0,1.0,1.0,2.0,1.0,2.0,0.0,0.0,0.0,2.0,1.0,1.0,1.0,2.0,0.0,0.0,0.0,0.0,1.0,7.0,0.0,1.0,1.0,1.0,2.0,2.0,2.0,1.0,0.0,4.0,2.0,2.0,0.0,2.0,2.0,1.0,1.0,0.0,1.0,1.0,0.0,1.0,0.0,2.0,1.0,1.0,1.0,1.0,0.0,2.0,4.0,0.0,1.0,0.0,0.0,1.0,1.0,1.0,2.0,0.0,0.0,0.0,1.0,3.0,2.0,0.0,0.0,0.0,1.0,2.0,0.0,0.0,0.0,2.0,4.0,0.0,1.0,0.0,1.0,0.0,1.0,3.0,0.0,1.0,1.0,2.0,1.0,0.0,0.0,1.0,0.0,0.0,3.0,3.0,0.0,0.0,0.0,1.0,2.0,0.0,1.0,1.0,3.0,0.0,0.0,0.0,1.0,0.0,0.0,0.0,1.0,2.0,2.0,0.0,1.0,1.0,0.0,3.0,0.0,1.0,0.0,1.0,0.0,3.0,0.0,2.0,0.0,0.0,0.0,0.0,1.0,1.0,0.0,1.0,3.0,0.0,1.0,0.0,1.0,1.0,1.0,1.0,1.0,6.0,1.0,4.0,0.0,0.0,4.0,1.0,1.0,1.0,0.0,0.0,2.0,1.0,2.0,1.0,0.0,0.0,1.0,0.0,1.0,0.0,3.0,1.0,1.0,2.0,0.0,1.0,1.0,2.0,1.0,1.0,5.0,1.0,2.0,4.0,1.0,3.0,0.0,1.0,4.0,4.0,0.0,2.0,1.0,2.0,2.0,2.0,2.0,0.0,3.0,2.0,1.0,2.0,1.0,1.0,2.0,3.0,0.0,0.0,2.0,3.0,2.0,10.0,4.0,0.0,0.0,1.0,4.0,1.0,0.0,3.0,0.0,1.0,2.0,2.0,0.0,2.0,0.0,1.0,2.0,2.0,2.0,1.0,1.0,0.0,0.0,1.0,4.0,0.0,1.0,2.0,1.0,1.0,12.0,0.0,1.0,2.0,1.0,3.0,2.0,4.0,1.0,1.0,1.0,2.0,1.0,2.0,1.0,2.0,0.0,1.0,4.0,0.0,1.0,0.0,1.0,1.0,2.0,0.0,0.0,1.0,0.0,1.0,2.0,11.0,2.0,0.0,1.0,1.0,2.0,2.0,2.0,0.0,1.0,4.0,1.0,0.0,2.0,1.0,2.0,0.0,2.0,1.0,2.0,0.0,2.0,2.0,0.0,1.0,1.0,2.0,0.0,1.0,0.0,2.0,7.0,2.0,1.0,0.0,4.0,2.0,3.0,0.0,1.0,1.0,2.0,3.0,2.0,0.0,1.0,0.0,2.0,2.0,1.0,0.0,4.0,0.0,0.0,0.0,0.0,0.0,2.0,2.0,2.0,2.0,1.0,6.0,0.0,0.0,1.0,0.0,1.0,0.0,1.0,1.0,2.0,0.0,0.0,0.0,1.0,0.0,0.0,1.0,5.0,2.0,3.0,1.0,2.0,0.0,1.0,0.0,2.0,0.0,1.0,1.0,1.0,1.0,7.0,0.0,0.0,1.0,1.0,0.0,1.0,0.0,0.0,1.0,1.0,0.0,1.0,1.0,3.0,0.0,0.0,2.0,0.0,2.0,1.0,2.0,3.0,0.0,4.0,4.0,1.0,0.0,1.0,1.0,0.0,8.0,0
2,2703.052115937944,130401.04825000005,2.0412867016094283,278.48198361691624,0.2032370962370962,0.14866422743922744,3.77,-0.02903636755581418,21.0,5.0,4.0,3.0,3.0,0.0,1.0,1.0,8.0,1.0,1.0,2.0,3.0,6.0,2.0,2.0,0.0,2.0,1.0,3.0,1.0,1.0,2.0,3.0,2.0,1.0,2.0,3.0,4.0,0.0,0.0,15.0,2.0,3.0,1.0,3.0,1.0,0.0,3.0,1.0,7.0,2.0,2.0,2.0,0.0,5.0,2.0,0.0,1.0,2.0,3.0,3.0,0.0,0.0,1.0,6.0,4.0,1.0,5.0,2.0,5.0,1.0,10.0,2.0,0.0,1.0,1.0,1.0,2.0,1.0,1.0,1.0,2.0,0.0,0.0,2.0,2.0,0.0,1.0,5.0,2.0,1.0,0.0,2.0,2.0,3.0,1.0,3.0,3.0,4.0,3.0,0.0,1.0,10.0,0.0,1.0,2.0,3.0,2.0,0.0,2.0,1.0,3.0,1.0,6.0,3.0,0.0,1.0,1.0,1.0,2.0,2.0,2.0,2.0,1.0,3.0,2.0,3.0,3.0,1.0,1.0,1.0,2.0,0.0,13.0,1.0,1.0,1.0,1.0,0.0,0.0,1.0,0.0,2.0,2.0,0.0,0.0,1.0,0.0,4.0,0.0,2.0,0.0,2.0,2.0,1.0,1.0,2.0,3.0,2.0,2.0,3.0,0.0,2.0,1.0,5.0,0.0,0.0,1.0,1.0,1.0,1.0,2.0,2.0,0.0,0.0,3.0,4.0,0.0,0.0,0.0,0.0,0.0,1.0,1.0,2.0,2.0,0.0,3.0,0.0,3.0,0.0,1.0,0.0,1.0,0.0,7.0,3.0,0.0,0.0,1.0,0.0,2.0,0.0,3.0,0.0,0.0,0.0,0.0,1.0,1.0,0.0,2.0,3.0,0.0,1.0,0.0,0.0,3.0,0.0,3.0,1.0,4.0,0.0,1.0,2.0,0.0,11.0,1.0,1.0,1.0,1.0,0.0,1.0,2.0,0.0,0.0,0.0,1.0,1.0,0.0,2.0,1.0,3.0,1.0,2.0,2.0,0.0,0.0,1.0,4.0,1.0,2.0,1.0,3.0,1.0,1.0,0.0,13.0,1.0,4.0,0.0,1.0,1.0,0.0,0.0,3.0,1.0,1.0,0.0,0.0,4.0,1.0,4.0,2.0,2.0,0.0,0.0,1.0,4.0,2.0,1.0,1.0,2.0,0.0,1.0,2.0,1.0,2.0,6.0,1.0,1.0,1.0,2.0,1.0,0.0,0.0,2.0,0.0,0.0,0.0,0.0,0.0,2.0,0.0,0.0,2.0,1.0,0.0,0.0,1.0,2.0,1.0,3.0,1.0,2.0,1.0,2.0,0.0,2.0,10.0,1.0,0.0,1.0,0.0,0.0,0.0,0.0,1.0,1.0,4.0,1.0,1.0,2.0,1.0,1.0,1.0,3.0,1.0,2.0,4.0,4.0,0.0,0.0,2.0,1.0,0.0,1.0,1.0,0.0,1.0,6.0,4.0,0.0,0.0,0.0,2.0,1.0,1.0,2.0,1.0,1.0,0.0,1.0,3.0,0.0,4.0,1.0,1.0,2.0,1.0,2.0,2.0,3.0,2.0,3.0,1.0,2.0,0.0,0.0,0.0,3.0,16.0,2.0,0.0,1.0,3.0,2.0,6.0,3.0,2.0,1.0,2.0,0.0,2.0,5.0,2.0,2.0,0.0,1.0,5.0,3.0,1.0,1.0,1.0,3.0,2.0,0.0,0.0,0.0,1.0,2.0,4.0,6.0,1.0,0.0,1.0,0.0,0.0,2.0,0.0,1.0,2.0,3.0,3.0,1.0,1.0,3.0,1.0,4.0,3.0,0.0,2.0,4.0,0.0,0.0,0.0,2.0,0.0,2.0,1.0,2.0,3.0,0.0,8.0,2.0,0.0,1.0,2.0,1.0,0.0,0.0,0.0,1.0,4.0,0.0,0.0,0.0,1.0,0.0,1.0,2.0,0.0,1.0,1.0,0.0,0.0,2.0,1.0,1.0,1.0,0.0,2.0,2.0,1.0,6.0,2.0,4.0,0.0,1.0,1.0,1.0,3.0,2.0,3.0,2.0,0.0,5.0,1.0,1.0,2.0,1.0,2.0,2.0,1.0,2.0,1.0,0.0,1.0,1.0,0.0,1.0,1.0,1.0,0.0,3.0,10.0,1.0,0.0,0.0,3.0,1.0,2.0,1.0,1.0,2.0,1.0,2.0,0.0,0.0,1.0,5.0,0.0,2.0,0.0,0.0,0.0,0.0,1.0,0.0,1.0,0.0,2.0,1.0,2.0,1.0,2.0,8.0,0.0,2.0,2.0,1.0,1.0,3.0,0.0,1.0,1.0,2.0,0.0,2.0,0.0,0.0,2.0,5.0,0.0,1.0,1.0,0.0,1.0,1.0,0.0,2.0,2.0,0.0,1.0,0.0,0.0,0.0,4.0,1.0,0.0,4.0,3.0,2.0,3.0,1.0,1.0,0.0,0.0,1.0,5.0,5.0,5.0,1.0,1.0,2.0,2.0,2.0,0.0,1.0,1.0,2.0,0.0,0.0,0.0,2.0,1.0,0.0,0.0,6.0,1.0,1.0,4.0,1.0,3.0,0.0,1.0,1.0,1.0,0.0,1.0,3.0,2.0,3.0,0.0,0.0,0.0,2.0,1.0,1.0,1.0,2.0,3.0,0.0,0.0,0.0,1.0,1.0,2.0,2.0,2.0,1.0,1.0,4.0,1.0,2.0,1.0,1.0,0.0,1.0,0.0,3.0,2.0,1.0,2.0,0.0,1.0,1.0,0.0,3.0,0.0,1.0,3.0,1.0,0.0,1.0,1.0,1.0,1.0,2.0,1.0,4.0,0.0,3.0,4.0,2.0,5.0,0.0,1.0,2.0,2.0,1.0,1.0,3.0,2.0,1.0,0.0,1.0,2.0,1.0,0.0,1.0,2.0,2.0,1.0,2.0,1.0,1.0,0.0,2.0,2.0,0.0,8.0,1.0,3.0,2.0,1.0,1.0,3.0,2.0,1.0,3.0,0.0,0.0,2.0,0.0,2.0,0.0,4.0,1.0,3.0,3.0,2.0,1.0,4.0,2.0,3.0,2.0,3.0,0.0,1.0,3.0,5.0,22.0,2.0,0.0,1.0,6.0,2.0,0.0,2.0,2.0,4.0,2.0,1.0,0.0,3.0,0.0,2.0,0.0,1.0,1.0,2.0,2.0,3.0,3.0,0.0,3.0,2.0,3.0,2.0,4.0,2.0,0.0,15.0,2.0,3.0,1.0,1.0,1.0,4.0,2.0,2.0,3.0,1.0,1.0,0.0,0.0,1.0,1.0,0.0,2.0,1.0,3.0,2.0,3.0,1.0,2.0,1.0,0.0,4.0,4.0,0.0,1.0,1.0,11.0,2.0,1.0,2.0,1.0,2.0,3.0,2.0,3.0,3.0,0.0,1.0,2.0,3.0,0.0,0.0,1.0,2.0,3.0,0.0,3.0,0.0,0.0,2.0,1.0,2.0,2.0,2.0,5.0,1.0,0.0,5.0,0.0,1.0,0.0,3.0,4.0,1.0,1.0,0.0,3.0,0.0,0.0,3.0,2.0,1.0,0.0,2.0,2.0,0.0,3.0,3.0,1.0,1.0,1.0,2.0,0.0,3.0,1.0,3.0,1.0,0.0,10.0,1.0,1.0,4.0,3.0,2.0,1.0,1.0,2.0,0.0,1.0,1.0,1.0,4.0,1.0,0.0,4.0,0.0,2.0,1.0,2.0,3.0,0.0,0.0,1.0,2.0,1.0,1.0,1.0,3.0,1.0,11.0,0.0,2.0,2.0,1.0,0.0,2.0,1.0,1.0,4.0,1.0,1.0,1.0,3.0,2.0,4.0,0.0,1.0,0.0,0.0,1.0,2.0,0.0,0.0,0.0,2.0,1.0,2.0,0.0,0.0,1.0,9.0,0
3,2640.227936821324,197510.77865000002,2.1830844247723022,265.9818393045723,0.1633723221223221,0.08101244588744588,6.12,0.059654620508707075,19.0,0.0,5.0,3.0,5.0,1.0,2.0,1.0,4.0,1.0,0.0,1.0,2.0,5.0,3.0,2.0,3.0,1.0,1.0,2.0,1.0,2.0,1.0,1.0,1.0,4.0,6.0,2.0,1.0,2.0,0.0,15.0,1.0,4.0,2.0,1.0,2.0,1.0,2.0,0.0,0.0,0.0,2.0,1.0,1.0,1.0,1.0,4.0,2.0,2.0,1.0,2.0,0.0,2.0,3.0,1.0,4.0,2.0,0.0,2.0,3.0,2.0,16.0,3.0,1.0,0.0,4.0,1.0,2.0,1.0,0.0,1.0,3.0,2.0,1.0,0.0,0.0,1.0,1.0,0.0,3.0,2.0,3.0,2.0,0.0,0.0,1.0,2.0,1.0,3.0,2.0,3.0,3.0,13.0,3.0,1.0,1.0,0.0,1.0,0.0,0.0,1.0,1.0,2.0,1.0,0.0,0.0,1.0,1.0,1.0,2.0,1.0,1.0,1.0,3.0,4.0,1.0,1.0,1.0,1.0,3.0,1.0,1.0,2.0,14.0,2.0,2.0,0.0,0.0,1.0,2.0,0.0,3.0,3.0,1.0,0.0,2.0,3.0,1.0,0.0,3.0,3.0,3.0,1.0,1.0,4.0,2.0,2.0,3.0,2.0,1.0,3.0,1.0,1.0,0.0,13.0,1.0,2.0,2.0,2.0,1.0,3.0,2.0,0.0,1.0,1.0,1.0,2.0,1.0,0.0,1.0,2.0,0.0,3.0,1.0,2.0,3.0,1.0,1.0,2.0,0.0,1.0,4.0,1.0,2.0,0.0,6.0,1.0,1.0,0.0,3.0,2.0,1.0,4.0,2.0,1.0,1.0,1.0,0.0,2.0,1.0,0.0,2.0,3.0,0.0,3.0,1.0,3.0,2.0,0.0,1.0,2.0,1.0,0.0,1.0,1.0,1.0,15.0,0.0,2.0,1.0,2.0,1.0,0.0,3.0,0.0,0.0,0.0,1.0,3.0,1.0,1.0,1.0,0.0,2.0,2.0,2.0,2.0,2.0,1.0,4.0,0.0,2.0,3.0,1.0,0.0,0.0,1.0,10.0,1.0,2.0,2.0,0.0,0.0,2.0,1.0,1.0,4.0,0.0,1.0,0.0,1.0,2.0,0.0,2.0,4.0,0.0,0.0,0.0,0.0,2.0,2.0,0.0,1.0,1.0,1.0,0.0,0.0,0.0,6.0,1.0,1.0,1.0,1.0,2.0,0.0,2.0,1.0,0.0,1.0,0.0,0.0,0.0,0.0,2.0,1.0,0.0,2.0,1.0,0.0,0.0,3.0,2.0,0.0,2.0,1.0,4.0,0.0,1.0,0.0,14.0,3.0,0.0,2.0,3.0,1.0,1.0,0.0,1.0,0.0,0.0,2.0,2.0,2.0,0.0,3.0,0.0,0.0,0.0,1.0,2.0,2.0,1.0,1.0,2.0,1.0,1.0,0.0,2.0,2.0,0.0,11.0,2.0,2.0,1.0,2.0,0.0,1.0,0.0,2.0,0.0,0.0,1.0,2.0,2.0,0.0,3.0,1.0,3.0,2.0,0.0,0.0,1.0,0.0,0.0,3.0,0.0,2.0,2.0,2.0,0.0,1.0,24.0,0.0,1.0,2.0,3.0,4.0,2.0,3.0,2.0,0.0,3.0,2.0,1.0,2.0,3.0,4.0,0.0,3.0,1.0,4.0,3.0,1.0,0.0,1.0,3.0,1.0,2.0,0.0,2.0,1.0,2.0,11.0,0.0,1.0,0.0,1.0,1.0,0.0,4.0,0.0,2.0,3.0,2.0,1.0,2.0,1.0,4.0,2.0,1.0,0.0,0.0,1.0,4.0,2.0,1.0,1.0,1.0,0.0,0.0,3.0,2.0,2.0,15.0,1.0,0.0,3.0,4.0,1.0,1.0,1.0,4.0,0.0,2.0,3.0,0.0,3.0,4.0,1.0,3.0,2.0,1.0,0.0,0.0,1.0,1.0,0.0,1.0,0.0,4.0,1.0,0.0,0.0,1.0,9.0,1.0,1.0,0.0,1.0,0.0,2.0,2.0,1.0,4.0,2.0,2.0,0.0,0.0,0.0,0.0,0.0,2.0,1.0,1.0,2.0,2.0,1.0,1.0,1.0,1.0,1.0,1.0,0.0,1.0,1.0,9.0,0.0,0.0,1.0,0.0,0.0,1.0,3.0,2.0,1.0,1.0,2.0,2.0,0.0,2.0,1.0,1.0,2.0,1.0,4.0,0.0,2.0,2.0,1.0,1.0,0.0,2.0,2.0,2.0,3.0,2.0,17.0,0.0,1.0,0.0,2.0,2.0,1.0,2.0,1.0,3.0,5.0,3.0,2.0,1.0,1.0,1.0,4.0,3.0,0.0,0.0,0.0,1.0,1.0,0.0,1.0,3.0,3.0,1.0,0.0,1.0,1.0,5.0,0.0,1.0,0.0,2.0,0.0,1.0,1.0,2.0,1.0,1.0,2.0,4.0,1.0,1.0,1.0,2.0,0.0,0.0,2.0,0.0,0.0,0.0,0.0,1.0,4.0,1.0,0.0,0.0,0.0,1.0,7.0,0.0,0.0,2.0,0.0,2.0,5.0,3.0,2.0,0.0,1.0,3.0,0.0,0.0,0.0,4.0,2.0,2.0,1.0,2.0,0.0,0.0,1.0,1.0,1.0,4.0,2.0,0.0,2.0,2.0,0.0,8.0,2.0,0.0,1.0,2.0,2.0,0.0,1.0,0.0,1.0,3.0,0.0,0.0,0.0,4.0,3.0,1.0,1.0,0.0,1.0,2.0,0.0,0.0,1.0,3.0,0.0,0.0,3.0,2.0,1.0,0.0,9.0,2.0,1.0,1.0,0.0,0.0,0.0,0.0,1.0,5.0,1.0,1.0,1.0,2.0,3.0,1.0,3.0,0.0,0.0,2.0,2.0,1.0,0.0,1.0,2.0,2.0,1.0,0.0,1.0,3.0,3.0,13.0,6.0,4.0,0.0,2.0,0.0,0.0,2.0,3.0,2.0,1.0,1.0,0.0,1.0,0.0,2.0,1.0,1.0,1.0,1.0,1.0,2.0,2.0,2.0,1.0,2.0,2.0,2.0,0.0,1.0,4.0,13.0,0.0,0.0,2.0,4.0,3.0,0.0,1.0,2.0,2.0,1.0,2.0,4.0,2.0,1.0,1.0,2.0,2.0,3.0,3.0,1.0,1.0,2.0,1.0,2.0,3.0,1.0,3.0,1.0,2.0,0.0,16.0,1.0,1.0,1.0,2.0,2.0,7.0,2.0,3.0,0.0,2.0,3.0,1.0,5.0,1.0,2.0,1.0,2.0,2.0,2.0,1.0,0.0,2.0,3.0,1.0,0.0,4.0,0.0,1.0,2.0,4.0,19.0,1.0,0.0,2.0,1.0,1.0,2.0,2.0,1.0,1.0,0.0,4.0,2.0,1.0,1.0,2.0,2.0,3.0,0.0,1.0,2.0,3.0,1.0,2.0,3.0,0.0,0.0,1.0,3.0,2.0,3.0,11.0,1.0,0.0,3.0,3.0,3.0,1.0,2.0,0.0,0.0,2.0,1.0,0.0,1.0,2.0,1.0,2.0,3.0,3.0,0.0,0.0,3.0,3.0,2.0,2.0,1.0,2.0,1.0,1.0,1.0,1.0,15.0,3.0,0.0,3.0,1.0,0.0,2.0,2.0,2.0,3.0,2.0,2.0,0.0,3.0,1.0,3.0,1.0,0.0,0.0,1.0,3.0,1.0,1.0,1.0,0.0,2.0,1.0,1.0,3.0,0.0,0.0,19.0,1.0,4.0,3.0,2.0,0.0,3.0,1.0,1.0,0.0,1.0,0.0,1.0,1.0,1.0,1.0,2.0,4.0,0.0,1.0,1.0,1.0,2.0,1.0,1.0,0.0,2.0,1.0,1.0,1.0,1.0,12.0,0
4,2270.1808225337295,134530.89147368426,1.9924348574955493,423.1622963430198,0.19598719993456842,0.11205665971455445,3.8,-0.02607933037535345,13.0,4.0,4.0,8.0,2.0,2.0,1.0,3.0,5.0,1.0,2.0,2.0,2.0,1.0,2.0,1.0,1.0,2.0,2.0,5.0,1.0,1.0,2.0,2.0,1.0,2.0,8.0,1.0,2.0,2.0,1.0,6.0,0.0,3.0,4.0,1.0,0.0,2.0,5.0,1.0,4.0,1.0,3.0,1.0,3.0,2.0,1.0,1.0,2.0,2.0,2.0,0.0,3.0,1.0,0.0,3.0,2.0,1.0,4.0,3.0,6.0,2.0,8.0,1.0,0.0,1.0,4.0,0.0,0.0,2.0,1.0,1.0,2.0,0.0,2.0,2.0,1.0,2.0,1.0,1.0,0.0,0.0,1.0,0.0,0.0,4.0,0.0,2.0,1.0,2.0,4.0,2.0,1.0,14.0,2.0,1.0,0.0,2.0,3.0,2.0,0.0,1.0,1.0,0.0,2.0,1.0,1.0,1.0,1.0,2.0,1.0,1.0,1.0,2.0,2.0,2.0,2.0,1.0,1.0,0.0,2.0,1.0,2.0,2.0,8.0,2.0,2.0,0.0,0.0,2.0,1.0,1.0,2.0,0.0,1.0,1.0,0.0,1.0,3.0,1.0,0.0,1.0,1.0,1.0,0.0,2.0,0.0,3.0,0.0,2.0,3.0,3.0,0.0,0.0,0.0,2.0,1.0,1.0,1.0,0.0,2.0,0.0,1.0,1.0,0.0,1.0,0.0,0.0,1.0,0.0,1.0,1.0,1.0,0.0,2.0,1.0,1.0,0.0,1.0,2.0,2.0,3.0,2.0,0.0,0.0,0.0,2.0,1.0,3.0,0.0,0.0,0.0,2.0,1.0,0.0,1.0,0.0,1.0,0.0,2.0,2.0,0.0,1.0,1.0,2.0,0.0,0.0,1.0,1.0,1.0,1.0,2.0,3.0,0.0,2.0,2.0,1.0,12.0,1.0,1.0,1.0,2.0,3.0,2.0,1.0,0.0,1.0,1.0,0.0,2.0,0.0,0.0,2.0,2.0,4.0,0.0,1.0,1.0,1.0,4.0,1.0,3.0,1.0,1.0,2.0,1.0,3.0,2.0,11.0,1.0,3.0,2.0,0.0,0.0,3.0,1.0,2.0,0.0,0.0,0.0,0.0,3.0,1.0,1.0,1.0,1.0,1.0,4.0,0.0,2.0,2.0,2.0,1.0,1.0,1.0,1.0,1.0,2.0,0.0,3.0,1.0,1.0,1.0,1.0,0.0,1.0,0.0,0.0,1.0,0.0,2.0,1.0,1.0,0.0,0.0,4.0,1.0,1.0,1.0,0.0,1.0,6.0,1.0,1.0,0.0,1.0,1.0,0.0,1.0,1.0,10.0,1.0,2.0,1.0,0.0,1.0,0.0,1.0,0.0,0.0,1.0,0.0,2.0,3.0,2.0,1.0,0.0,1.0,3.0,1.0,1.0,2.0,2.0,2.0,2.0,0.0,0.0,1.0,1.0,2.0,0.0,3.0,1.0,1.0,2.0,2.0,0.0,0.0,3.0,0.0,0.0,1.0,0.0,1.0,2.0,1.0,2.0,0.0,1.0,0.0,1.0,2.0,1.0,2.0,1.0,3.0,1.0,2.0,2.0,4.0,2.0,1.0,10.0,0.0,0.0,0.0,0.0,1.0,0.0,3.0,2.0,0.0,0.0,1.0,2.0,1.0,4.0,4.0,1.0,2.0,1.0,1.0,2.0,0.0,1.0,0.0,0.0,2.0,0.0,1.0,0.0,1.0,3.0,3.0,0.0,0.0,0.0,1.0,0.0,0.0,1.0,1.0,0.0,2.0,1.0,1.0,1.0,0.0,1.0,0.0,4.0,1.0,1.0,0.0,3.0,0.0,2.0,2.0,2.0,0.0,0.0,0.0,1.0,0.0,8.0,1.0,0.0,2.0,1.0,2.0,1.0,1.0,3.0,0.0,2.0,0.0,0.0,2.0,1.0,1.0,0.0,3.0,1.0,2.0,0.0,1.0,1.0,1.0,2.0,1.0,0.0,1.0,0.0,1.0,1.0,6.0,1.0,0.0,0.0,0.0,0.0,1.0,1.0,2.0,4.0,1.0,1.0,1.0,0.0,1.0,2.0,1.0,2.0,0.0,1.0,1.0,0.0,0.0,1.0,0.0,1.0,1.0,1.0,0.0,1.0,1.0,2.0,0.0,0.0,3.0,0.0,2.0,0.0,0.0,0.0,1.0,1.0,3.0,0.0,0.0,2.0,0.0,1.0,1.0,0.0,2.0,0.0,0.0,0.0,0.0,0.0,1.0,1.0,0.0,0.0,1.0,0.0,4.0,0.0,2.0,1.0,1.0,0.0,1.0,4.0,2.0,1.0,1.0,1.0,1.0,2.0,2.0,1.0,4.0,3.0,0.0,1.0,2.0,1.0,0.0,0.0,1.0,0.0,2.0,1.0,0.0,0.0,0.0,6.0,0.0,0.0,0.0,2.0,1.0,7.0,0.0,1.0,1.0,2.0,0.0,2.0,0.0,3.0,3.0,2.0,0.0,2.0,2.0,0.0,0.0,0.0,0.0,0.0,0.0,1.0,0.0,1.0,0.0,1.0,8.0,4.0,0.0,5.0,2.0,3.0,0.0,1.0,0.0,1.0,0.0,1.0,2.0,1.0,1.0,0.0,1.0,0.0,1.0,2.0,1.0,1.0,2.0,0.0,3.0,1.0,1.0,0.0,1.0,1.0,0.0,1.0,0.0,1.0,2.0,2.0,0.0,3.0,1.0,1.0,0.0,0.0,0.0,1.0,1.0,4.0,0.0,0.0,2.0,1.0,0.0,0.0,0.0,3.0,0.0,1.0,1.0,1.0,1.0,0.0,1.0,1.0,3.0,0.0,1.0,2.0,0.0,0.0,0.0,2.0,0.0,8.0,1.0,1.0,1.0,0.0,1.0,0.0,1.0,0.0,1.0,1.0,1.0,0.0,0.0,1.0,2.0,1.0,2.0,1.0,0.0,2.0,0.0,8.0,2.0,1.0,3.0,1.0,2.0,2.0,2.0,5.0,1.0,1.0,0.0,1.0,0.0,1.0,1.0,1.0,0.0,2.0,1.0,2.0,1.0,2.0,0.0,2.0,0.0,2.0,2.0,2.0,1.0,1.0,13.0,0.0,1.0,0.0,0.0,2.0,2.0,1.0,3.0,1.0,3.0,0.0,0.0,2.0,4.0,1.0,3.0,4.0,0.0,3.0,0.0,1.0,3.0,2.0,0.0,5.0,2.0,1.0,1.0,2.0,1.0,10.0,3.0,1.0,1.0,1.0,1.0,2.0,2.0,1.0,1.0,1.0,1.0,0.0,2.0,1.0,1.0,2.0,1.0,2.0,2.0,1.0,0.0,2.0,2.0,4.0,0.0,1.0,1.0,1.0,1.0,2.0,15.0,1.0,0.0,3.0,2.0,5.0,1.0,1.0,1.0,0.0,0.0,2.0,0.0,3.0,2.0,3.0,0.0,1.0,1.0,1.0,1.0,1.0,2.0,2.0,1.0,3.0,1.0,0.0,0.0,2.0,2.0,10.0,0.0,2.0,0.0,4.0,2.0,0.0,0.0,0.0,0.0,1.0,4.0,2.0,1.0,1.0,1.0,2.0,1.0,2.0,0.0,4.0,1.0,0.0,1.0,0.0,1.0,4.0,2.0,0.0,0.0,2.0,11.0,1.0,0.0,1.0,4.0,3.0,0.0,0.0,3.0,0.0,0.0,0.0,0.0,1.0,5.0,2.0,0.0,2.0,3.0,0.0,0.0,2.0,1.0,0.0,1.0,2.0,1.0,2.0,1.0,1.0,2.0,8.0,0.0,7.0,0.0,0.0,1.0,2.0,0.0,0.0,1.0,1.0,0.0,0.0,1.0,2.0,1.0,1.0,0.0,0.0,1.0,1.0,0.0,1.0,2.0,0.0,1.0,0.0,3.0,2.0,3.0,0.0,8.0,0
5,2623.633084664368,139409.31065,2.0599077976932048,275.15715205790934,0.1786686369186369,0.15349301346801347,3.61,-0.03566559703034854,10.0,5.0,1.0,1.0,2.0,2.0,1.0,2.0,2.0,2.0,5.0,4.0,2.0,4.0,3.0,2.0,3.0,1.0,0.0,0.0,2.0,3.0,3.0,3.0,2.0,2.0,3.0,1.0,2.0,3.0,3.0,10.0,2.0,2.0,4.0,1.0,1.0,2.0,2.0,4.0,1.0,2.0,2.0,2.0,2.0,1.0,2.0,6.0,1.0,3.0,4.0,6.0,2.0,2.0,3.0,0.0,2.0,4.0,3.0,3.0,5.0,2.0,3.0,0.0,1.0,1.0,0.0,2.0,2.0,1.0,0.0,0.0,2.0,0.0,0.0,2.0,0.0,0.0,0.0,0.0,0.0,1.0,1.0,1.0,0.0,3.0,4.0,2.0,0.0,1.0,2.0,1.0,0.0,7.0,0.0,2.0,1.0,3.0,3.0,1.0,2.0,0.0,3.0,1.0,2.0,0.0,0.0,2.0,1.0,4.0,1.0,1.0,1.0,3.0,1.0,6.0,5.0,1.0,1.0,0.0,1.0,4.0,1.0,2.0,3.0,2.0,2.0,2.0,2.0,1.0,0.0,0.0,0.0,1.0,0.0,3.0,0.0,2.0,0.0,3.0,1.0,2.0,1.0,3.0,2.0,1.0,1.0,0.0,0.0,1.0,2.0,4.0,1.0,2.0,1.0,6.0,1.0,2.0,2.0,1.0,2.0,1.0,0.0,0.0,1.0,0.0,2.0,3.0,1.0,0.0,1.0,0.0,1.0,0.0,2.0,1.0,0.0,2.0,2.0,0.0,5.0,2.0,0.0,0.0,1.0,1.0,6.0,2.0,2.0,0.0,0.0,2.0,4.0,1.0,1.0,0.0,0.0,0.0,1.0,1.0,1.0,0.0,2.0,3.0,1.0,1.0,1.0,0.0,2.0,2.0,2.0,3.0,2.0,2.0,1.0,1.0,1.0,12.0,1.0,1.0,0.0,1.0,4.0,1.0,2.0,0.0,0.0,3.0,2.0,1.0,0.0,0.0,0.0,2.0,0.0,2.0,4.0,0.0,0.0,1.0,2.0,2.0,1.0,1.0,4.0,1.0,3.0,1.0,14.0,0.0,1.0,0.0,1.0,2.0,2.0,1.0,1.0,0.0,0.0,1.0,0.0,1.0,2.0,2.0,2.0,2.0,0.0,2.0,0.0,1.0,3.0,3.0,1.0,2.0,0.0,2.0,0.0,0.0,1.0,6.0,1.0,3.0,1.0,1.0,0.0,1.0,0.0,1.0,0.0,0.0,1.0,1.0,1.0,5.0,1.0,0.0,1.0,1.0,2.0,0.0,3.0,5.0,1.0,2.0,1.0,4.0,0.0,0.0,2.0,1.0,3.0,0.0,0.0,0.0,0.0,0.0,1.0,1.0,3.0,1.0,2.0,0.0,1.0,3.0,2.0,1.0,1.0,0.0,0.0,0.0,0.0,2.0,1.0,3.0,1.0,0.0,1.0,0.0,0.0,0.0,1.0,3.0,1.0,1.0,1.0,1.0,1.0,1.0,1.0,1.0,2.0,1.0,1.0,3.0,3.0,1.0,2.0,0.0,3.0,1.0,3.0,2.0,1.0,5.0,1.0,2.0,1.0,1.0,1.0,0.0,1.0,3.0,12.0,0.0,1.0,2.0,1.0,0.0,3.0,3.0,2.0,5.0,3.0,0.0,2.0,2.0,3.0,2.0,5.0,3.0,3.0,2.0,0.0,1.0,0.0,2.0,0.0,0.0,1.0,0.0,1.0,1.0,1.0,5.0,2.0,1.0,0.0,0.0,0.0,2.0,1.0,0.0,1.0,3.0,0.0,2.0,4.0,0.0,1.0,1.0,2.0,3.0,2.0,2.0,1.0,1.0,3.0,3.0,0.0,2.0,1.0,2.0,0.0,3.0,2.0,2.0,0.0,1.0,0.0,0.0,0.0,1.0,1.0,1.0,3.0,1.0,0.0,3.0,2.0,0.0,2.0,0.0,0.0,2.0,1.0,1.0,0.0,0.0,1.0,0.0,0.0,1.0,1.0,2.0,1.0,3.0,1.0,3.0,0.0,3.0,2.0,3.0,0.0,3.0,1.0,1.0,2.0,1.0,0.0,0.0,1.0,0.0,1.0,0.0,0.0,0.0,4.0,2.0,0.0,2.0,0.0,1.0,2.0,0.0,2.0,0.0,0.0,1.0,0.0,0.0,0.0,1.0,0.0,0.0,3.0,2.0,2.0,1.0,0.0,1.0,2.0,6.0,0.0,3.0,3.0,0.0,1.0,0.0,0.0,6.0,0.0,1.0,2.0,2.0,2.0,0.0,2.0,10.0,1.0,1.0,0.0,2.0,1.0,2.0,0.0,1.0,3.0,0.0,2.0,1.0,1.0,3.0,0.0,0.0,1.0,0.0,1.0,3.0,0.0,1.0,1.0,0.0,2.0,2.0,0.0,1.0,0.0,2.0,0.0,1.0,0.0,1.0,0.0,0.0,0.0,1.0,0.0,2.0,1.0,0.0,1.0,4.0,1.0,2.0,0.0,0.0,2.0,3.0,2.0,0.0,1.0,1.0,1.0,0.0,1.0,5.0,2.0,1.0,2.0,15.0,1.0,6.0,1.0,2.0,2.0,0.0,0.0,2.0,1.0,0.0,1.0,1.0,0.0,3.0,1.0,0.0,0.0,1.0,2.0,0.0,1.0,1.0,2.0,1.0,1.0,0.0,1.0,3.0,0.0,1.0,4.0,2.0,4.0,1.0,0.0,0.0,1.0,0.0,1.0,2.0,1.0,4.0,2.0,1.0,3.0,1.0,1.0,0.0,3.0,1.0,2.0,0.0,3.0,0.0,2.0,0.0,1.0,3.0,1.0,3.0,2.0,9.0,0.0,3.0,1.0,3.0,3.0,2.0,2.0,0.0,4.0,1.0,1.0,0.0,0.0,5.0,1.0,0.0,0.0,1.0,2.0,0.0,2.0,2.0,4.0,2.0,0.0,0.0,0.0,0.0,1.0,3.0,8.0,0.0,1.0,3.0,1.0,1.0,0.0,0.0,5.0,2.0,0.0,2.0,3.0,1.0,1.0,2.0,2.0,1.0,3.0,2.0,5.0,1.0,1.0,1.0,2.0,1.0,1.0,1.0,2.0,2.0,2.0,9.0,2.0,4.0,0.0,2.0,2.0,1.0,4.0,1.0,1.0,0.0,6.0,0.0,1.0,2.0,2.0,0.0,6.0,1.0,3.0,0.0,1.0,1.0,1.0,1.0,1.0,1.0,1.0,1.0,1.0,3.0,15.0,2.0,3.0,1.0,1.0,0.0,2.0,3.0,4.0,2.0,0.0,1.0,0.0,3.0,0.0,2.0,1.0,0.0,4.0,0.0,1.0,0.0,0.0,2.0,0.0,3.0,1.0,1.0,3.0,2.0,3.0,4.0,1.0,2.0,3.0,2.0,3.0,4.0,2.0,3.0,0.0,1.0,3.0,1.0,1.0,0.0,0.0,2.0,1.0,1.0,2.0,1.0,1.0,2.0,1.0,4.0,1.0,3.0,2.0,2.0,4.0,2.0,3.0,2.0,1.0,0.0,0.0,1.0,2.0,2.0,1.0,1.0,4.0,0.0,1.0,3.0,0.0,2.0,7.0,1.0,0.0,3.0,2.0,1.0,2.0,3.0,0.0,0.0,0.0,1.0,0.0,0.0,1.0,9.0,0.0,2.0,1.0,1.0,2.0,3.0,1.0,1.0,1.0,0.0,1.0,2.0,1.0,3.0,1.0,1.0,5.0,0.0,0.0,1.0,1.0,2.0,0.0,0.0,0.0,0.0,3.0,1.0,1.0,3.0,4.0,0.0,2.0,1.0,1.0,0.0,0.0,1.0,1.0,0.0,0.0,0.0,1.0,0.0,1.0,0.0,0.0,2.0,1.0,2.0,1.0,1.0,2.0,1.0,0.0,1.0,2.0,1.0,1.0,3.0,0.0,3.0,0
6,2706.2671771057485,164702.40830000004,2.0514380393005704,353.6283109663814,0.17900063825063825,0.11317893680393679,3.75,-0.03468380376378604,12.0,4.0,2.0,1.0,3.0,0.0,1.0,2.0,3.0,3.0,1.0,1.0,5.0,1.0,2.0,3.0,1.0,0.0,3.0,0.0,1.0,1.0,4.0,2.0,1.0,4.0,5.0,2.0,2.0,3.0,2.0,6.0,3.0,4.0,4.0,1.0,1.0,1.0,3.0,2.0,3.0,0.0,0.0,1.0,4.0,0.0,1.0,3.0,1.0,1.0,3.0,1.0,0.0,2.0,1.0,4.0,2.0,1.0,3.0,1.0,4.0,3.0,4.0,2.0,1.0,0.0,1.0,2.0,0.0,1.0,5.0,1.0,2.0,0.0,1.0,1.0,0.0,0.0,1.0,1.0,2.0,0.0,5.0,0.0,1.0,1.0,2.0,1.0,0.0,4.0,3.0,2.0,0.0,9.0,2.0,0.0,2.0,1.0,4.0,2.0,2.0,0.0,4.0,0.0,2.0,0.0,1.0,2.0,1.0,2.0,1.0,1.0,2.0,1.0,3.0,2.0,4.0,0.0,1.0,0.0,2.0,0.0,1.0,0.0,4.0,0.0,4.0,2.0,4.0,4.0,1.0,1.0,1.0,0.0,2.0,1.0,1.0,0.0,1.0,1.0,1.0,2.0,2.0,1.0,2.0,1.0,1.0,2.0,1.0,2.0,1.0,1.0,1.0,1.0,0.0,1.0,0.0,0.0,1.0,2.0,0.0,1.0,3.0,1.0,0.0,0.0,1.0,1.0,0.0,0.0,1.0,1.0,1.0,0.0,0.0,0.0,3.0,0.0,1.0,0.0,1.0,1.0,1.0,2.0,1.0,0.0,5.0,1.0,3.0,1.0,2.0,1.0,2.0,2.0,0.0,0.0,0.0,0.0,1.0,3.0,3.0,0.0,3.0,2.0,4.0,2.0,0.0,0.0,2.0,1.0,2.0,2.0,1.0,2.0,0.0,0.0,1.0,9.0,2.0,0.0,0.0,1.0,2.0,0.0,1.0,0.0,0.0,2.0,0.0,1.0,0.0,2.0,2.0,1.0,2.0,4.0,2.0,3.0,0.0,1.0,5.0,3.0,3.0,1.0,1.0,0.0,3.0,2.0,6.0,1.0,0.0,1.0,1.0,1.0,1.0,2.0,0.0,2.0,0.0,0.0,1.0,0.0,0.0,3.0,1.0,1.0,1.0,3.0,1.0,2.0,4.0,2.0,1.0,3.0,0.0,1.0,2.0,2.0,0.0,3.0,2.0,0.0,4.0,0.0,1.0,0.0,1.0,1.0,1.0,1.0,2.0,1.0,0.0,0.0,1.0,1.0,1.0,5.0,0.0,0.0,2.0,1.0,1.0,0.0,1.0,0.0,3.0,0.0,0.0,5.0,4.0,0.0,0.0,0.0,3.0,1.0,0.0,2.0,0.0,0.0,1.0,1.0,1.0,1.0,5.0,2.0,0.0,1.0,2.0,1.0,1.0,1.0,0.0,0.0,3.0,0.0,1.0,0.0,0.0,0.0,0.0,5.0,1.0,0.0,1.0,0.0,2.0,0.0,1.0,1.0,2.0,1.0,0.0,2.0,4.0,1.0,3.0,0.0,2.0,0.0,0.0,3.0,0.0,2.0,5.0,0.0,1.0,2.0,2.0,2.0,1.0,4.0,8.0,1.0,3.0,3.0,1.0,3.0,1.0,2.0,0.0,4.0,3.0,1.0,1.0,2.0,2.0,5.0,1.0,1.0,2.0,2.0,0.0,2.0,3.0,1.0,0.0,2.0,1.0,0.0,1.0,0.0,2.0,2.0,0.0,1.0,0.0,1.0,0.0,1.0,0.0,0.0,2.0,1.0,1.0,2.0,0.0,1.0,0.0,2.0,1.0,1.0,2.0,2.0,2.0,1.0,2.0,2.0,1.0,2.0,1.0,2.0,0.0,1.0,1.0,2.0,1.0,0.0,1.0,2.0,1.0,0.0,0.0,3.0,1.0,0.0,3.0,1.0,3.0,2.0,1.0,0.0,1.0,0.0,1.0,1.0,3.0,0.0,2.0,1.0,0.0,0.0,2.0,1.0,0.0,4.0,1.0,2.0,0.0,0.0,1.0,0.0,1.0,3.0,1.0,1.0,1.0,2.0,0.0,0.0,1.0,1.0,0.0,1.0,1.0,1.0,1.0,1.0,2.0,0.0,1.0,0.0,1.0,0.0,1.0,1.0,8.0,0.0,0.0,0.0,0.0,2.0,0.0,1.0,2.0,0.0,1.0,2.0,1.0,1.0,2.0,5.0,0.0,3.0,0.0,0.0,0.0,0.0,1.0,0.0,0.0,3.0,0.0,0.0,0.0,1.0,1.0,8.0,1.0,4.0,1.0,1.0,0.0,0.0,1.0,1.0,0.0,1.0,0.0,2.0,0.0,1.0,0.0,1.0,2.0,2.0,1.0,0.0,1.0,0.0,0.0,0.0,1.0,1.0,2.0,0.0,0.0,0.0,2.0,1.0,1.0,0.0,2.0,2.0,3.0,1.0,0.0,2.0,1.0,0.0,2.0,1.0,3.0,0.0,0.0,0.0,4.0,0.0,0.0,1.0,0.0,2.0,4.0,0.0,1.0,2.0,0.0,0.0,0.0,2.0,1.0,2.0,3.0,1.0,2.0,0.0,0.0,2.0,1.0,1.0,0.0,1.0,1.0,0.0,1.0,2.0,1.0,1.0,1.0,1.0,3.0,5.0,1.0,1.0,0.0,0.0,1.0,2.0,0.0,0.0,4.0,2.0,1.0,0.0,1.0,1.0,3.0,4.0,0.0,0.0,1.0,2.0,2.0,2.0,0.0,1.0,0.0,0.0,1.0,2.0,0.0,1.0,2.0,1.0,0.0,0.0,0.0,2.0,3.0,0.0,1.0,8.0,1.0,3.0,0.0,1.0,0.0,0.0,0.0,3.0,2.0,3.0,4.0,4.0,3.0,4.0,0.0,1.0,1.0,0.0,3.0,0.0,2.0,1.0,2.0,2.0,1.0,0.0,1.0,1.0,0.0,0.0,5.0,4.0,1.0,2.0,0.0,3.0,2.0,1.0,4.0,2.0,2.0,2.0,1.0,0.0,0.0,1.0,1.0,0.0,1.0,1.0,1.0,2.0,3.0,2.0,2.0,0.0,0.0,1.0,3.0,1.0,2.0,7.0,1.0,5.0,5.0,1.0,1.0,0.0,1.0,2.0,2.0,1.0,0.0,0.0,1.0,1.0,2.0,1.0,2.0,0.0,2.0,0.0,5.0,1.0,1.0,1.0,1.0,0.0,1.0,0.0,2.0,7.0,9.0,3.0,2.0,2.0,4.0,1.0,4.0,4.0,0.0,3.0,1.0,1.0,4.0,1.0,1.0,0.0,2.0,0.0,3.0,3.0,0.0,1.0,2.0,0.0,1.0,4.0,2.0,3.0,1.0,0.0,1.0,13.0,0.0,3.0,2.0,0.0,5.0,2.0,2.0,1.0,1.0,0.0,1.0,1.0,0.0,1.0,1.0,0.0,3.0,3.0,2.0,2.0,0.0,2.0,1.0,1.0,1.0,2.0,3.0,1.0,0.0,3.0,6.0,2.0,2.0,3.0,3.0,1.0,3.0,2.0,0.0,1.0,1.0,2.0,1.0,2.0,1.0,0.0,5.0,4.0,2.0,0.0,2.0,1.0,2.0,2.0,2.0,0.0,3.0,1.0,3.0,0.0,2.0,13.0,2.0,3.0,2.0,0.0,2.0,1.0,2.0,4.0,0.0,3.0,1.0,2.0,0.0,1.0,1.0,1.0,1.0,0.0,0.0,1.0,2.0,3.0,1.0,0.0,2.0,1.0,1.0,0.0,2.0,1.0,7.0,0.0,3.0,2.0,4.0,2.0,2.0,0.0,0.0,3.0,1.0,1.0,2.0,1.0,1.0,2.0,0.0,0.0,1.0,0.0,1.0,0.0,0.0,1.0,2.0,1.0,1.0,2.0,1.0,1.0,0.0,3.0,0
7,2775.153002935048,180376.50595000002,2.1230286167774977,264.10340401330916,0.186682831057831,0.1015988335738336,4.05,-0.0065935647667538224,29.0,2.0,5.0,4.0,3.0,3.0,5.0,5.0,3.0,0.0,1.0,2.0,5.0,1.0,3.0,2.0,3.0,2.0,0.0,4.0,2.0,2.0,1.0,2.0,2.0,3.0,1.0,1.0,3.0,1.0,1.0,18.0,1.0,1.0,5.0,2.0,3.0,0.0,1.0,6.0,2.0,4.0,4.0,1.0,2.0,2.0,3.0,2.0,1.0,0.0,0.0,2.0,2.0,4.0,2.0,2.0,4.0,1.0,1.0,4.0,5.0,4.0,16.0,0.0,1.0,0.0,1.0,2.0,0.0,0.0,2.0,1.0,0.0,0.0,0.0,3.0,1.0,0.0,1.0,0.0,1.0,0.0,2.0,1.0,0.0,5.0,1.0,4.0,2.0,3.0,3.0,1.0,1.0,16.0,1.0,3.0,0.0,0.0,4.0,0.0,2.0,1.0,2.0,1.0,4.0,0.0,1.0,2.0,2.0,2.0,2.0,1.0,3.0,3.0,2.0,2.0,1.0,0.0,1.0,4.0,3.0,3.0,2.0,3.0,16.0,0.0,3.0,1.0,1.0,1.0,1.0,1.0,0.0,3.0,3.0,0.0,0.0,0.0,0.0,0.0,1.0,4.0,0.0,2.0,5.0,2.0,3.0,0.0,1.0,1.0,0.0,2.0,0.0,2.0,0.0,12.0,0.0,2.0,1.0,2.0,3.0,0.0,2.0,0.0,6.0,1.0,1.0,4.0,0.0,0.0,0.0,1.0,1.0,3.0,2.0,1.0,1.0,0.0,0.0,2.0,3.0,1.0,2.0,2.0,3.0,1.0,19.0,2.0,1.0,1.0,0.0,0.0,0.0,0.0,1.0,0.0,3.0,0.0,0.0,2.0,1.0,0.0,4.0,4.0,4.0,2.0,2.0,2.0,1.0,0.0,2.0,3.0,0.0,1.0,3.0,1.0,1.0,12.0,3.0,1.0,1.0,1.0,5.0,3.0,0.0,1.0,0.0,2.0,1.0,0.0,0.0,0.0,2.0,2.0,1.0,0.0,3.0,1.0,1.0,0.0,2.0,3.0,1.0,3.0,0.0,1.0,0.0,0.0,16.0,0.0,1.0,1.0,2.0,1.0,4.0,2.0,0.0,3.0,0.0,1.0,1.0,1.0,0.0,1.0,3.0,3.0,3.0,1.0,1.0,1.0,2.0,2.0,1.0,0.0,1.0,1.0,1.0,1.0,0.0,12.0,1.0,1.0,4.0,1.0,2.0,1.0,1.0,0.0,1.0,0.0,2.0,1.0,2.0,1.0,0.0,1.0,0.0,2.0,2.0,3.0,1.0,6.0,1.0,1.0,2.0,2.0,1.0,2.0,2.0,2.0,16.0,2.0,0.0,0.0,2.0,2.0,1.0,2.0,0.0,0.0,1.0,0.0,1.0,0.0,0.0,2.0,0.0,0.0,2.0,1.0,2.0,1.0,0.0,1.0,1.0,0.0,0.0,1.0,0.0,2.0,1.0,5.0,1.0,2.0,0.0,2.0,0.0,1.0,2.0,2.0,0.0,0.0,2.0,1.0,6.0,0.0,2.0,0.0,1.0,2.0,5.0,0.0,0.0,2.0,2.0,1.0,0.0,4.0,1.0,2.0,0.0,0.0,31.0,3.0,1.0,1.0,5.0,4.0,2.0,3.0,3.0,4.0,1.0,1.0,5.0,6.0,2.0,1.0,2.0,4.0,4.0,4.0,2.0,2.0,4.0,1.0,2.0,1.0,1.0,1.0,1.0,0.0,1.0,13.0,0.0,1.0,0.0,1.0,1.0,1.0,0.0,2.0,0.0,2.0,3.0,1.0,0.0,2.0,1.0,1.0,3.0,1.0,1.0,7.0,0.0,1.0,4.0,3.0,1.0,1.0,1.0,0.0,1.0,1.0,12.0,0.0,2.0,1.0,1.0,0.0,0.0,3.0,0.0,1.0,3.0,0.0,0.0,3.0,3.0,1.0,1.0,3.0,0.0,1.0,1.0,0.0,1.0,1.0,0.0,1.0,3.0,2.0,2.0,1.0,0.0,14.0,0.0,0.0,3.0,1.0,1.0,1.0,1.0,1.0,0.0,3.0,4.0,0.0,1.0,1.0,3.0,3.0,3.0,0.0,1.0,0.0,3.0,0.0,2.0,2.0,0.0,2.0,1.0,1.0,0.0,1.0,10.0,0.0,1.0,0.0,0.0,2.0,1.0,1.0,4.0,2.0,1.0,2.0,1.0,0.0,3.0,1.0,2.0,4.0,0.0,1.0,1.0,1.0,1.0,0.0,0.0,1.0,2.0,1.0,0.0,1.0,2.0,13.0,0.0,2.0,1.0,3.0,0.0,3.0,1.0,2.0,3.0,1.0,5.0,0.0,0.0,1.0,1.0,1.0,0.0,0.0,0.0,0.0,0.0,0.0,1.0,1.0,4.0,0.0,0.0,1.0,2.0,1.0,14.0,1.0,4.0,2.0,4.0,0.0,2.0,1.0,1.0,2.0,1.0,2.0,2.0,3.0,1.0,3.0,2.0,1.0,2.0,1.0,1.0,0.0,0.0,1.0,0.0,2.0,0.0,1.0,0.0,1.0,0.0,11.0,0.0,1.0,0.0,2.0,1.0,1.0,0.0,0.0,2.0,1.0,5.0,1.0,0.0,0.0,1.0,1.0,1.0,0.0,1.0,1.0,1.0,0.0,0.0,2.0,0.0,1.0,0.0,0.0,0.0,0.0,9.0,3.0,2.0,1.0,2.0,3.0,1.0,0.0,1.0,2.0,0.0,3.0,4.0,0.0,1.0,1.0,1.0,0.0,1.0,3.0,1.0,2.0,3.0,1.0,3.0,0.0,1.0,1.0,2.0,2.0,0.0,10.0,1.0,4.0,1.0,1.0,5.0,1.0,0.0,0.0,2.0,1.0,2.0,1.0,1.0,0.0,1.0,0.0,1.0,0.0,3.0,2.0,1.0,0.0,1.0,0.0,3.0,2.0,0.0,2.0,3.0,1.0,19.0,3.0,2.0,3.0,0.0,1.0,3.0,4.0,2.0,2.0,1.0,0.0,2.0,2.0,2.0,2.0,0.0,0.0,2.0,3.0,5.0,3.0,3.0,1.0,2.0,2.0,1.0,2.0,0.0,2.0,2.0,22.0,1.0,0.0,3.0,3.0,1.0,1.0,0.0,3.0,0.0,1.0,3.0,3.0,4.0,3.0,2.0,1.0,1.0,2.0,5.0,4.0,3.0,0.0,1.0,2.0,5.0,0.0,2.0,0.0,4.0,1.0,23.0,1.0,0.0,1.0,3.0,3.0,3.0,1.0,2.0,2.0,2.0,4.0,0.0,1.0,5.0,0.0,3.0,1.0,4.0,1.0,1.0,1.0,1.0,2.0,3.0,2.0,1.0,1.0,3.0,0.0,1.0,25.0,2.0,1.0,3.0,3.0,4.0,0.0,1.0,3.0,1.0,2.0,3.0,2.0,2.0,2.0,0.0,0.0,2.0,1.0,1.0,3.0,0.0,3.0,1.0,0.0,1.0,3.0,0.0,2.0,1.0,1.0,16.0,2.0,3.0,3.0,3.0,2.0,0.0,1.0,2.0,0.0,0.0,1.0,2.0,2.0,1.0,1.0,4.0,1.0,1.0,3.0,0.0,0.0,3.0,1.0,0.0,0.0,2.0,1.0,1.0,2.0,0.0,19.0,1.0,1.0,2.0,4.0,4.0,2.0,0.0,1.0,2.0,2.0,2.0,2.0,1.0,1.0,1.0,4.0,1.0,1.0,1.0,3.0,1.0,1.0,0.0,1.0,1.0,1.0,0.0,2.0,4.0,2.0,15.0,0.0,5.0,2.0,2.0,1.0,1.0,4.0,0.0,1.0,1.0,2.0,2.0,0.0,4.0,1.0,1.0,2.0,2.0,1.0,1.0,0.0,3.0,2.0,1.0,2.0,3.0,3.0,0.0,2.0,0.0,18.0,0
8,1844.6770659909555,89145.76039999998,1.940772334651531,334.5148959193111,0.22466269841269854,0.1502825378325378,3.85,-0.04469146150361007,27.0,1.0,3.0,4.0,3.0,3.0,4.0,0.0,5.0,1.0,1.0,2.0,3.0,1.0,3.0,3.0,2.0,7.0,1.0,4.0,2.0,2.0,6.0,1.0,3.0,3.0,2.0,2.0,2.0,1.0,2.0,17.0,0.0,3.0,1.0,1.0,1.0,1.0,6.0,2.0,4.0,4.0,2.0,1.0,1.0,0.0,4.0,2.0,3.0,3.0,1.0,3.0,3.0,4.0,1.0,0.0,1.0,2.0,1.0,1.0,3.0,1.0,7.0,0.0,1.0,1.0,1.0,3.0,1.0,3.0,1.0,5.0,0.0,1.0,2.0,4.0,1.0,4.0,0.0,1.0,1.0,0.0,0.0,2.0,0.0,4.0,0.0,2.0,1.0,3.0,2.0,2.0,2.0,12.0,2.0,2.0,1.0,0.0,3.0,0.0,1.0,1.0,3.0,0.0,1.0,1.0,0.0,3.0,1.0,6.0,0.0,1.0,2.0,1.0,2.0,1.0,1.0,2.0,0.0,1.0,2.0,0.0,2.0,4.0,7.0,0.0,1.0,1.0,2.0,0.0,0.0,1.0,0.0,0.0,3.0,1.0,0.0,2.0,3.0,0.0,2.0,0.0,1.0,1.0,1.0,2.0,2.0,0.0,3.0,2.0,3.0,3.0,1.0,1.0,0.0,4.0,1.0,0.0,3.0,2.0,0.0,0.0,2.0,0.0,2.0,0.0,1.0,2.0,1.0,0.0,0.0,1.0,1.0,0.0,0.0,1.0,2.0,0.0,0.0,0.0,1.0,2.0,0.0,0.0,0.0,0.0,6.0,2.0,0.0,0.0,0.0,1.0,1.0,1.0,1.0,1.0,0.0,0.0,2.0,3.0,3.0,0.0,1.0,2.0,1.0,1.0,3.0,2.0,2.0,0.0,2.0,1.0,3.0,2.0,0.0,0.0,1.0,6.0,0.0,1.0,2.0,1.0,1.0,0.0,2.0,0.0,1.0,1.0,0.0,0.0,0.0,0.0,0.0,5.0,1.0,2.0,2.0,1.0,0.0,0.0,4.0,0.0,1.0,2.0,2.0,0.0,1.0,1.0,7.0,1.0,1.0,0.0,0.0,1.0,2.0,0.0,2.0,0.0,0.0,1.0,0.0,4.0,2.0,0.0,1.0,3.0,3.0,4.0,1.0,2.0,1.0,1.0,2.0,0.0,4.0,0.0,2.0,0.0,0.0,5.0,2.0,1.0,1.0,0.0,1.0,1.0,0.0,0.0,1.0,0.0,1.0,1.0,2.0,3.0,3.0,1.0,2.0,0.0,0.0,2.0,3.0,5.0,1.0,0.0,1.0,1.0,0.0,1.0,0.0,2.0,5.0,0.0,3.0,1.0,0.0,0.0,1.0,1.0,2.0,0.0,2.0,0.0,1.0,2.0,3.0,2.0,0.0,0.0,1.0,0.0,3.0,1.0,1.0,0.0,1.0,2.0,1.0,0.0,3.0,0.0,3.0,5.0,2.0,1.0,1.0,0.0,0.0,0.0,1.0,2.0,0.0,0.0,1.0,1.0,0.0,2.0,1.0,1.0,0.0,3.0,2.0,5.0,2.0,3.0,0.0,1.0,0.0,2.0,1.0,2.0,2.0,1.0,16.0,2.0,3.0,0.0,6.0,1.0,5.0,2.0,2.0,3.0,2.0,4.0,1.0,1.0,2.0,2.0,1.0,1.0,4.0,2.0,0.0,0.0,0.0,0.0,0.0,1.0,2.0,1.0,0.0,1.0,4.0,5.0,0.0,0.0,0.0,1.0,1.0,0.0,1.0,1.0,1.0,0.0,0.0,0.0,0.0,2.0,2.0,0.0,6.0,4.0,3.0,1.0,3.0,1.0,2.0,1.0,1.0,1.0,3.0,2.0,2.0,1.0,11.0,0.0,2.0,0.0,0.0,1.0,0.0,1.0,1.0,0.0,3.0,0.0,1.0,0.0,2.0,1.0,4.0,1.0,0.0,3.0,3.0,0.0,1.0,0.0,1.0,0.0,1.0,1.0,0.0,1.0,1.0,1.0,1.0,2.0,2.0,0.0,0.0,0.0,0.0,1.0,1.0,0.0,1.0,2.0,0.0,0.0,3.0,4.0,1.0,0.0,1.0,1.0,2.0,1.0,3.0,0.0,3.0,1.0,1.0,2.0,2.0,2.0,7.0,0.0,0.0,0.0,3.0,0.0,2.0,0.0,1.0,0.0,0.0,0.0,0.0,0.0,4.0,6.0,0.0,2.0,2.0,2.0,0.0,1.0,0.0,0.0,0.0,0.0,1.0,3.0,2.0,2.0,0.0,16.0,0.0,1.0,3.0,3.0,0.0,2.0,1.0,1.0,1.0,2.0,1.0,1.0,1.0,2.0,3.0,2.0,0.0,1.0,3.0,1.0,0.0,0.0,0.0,0.0,4.0,0.0,1.0,1.0,0.0,1.0,8.0,1.0,2.0,0.0,0.0,2.0,2.0,1.0,2.0,2.0,2.0,3.0,5.0,2.0,4.0,1.0,1.0,0.0,1.0,2.0,1.0,0.0,0.0,1.0,2.0,0.0,2.0,1.0,1.0,1.0,2.0,8.0,1.0,0.0,1.0,0.0,0.0,1.0,1.0,1.0,1.0,0.0,2.0,1.0,0.0,1.0,2.0,0.0,0.0,1.0,2.0,0.0,1.0,2.0,3.0,2.0,1.0,0.0,0.0,1.0,2.0,1.0,5.0,3.0,2.0,1.0,2.0,0.0,1.0,1.0,0.0,0.0,4.0,4.0,1.0,0.0,1.0,0.0,0.0,0.0,0.0,2.0,1.0,0.0,2.0,0.0,1.0,0.0,2.0,0.0,0.0,1.0,3.0,4.0,0.0,5.0,0.0,1.0,3.0,1.0,0.0,0.0,3.0,2.0,1.0,2.0,3.0,2.0,0.0,3.0,0.0,2.0,2.0,1.0,3.0,1.0,3.0,0.0,0.0,1.0,0.0,0.0,0.0,0.0,11.0,2.0,1.0,3.0,1.0,0.0,0.0,0.0,4.0,2.0,2.0,1.0,3.0,1.0,1.0,0.0,0.0,1.0,3.0,0.0,2.0,0.0,3.0,2.0,2.0,1.0,0.0,1.0,2.0,3.0,2.0,13.0,2.0,1.0,3.0,0.0,3.0,1.0,1.0,2.0,2.0,3.0,0.0,3.0,2.0,1.0,0.0,2.0,1.0,1.0,2.0,1.0,2.0,0.0,0.0,2.0,3.0,0.0,1.0,1.0,1.0,0.0,11.0,2.0,0.0,0.0,1.0,1.0,1.0,1.0,0.0,3.0,0.0,0.0,2.0,2.0,1.0,2.0,1.0,1.0,5.0,0.0,0.0,1.0,3.0,3.0,1.0,0.0,2.0,0.0,3.0,1.0,1.0,5.0,0.0,1.0,1.0,0.0,2.0,2.0,4.0,0.0,0.0,2.0,1.0,1.0,0.0,2.0,0.0,2.0,3.0,2.0,1.0,2.0,1.0,3.0,3.0,0.0,0.0,3.0,0.0,2.0,1.0,1.0,8.0,0.0,0.0,0.0,2.0,0.0,2.0,1.0,1.0,1.0,0.0,1.0,3.0,2.0,0.0,1.0,5.0,1.0,1.0,1.0,1.0,0.0,1.0,2.0,0.0,2.0,1.0,1.0,0.0,0.0,1.0,12.0,2.0,1.0,0.0,0.0,1.0,0.0,1.0,1.0,1.0,1.0,1.0,3.0,0.0,0.0,0.0,1.0,1.0,1.0,1.0,1.0,3.0,1.0,0.0,0.0,0.0,2.0,0.0,2.0,2.0,2.0,3.0,1.0,1.0,1.0,4.0,2.0,0.0,1.0,0.0,1.0,0.0,0.0,0.0,0.0,2.0,0.0,0.0,3.0,1.0,1.0,0.0,2.0,0.0,0.0,0.0,1.0,3.0,0.0,0.0,2.0,0.0,9.0,0
9,2385.164239318183,140559.79095,2.073403897278709,340.0251011441261,0.19768534243534244,0.1302627825877826,4.06,-0.02169628835577215,14.0,0.0,2.0,2.0,1.0,2.0,0.0,1.0,3.0,2.0,0.0,1.0,2.0,5.0,4.0,1.0,1.0,3.0,1.0,4.0,1.0,4.0,2.0,2.0,0.0,0.0,4.0,1.0,2.0,0.0,3.0,8.0,2.0,3.0,1.0,4.0,0.0,1.0,6.0,2.0,3.0,2.0,2.0,4.0,1.0,2.0,0.0,2.0,3.0,7.0,0.0,1.0,2.0,3.0,4.0,1.0,3.0,3.0,3.0,0.0,2.0,5.0,8.0,2.0,0.0,0.0,0.0,1.0,2.0,1.0,0.0,3.0,1.0,1.0,0.0,2.0,0.0,1.0,1.0,2.0,0.0,0.0,1.0,1.0,3.0,1.0,0.0,3.0,0.0,0.0,3.0,1.0,1.0,5.0,1.0,0.0,1.0,0.0,0.0,4.0,4.0,1.0,0.0,0.0,6.0,2.0,0.0,2.0,2.0,2.0,3.0,1.0,1.0,1.0,2.0,1.0,0.0,0.0,2.0,0.0,0.0,1.0,0.0,0.0,4.0,0.0,0.0,3.0,1.0,0.0,0.0,0.0,3.0,0.0,2.0,1.0,0.0,0.0,1.0,2.0,1.0,2.0,0.0,1.0,1.0,1.0,2.0,1.0,0.0,0.0,3.0,5.0,2.0,1.0,0.0,7.0,0.0,1.0,0.0,3.0,5.0,0.0,3.0,3.0,0.0,1.0,4.0,3.0,0.0,1.0,1.0,1.0,1.0,0.0,0.0,0.0,0.0,4.0,1.0,1.0,0.0,0.0,0.0,1.0,1.0,0.0,3.0,3.0,1.0,2.0,3.0,0.0,3.0,1.0,0.0,1.0,0.0,1.0,0.0,1.0,0.0,1.0,0.0,2.0,2.0,0.0,0.0,0.0,2.0,0.0,5.0,2.0,0.0,0.0,1.0,5.0,1.0,2.0,0.0,1.0,0.0,0.0,3.0,1.0,1.0,0.0,2.0,1.0,0.0,3.0,2.0,0.0,2.0,1.0,5.0,2.0,2.0,2.0,1.0,1.0,2.0,2.0,2.0,2.0,3.0,1.0,1.0,1.0,7.0,2.0,1.0,3.0,2.0,0.0,1.0,0.0,1.0,2.0,4.0,2.0,1.0,0.0,1.0,1.0,1.0,1.0,1.0,3.0,2.0,0.0,2.0,2.0,2.0,1.0,1.0,2.0,0.0,1.0,1.0,5.0,2.0,0.0,5.0,0.0,1.0,1.0,0.0,1.0,3.0,4.0,1.0,0.0,0.0,2.0,2.0,1.0,1.0,0.0,1.0,3.0,1.0,4.0,0.0,1.0,0.0,1.0,2.0,2.0,1.0,2.0,4.0,2.0,1.0,3.0,2.0,0.0,1.0,2.0,0.0,2.0,2.0,2.0,2.0,3.0,0.0,1.0,1.0,0.0,0.0,1.0,1.0,4.0,1.0,0.0,0.0,1.0,1.0,2.0,2.0,0.0,0.0,4.0,1.0,0.0,1.0,3.0,1.0,0.0,1.0,2.0,2.0,2.0,1.0,2.0,1.0,0.0,0.0,0.0,1.0,0.0,1.0,3.0,1.0,1.0,1.0,0.0,2.0,0.0,0.0,3.0,2.0,4.0,8.0,4.0,3.0,0.0,0.0,0.0,1.0,4.0,0.0,3.0,2.0,1.0,4.0,6.0,2.0,3.0,1.0,0.0,5.0,3.0,2.0,1.0,0.0,1.0,0.0,2.0,2.0,2.0,0.0,0.0,3.0,10.0,0.0,0.0,0.0,1.0,1.0,0.0,3.0,3.0,1.0,2.0,1.0,3.0,2.0,0.0,0.0,1.0,3.0,4.0,1.0,2.0,0.0,2.0,0.0,2.0,0.0,1.0,0.0,1.0,1.0,1.0,6.0,2.0,3.0,0.0,1.0,2.0,1.0,2.0,2.0,2.0,2.0,1.0,3.0,3.0,1.0,1.0,2.0,4.0,1.0,3.0,1.0,0.0,2.0,1.0,0.0,0.0,1.0,0.0,2.0,0.0,1.0,3.0,1.0,1.0,2.0,0.0,4.0,1.0,1.0,1.0,0.0,0.0,2.0,0.0,1.0,0.0,0.0,3.0,1.0,2.0,0.0,0.0,0.0,0.0,2.0,0.0,0.0,1.0,2.0,0.0,0.0,2.0,2.0,0.0,0.0,2.0,0.0,0.0,1.0,1.0,2.0,1.0,0.0,0.0,2.0,1.0,1.0,3.0,1.0,3.0,0.0,3.0,0.0,2.0,1.0,0.0,2.0,1.0,0.0,1.0,1.0,0.0,1.0,11.0,3.0,1.0,1.0,3.0,0.0,1.0,1.0,1.0,2.0,1.0,1.0,0.0,2.0,2.0,2.0,1.0,1.0,0.0,0.0,2.0,4.0,1.0,1.0,1.0,2.0,0.0,4.0,0.0,1.0,0.0,6.0,0.0,2.0,1.0,0.0,1.0,2.0,3.0,1.0,4.0,1.0,0.0,1.0,1.0,2.0,3.0,0.0,2.0,5.0,4.0,3.0,0.0,4.0,1.0,0.0,1.0,0.0,4.0,0.0,0.0,2.0,5.0,1.0,1.0,2.0,1.0,3.0,4.0,2.0,3.0,1.0,0.0,2.0,1.0,0.0,2.0,2.0,2.0,1.0,1.0,0.0,3.0,2.0,1.0,2.0,2.0,2.0,1.0,0.0,0.0,3.0,0.0,8.0,2.0,1.0,0.0,2.0,2.0,1.0,1.0,1.0,1.0,2.0,2.0,2.0,0.0,3.0,1.0,2.0,1.0,1.0,1.0,3.0,1.0,1.0,1.0,0.0,4.0,0.0,2.0,0.0,2.0,1.0,8.0,1.0,1.0,1.0,2.0,2.0,2.0,2.0,0.0,3.0,2.0,0.0,2.0,1.0,1.0,0.0,3.0,1.0,2.0,2.0,0.0,1.0,1.0,1.0,0.0,0.0,1.0,1.0,0.0,4.0,0.0,6.0,4.0,0.0,2.0,1.0,0.0,1.0,2.0,0.0,0.0,1.0,1.0,3.0,1.0,1.0,1.0,3.0,0.0,1.0,1.0,1.0,1.0,3.0,0.0,3.0,1.0,1.0,1.0,1.0,1.0,3.0,13.0,2.0,2.0,1.0,1.0,1.0,1.0,3.0,5.0,2.0,2.0,0.0,4.0,0.0,2.0,2.0,1.0,0.0,3.0,2.0,2.0,1.0,0.0,0.0,1.0,3.0,1.0,0.0,3.0,3.0,0.0,15.0,0.0,0.0,1.0,2.0,1.0,0.0,2.0,2.0,3.0,0.0,1.0,0.0,0.0,1.0,2.0,1.0,0.0,3.0,2.0,1.0,2.0,0.0,2.0,2.0,3.0,3.0,0.0,0.0,3.0,1.0,13.0,1.0,1.0,1.0,1.0,2.0,2.0,0.0,2.0,0.0,1.0,1.0,1.0,1.0,1.0,0.0,2.0,3.0,1.0,2.0,1.0,1.0,4.0,0.0,0.0,1.0,3.0,2.0,0.0,0.0,0.0,7.0,1.0,1.0,2.0,0.0,3.0,2.0,0.0,2.0,5.0,0.0,4.0,3.0,2.0,0.0,1.0,2.0,1.0,2.0,1.0,1.0,0.0,0.0,1.0,1.0,1.0,3.0,0.0,1.0,0.0,0.0,7.0,1.0,1.0,2.0,1.0,1.0,0.0,0.0,2.0,3.0,2.0,1.0,1.0,1.0,0.0,1.0,3.0,1.0,1.0,0.0,4.0,3.0,1.0,0.0,3.0,1.0,0.0,0.0,0.0,1.0,0.0,5.0,0.0,0.0,1.0,0.0,0.0,0.0,2.0,2.0,0.0,1.0,1.0,1.0,0.0,0.0,0.0,3.0,0.0,1.0,1.0,0.0,1.0,1.0,0.0,0.0,0.0,1.0,2.0,0.0,0.0,0.0,1.0,0
11,2488.6986158812783,101688.03389999998,2.048774317950768,280.43363319411924,0.19851787101787097,0.15285562863062865,3.55,-0.046156075592945225,30.0,2.0,3.0,5.0,3.0,2.0,1.0,2.0,4.0,2.0,2.0,1.0,2.0,1.0,3.0,4.0,4.0,2.0,3.0,2.0,8.0,4.0,5.0,1.0,2.0,4.0,2.0,4.0,2.0,4.0,4.0,14.0,2.0,8.0,3.0,3.0,1.0,6.0,4.0,3.0,2.0,5.0,3.0,2.0,4.0,4.0,2.0,3.0,1.0,1.0,3.0,2.0,2.0,3.0,3.0,2.0,1.0,3.0,2.0,2.0,5.0,4.0,9.0,1.0,2.0,1.0,1.0,1.0,0.0,2.0,1.0,1.0,5.0,2.0,3.0,2.0,0.0,1.0,0.0,2.0,2.0,2.0,2.0,1.0,2.0,2.0,2.0,1.0,1.0,4.0,3.0,2.0,0.0,9.0,0.0,2.0,2.0,1.0,0.0,0.0,1.0,3.0,1.0,0.0,4.0,2.0,1.0,1.0,2.0,2.0,1.0,3.0,1.0,3.0,5.0,2.0,1.0,2.0,1.0,2.0,2.0,2.0,1.0,0.0,8.0,0.0,1.0,0.0,5.0,0.0,1.0,1.0,1.0,1.0,1.0,0.0,2.0,0.0,1.0,0.0,0.0,4.0,1.0,4.0,1.0,1.0,0.0,0.0,0.0,2.0,3.0,2.0,0.0,2.0,1.0,5.0,0.0,0.0,2.0,0.0,0.0,0.0,2.0,1.0,1.0,0.0,3.0,2.0,0.0,0.0,2.0,3.0,5.0,2.0,0.0,1.0,2.0,3.0,1.0,1.0,1.0,3.0,0.0,2.0,2.0,2.0,1.0,0.0,0.0,2.0,0.0,0.0,3.0,0.0,0.0,0.0,0.0,1.0,0.0,1.0,0.0,0.0,1.0,0.0,0.0,1.0,1.0,0.0,0.0,2.0,2.0,1.0,1.0,1.0,0.0,2.0,0.0,9.0,2.0,0.0,1.0,0.0,3.0,2.0,0.0,1.0,0.0,1.0,0.0,1.0,4.0,3.0,0.0,4.0,2.0,2.0,1.0,1.0,2.0,1.0,2.0,5.0,1.0,1.0,1.0,1.0,1.0,2.0,8.0,1.0,3.0,0.0,4.0,2.0,1.0,2.0,1.0,1.0,1.0,4.0,1.0,0.0,0.0,0.0,0.0,2.0,0.0,0.0,0.0,2.0,8.0,3.0,0.0,0.0,1.0,1.0,0.0,0.0,1.0,2.0,1.0,2.0,0.0,0.0,2.0,1.0,0.0,0.0,1.0,2.0,1.0,0.0,1.0,3.0,2.0,2.0,1.0,1.0,1.0,0.0,3.0,4.0,0.0,2.0,0.0,0.0,0.0,1.0,0.0,1.0,7.0,1.0,3.0,3.0,0.0,1.0,0.0,1.0,1.0,0.0,1.0,2.0,6.0,2.0,0.0,0.0,1.0,1.0,1.0,2.0,1.0,4.0,3.0,2.0,1.0,0.0,0.0,1.0,0.0,2.0,1.0,6.0,1.0,0.0,0.0,0.0,1.0,1.0,2.0,2.0,0.0,0.0,0.0,1.0,2.0,1.0,2.0,1.0,3.0,1.0,3.0,5.0,5.0,5.0,2.0,2.0,2.0,0.0,3.0,2.0,3.0,2.0,11.0,1.0,13.0,2.0,2.0,4.0,1.0,1.0,3.0,0.0,1.0,2.0,2.0,2.0,2.0,2.0,1.0,3.0,4.0,7.0,1.0,0.0,0.0,1.0,0.0,1.0,0.0,0.0,0.0,0.0,2.0,6.0,1.0,0.0,0.0,1.0,0.0,1.0,0.0,2.0,1.0,0.0,1.0,1.0,1.0,4.0,0.0,1.0,4.0,5.0,2.0,0.0,1.0,2.0,1.0,4.0,1.0,3.0,1.0,0.0,4.0,2.0,8.0,0.0,1.0,2.0,5.0,1.0,2.0,3.0,3.0,0.0,1.0,1.0,2.0,4.0,2.0,4.0,3.0,1.0,3.0,0.0,0.0,1.0,0.0,2.0,1.0,2.0,0.0,2.0,4.0,0.0,2.0,7.0,2.0,0.0,1.0,0.0,1.0,0.0,2.0,0.0,0.0,1.0,1.0,0.0,2.0,1.0,3.0,3.0,1.0,0.0,1.0,0.0,0.0,1.0,0.0,0.0,3.0,2.0,1.0,0.0,2.0,1.0,6.0,3.0,0.0,1.0,0.0,1.0,0.0,0.0,1.0,0.0,2.0,1.0,2.0,0.0,2.0,0.0,3.0,0.0,0.0,2.0,0.0,3.0,2.0,1.0,3.0,1.0,2.0,1.0,0.0,1.0,0.0,4.0,0.0,1.0,2.0,2.0,1.0,2.0,2.0,0.0,0.0,0.0,3.0,1.0,3.0,3.0,1.0,2.0,1.0,0.0,0.0,2.0,1.0,3.0,0.0,1.0,6.0,0.0,1.0,0.0,0.0,1.0,2.0,0.0,0.0,1.0,1.0,1.0,3.0,1.0,2.0,1.0,2.0,1.0,3.0,0.0,1.0,2.0,0.0,0.0,0.0,1.0,1.0,3.0,0.0,0.0,2.0,2.0,1.0,0.0,0.0,1.0,2.0,6.0,0.0,5.0,1.0,1.0,1.0,3.0,4.0,0.0,2.0,2.0,1.0,4.0,1.0,0.0,1.0,0.0,1.0,3.0,1.0,1.0,1.0,3.0,0.0,2.0,2.0,2.0,3.0,0.0,0.0,0.0,5.0,3.0,1.0,2.0,3.0,1.0,1.0,0.0,0.0,0.0,4.0,7.0,2.0,3.0,4.0,2.0,0.0,0.0,1.0,0.0,0.0,1.0,1.0,0.0,2.0,0.0,1.0,2.0,1.0,2.0,1.0,7.0,0.0,2.0,2.0,2.0,2.0,3.0,1.0,2.0,2.0,4.0,2.0,1.0,0.0,5.0,1.0,1.0,0.0,1.0,4.0,0.0,3.0,0.0,3.0,3.0,0.0,0.0,3.0,2.0,0.0,0.0,8.0,3.0,0.0,0.0,1.0,1.0,1.0,2.0,2.0,1.0,1.0,2.0,2.0,3.0,2.0,1.0,2.0,0.0,0.0,2.0,2.0,2.0,2.0,0.0,0.0,0.0,3.0,1.0,3.0,1.0,2.0,12.0,5.0,1.0,2.0,0.0,1.0,0.0,5.0,2.0,3.0,3.0,3.0,1.0,1.0,2.0,1.0,2.0,4.0,2.0,3.0,1.0,1.0,1.0,0.0,1.0,4.0,2.0,0.0,1.0,2.0,0.0,5.0,1.0,3.0,0.0,2.0,1.0,3.0,1.0,4.0,1.0,1.0,1.0,1.0,0.0,2.0,0.0,1.0,0.0,3.0,1.0,2.0,1.0,0.0,2.0,2.0,3.0,1.0,0.0,0.0,0.0,1.0,9.0,0.0,2.0,1.0,4.0,3.0,2.0,2.0,0.0,1.0,1.0,0.0,1.0,2.0,1.0,1.0,1.0,5.0,0.0,0.0,0.0,2.0,1.0,3.0,2.0,0.0,0.0,0.0,4.0,3.0,2.0,4.0,2.0,1.0,3.0,1.0,1.0,0.0,2.0,1.0,2.0,2.0,3.0,2.0,1.0,0.0,1.0,4.0,1.0,4.0,2.0,3.0,0.0,0.0,1.0,1.0,5.0,1.0,0.0,0.0,0.0,0.0,8.0,1.0,2.0,1.0,2.0,2.0,2.0,0.0,1.0,1.0,0.0,0.0,1.0,0.0,1.0,4.0,2.0,2.0,1.0,0.0,2.0,0.0,1.0,0.0,0.0,1.0,1.0,4.0,1.0,4.0,2.0,7.0,0.0,3.0,4.0,8.0,1.0,0.0,1.0,3.0,0.0,1.0,1.0,3.0,0.0,2.0,1.0,4.0,1.0,0.0,1.0,1.0,2.0,0.0,1.0,2.0,1.0,4.0,1.0,2.0,2.0,0.0,6.0,0
12,3141.3266528410873,172448.7795500001,2.3017262458484873,218.01050262448427,0.14725350264630438,0.09204475709475707,3.89,0.014402836056859032,19.0,7.0,2.0,0.0,6.0,3.0,3.0,1.0,2.0,1.0,2.0,4.0,4.0,3.0,7.0,2.0,4.0,2.0,2.0,5.0,0.0,6.0,2.0,4.0,3.0,2.0,3.0,5.0,2.0,2.0,2.0,13.0,3.0,2.0,3.0,4.0,3.0,1.0,5.0,3.0,2.0,5.0,3.0,6.0,4.0,2.0,1.0,4.0,3.0,5.0,2.0,2.0,2.0,2.0,4.0,5.0,2.0,4.0,0.0,3.0,4.0,6.0,10.0,2.0,0.0,1.0,0.0,1.0,4.0,2.0,1.0,2.0,1.0,0.0,2.0,1.0,1.0,1.0,3.0,0.0,0.0,2.0,0.0,2.0,1.0,4.0,1.0,4.0,2.0,1.0,1.0,4.0,3.0,12.0,0.0,2.0,0.0,0.0,1.0,1.0,2.0,0.0,2.0,2.0,1.0,1.0,2.0,2.0,5.0,2.0,2.0,3.0,1.0,2.0,3.0,1.0,2.0,2.0,0.0,3.0,7.0,1.0,0.0,0.0,14.0,0.0,1.0,1.0,1.0,3.0,3.0,0.0,1.0,1.0,2.0,3.0,2.0,1.0,2.0,1.0,1.0,0.0,1.0,0.0,1.0,1.0,0.0,1.0,1.0,1.0,1.0,3.0,1.0,0.0,4.0,7.0,1.0,1.0,1.0,2.0,0.0,3.0,4.0,0.0,3.0,0.0,3.0,2.0,0.0,0.0,1.0,1.0,6.0,4.0,3.0,0.0,2.0,1.0,2.0,2.0,4.0,5.0,1.0,1.0,1.0,1.0,8.0,3.0,1.0,1.0,0.0,2.0,2.0,2.0,0.0,0.0,3.0,2.0,1.0,0.0,1.0,3.0,3.0,2.0,4.0,3.0,3.0,0.0,0.0,3.0,5.0,2.0,2.0,2.0,0.0,3.0,1.0,8.0,1.0,0.0,2.0,0.0,7.0,1.0,1.0,1.0,1.0,0.0,0.0,0.0,3.0,1.0,0.0,2.0,2.0,1.0,0.0,2.0,0.0,2.0,7.0,2.0,3.0,0.0,1.0,1.0,2.0,1.0,22.0,1.0,1.0,1.0,3.0,1.0,4.0,2.0,2.0,0.0,2.0,2.0,3.0,1.0,1.0,1.0,2.0,2.0,2.0,1.0,1.0,1.0,4.0,2.0,2.0,3.0,1.0,1.0,2.0,0.0,0.0,11.0,0.0,2.0,0.0,2.0,3.0,0.0,0.0,2.0,2.0,3.0,0.0,0.0,2.0,7.0,2.0,2.0,3.0,0.0,2.0,4.0,2.0,10.0,1.0,1.0,1.0,0.0,2.0,3.0,0.0,3.0,6.0,0.0,4.0,1.0,3.0,1.0,2.0,0.0,1.0,0.0,1.0,0.0,1.0,2.0,4.0,1.0,0.0,1.0,0.0,0.0,1.0,4.0,0.0,0.0,0.0,1.0,1.0,0.0,0.0,4.0,1.0,7.0,2.0,2.0,0.0,2.0,0.0,3.0,1.0,0.0,2.0,0.0,1.0,1.0,4.0,3.0,3.0,1.0,6.0,0.0,7.0,5.0,1.0,2.0,4.0,5.0,0.0,2.0,3.0,5.0,2.0,1.0,33.0,3.0,2.0,3.0,2.0,3.0,0.0,0.0,1.0,1.0,4.0,3.0,3.0,4.0,5.0,5.0,4.0,5.0,1.0,3.0,1.0,1.0,1.0,0.0,1.0,1.0,1.0,0.0,1.0,0.0,3.0,13.0,0.0,0.0,0.0,1.0,0.0,1.0,1.0,1.0,1.0,2.0,5.0,2.0,4.0,2.0,3.0,2.0,9.0,1.0,2.0,2.0,0.0,1.0,0.0,0.0,3.0,3.0,4.0,5.0,3.0,1.0,13.0,3.0,1.0,1.0,1.0,3.0,2.0,2.0,1.0,4.0,6.0,0.0,1.0,3.0,3.0,2.0,3.0,3.0,3.0,3.0,0.0,4.0,0.0,2.0,1.0,0.0,0.0,0.0,3.0,0.0,2.0,8.0,1.0,1.0,2.0,1.0,1.0,0.0,1.0,0.0,2.0,5.0,0.0,1.0,1.0,2.0,1.0,3.0,3.0,2.0,1.0,0.0,2.0,3.0,0.0,2.0,5.0,2.0,4.0,1.0,1.0,0.0,9.0,0.0,3.0,0.0,3.0,3.0,0.0,2.0,1.0,0.0,0.0,1.0,2.0,2.0,2.0,4.0,1.0,3.0,0.0,4.0,0.0,0.0,2.0,1.0,2.0,1.0,1.0,3.0,1.0,1.0,1.0,6.0,0.0,1.0,0.0,0.0,0.0,4.0,0.0,2.0,1.0,2.0,0.0,0.0,1.0,5.0,2.0,1.0,1.0,2.0,1.0,2.0,2.0,4.0,1.0,2.0,2.0,2.0,1.0,2.0,2.0,1.0,9.0,0.0,1.0,0.0,3.0,1.0,0.0,0.0,2.0,1.0,1.0,1.0,3.0,2.0,1.0,3.0,2.0,0.0,1.0,1.0,1.0,1.0,1.0,0.0,2.0,2.0,1.0,1.0,1.0,0.0,1.0,7.0,1.0,0.0,2.0,3.0,1.0,0.0,1.0,1.0,4.0,0.0,0.0,1.0,2.0,0.0,3.0,3.0,3.0,3.0,1.0,0.0,3.0,1.0,0.0,0.0,2.0,3.0,3.0,0.0,2.0,2.0,8.0,2.0,1.0,0.0,0.0,0.0,2.0,1.0,2.0,2.0,3.0,0.0,2.0,3.0,0.0,0.0,1.0,2.0,3.0,1.0,1.0,2.0,2.0,0.0,2.0,0.0,5.0,2.0,2.0,0.0,0.0,4.0,0.0,1.0,2.0,2.0,2.0,2.0,1.0,0.0,5.0,2.0,3.0,1.0,1.0,4.0,4.0,0.0,1.0,0.0,1.0,1.0,4.0,1.0,2.0,0.0,1.0,2.0,1.0,1.0,3.0,0.0,8.0,5.0,0.0,1.0,3.0,2.0,0.0,3.0,0.0,1.0,2.0,3.0,1.0,0.0,6.0,0.0,1.0,2.0,2.0,1.0,3.0,0.0,6.0,2.0,2.0,1.0,2.0,1.0,4.0,0.0,4.0,17.0,0.0,3.0,5.0,4.0,4.0,1.0,4.0,2.0,1.0,1.0,1.0,2.0,1.0,4.0,4.0,1.0,1.0,4.0,5.0,0.0,3.0,4.0,0.0,2.0,1.0,2.0,0.0,5.0,1.0,1.0,29.0,2.0,3.0,4.0,1.0,3.0,4.0,1.0,1.0,3.0,1.0,2.0,5.0,1.0,2.0,3.0,1.0,1.0,5.0,0.0,0.0,2.0,2.0,2.0,1.0,2.0,2.0,1.0,3.0,2.0,2.0,17.0,0.0,0.0,1.0,2.0,2.0,2.0,2.0,1.0,1.0,6.0,3.0,4.0,2.0,1.0,1.0,0.0,3.0,2.0,3.0,4.0,0.0,1.0,0.0,2.0,2.0,1.0,2.0,1.0,1.0,1.0,9.0,1.0,1.0,2.0,1.0,4.0,1.0,3.0,0.0,1.0,2.0,4.0,3.0,2.0,0.0,1.0,5.0,2.0,5.0,1.0,4.0,0.0,4.0,1.0,1.0,3.0,2.0,1.0,2.0,0.0,1.0,18.0,1.0,0.0,3.0,2.0,1.0,4.0,2.0,0.0,0.0,1.0,3.0,1.0,2.0,2.0,4.0,0.0,2.0,1.0,0.0,0.0,1.0,1.0,2.0,0.0,4.0,0.0,0.0,5.0,1.0,2.0,16.0,1.0,2.0,0.0,2.0,3.0,1.0,0.0,6.0,0.0,2.0,3.0,3.0,0.0,3.0,1.0,4.0,1.0,1.0,1.0,1.0,1.0,1.0,3.0,3.0,2.0,5.0,0.0,0.0,1.0,0.0,10.0,0
13,1380.438464654207,55069.42464285713,1.647875266536181,317.3440011296858,0.3490073984971946,0.13994708994708996,2.979591836734694,-0.11931071897110015,23.0,0.0,0.0,1.0,0.0,4.0,1.0,2.0,0.0,2.0,1.0,4.0,3.0,1.0,2.0,2.0,4.0,2.0,2.0,5.0,1.0,3.0,3.0,1.0,0.0,1.0,1.0,2.0,2.0,5.0,1.0,17.0,2.0,0.0,3.0,2.0,0.0,1.0,2.0,2.0,2.0,1.0,1.0,1.0,6.0,1.0,3.0,2.0,0.0,0.0,2.0,2.0,3.0,2.0,2.0,0.0,1.0,1.0,0.0,1.0,2.0,1.0,8.0,1.0,0.0,0.0,0.0,1.0,1.0,0.0,0.0,1.0,2.0,0.0,0.0,1.0,0.0,0.0,0.0,1.0,1.0,0.0,0.0,1.0,1.0,1.0,0.0,1.0,0.0,2.0,1.0,2.0,0.0,17.0,1.0,0.0,1.0,0.0,1.0,2.0,2.0,0.0,2.0,0.0,0.0,0.0,1.0,3.0,1.0,2.0,0.0,1.0,0.0,1.0,3.0,2.0,0.0,0.0,0.0,1.0,3.0,3.0,0.0,0.0,20.0,2.0,1.0,2.0,0.0,0.0,1.0,0.0,2.0,1.0,1.0,0.0,2.0,1.0,1.0,1.0,2.0,1.0,1.0,1.0,3.0,0.0,2.0,2.0,0.0,1.0,3.0,1.0,0.0,0.0,2.0,19.0,3.0,1.0,0.0,4.0,0.0,0.0,2.0,2.0,0.0,1.0,0.0,1.0,0.0,1.0,1.0,0.0,1.0,2.0,1.0,1.0,0.0,1.0,1.0,0.0,2.0,2.0,2.0,1.0,4.0,0.0,5.0,1.0,1.0,2.0,1.0,1.0,1.0,0.0,1.0,1.0,0.0,2.0,0.0,2.0,0.0,0.0,1.0,1.0,0.0,0.0,0.0,1.0,0.0,0.0,2.0,4.0,1.0,0.0,0.0,1.0,4.0,12.0,2.0,2.0,1.0,0.0,1.0,1.0,2.0,0.0,0.0,0.0,0.0,0.0,1.0,2.0,2.0,0.0,1.0,3.0,0.0,0.0,0.0,1.0,3.0,3.0,2.0,0.0,0.0,1.0,1.0,0.0,10.0,2.0,2.0,1.0,1.0,0.0,0.0,1.0,1.0,1.0,0.0,0.0,0.0,0.0,1.0,1.0,1.0,3.0,1.0,0.0,0.0,0.0,3.0,1.0,0.0,5.0,2.0,3.0,1.0,2.0,1.0,11.0,1.0,0.0,1.0,0.0,1.0,1.0,0.0,2.0,0.0,0.0,0.0,0.0,1.0,0.0,1.0,0.0,2.0,0.0,1.0,0.0,0.0,4.0,0.0,2.0,0.0,2.0,0.0,1.0,0.0,1.0,18.0,1.0,1.0,0.0,1.0,3.0,3.0,0.0,0.0,0.0,2.0,1.0,2.0,1.0,0.0,1.0,0.0,3.0,2.0,1.0,3.0,2.0,1.0,0.0,2.0,0.0,0.0,0.0,1.0,0.0,2.0,19.0,2.0,0.0,1.0,0.0,1.0,1.0,1.0,2.0,2.0,0.0,1.0,2.0,0.0,0.0,1.0,1.0,2.0,1.0,2.0,2.0,2.0,2.0,1.0,1.0,0.0,3.0,1.0,1.0,2.0,0.0,15.0,4.0,3.0,1.0,0.0,1.0,0.0,1.0,0.0,2.0,0.0,0.0,2.0,0.0,3.0,0.0,0.0,1.0,1.0,2.0,0.0,1.0,0.0,2.0,0.0,1.0,0.0,1.0,1.0,0.0,2.0,7.0,0.0,0.0,0.0,0.0,0.0,1.0,0.0,0.0,1.0,0.0,0.0,2.0,1.0,0.0,0.0,0.0,3.0,2.0,1.0,3.0,1.0,1.0,0.0,3.0,1.0,0.0,0.0,2.0,0.0,1.0,18.0,0.0,3.0,0.0,0.0,1.0,0.0,0.0,0.0,2.0,1.0,1.0,0.0,1.0,2.0,0.0,1.0,3.0,0.0,0.0,2.0,2.0,1.0,2.0,2.0,1.0,0.0,1.0,2.0,0.0,0.0,17.0,0.0,0.0,0.0,0.0,0.0,2.0,2.0,0.0,1.0,0.0,0.0,3.0,0.0,1.0,3.0,1.0,2.0,0.0,0.0,0.0,0.0,0.0,2.0,0.0,0.0,0.0,1.0,0.0,0.0,1.0,13.0,0.0,0.0,2.0,1.0,1.0,2.0,1.0,2.0,3.0,2.0,1.0,0.0,1.0,3.0,3.0,0.0,1.0,0.0,0.0,0.0,1.0,1.0,2.0,0.0,1.0,1.0,0.0,1.0,0.0,1.0,8.0,2.0,2.0,1.0,2.0,0.0,1.0,0.0,1.0,0.0,1.0,0.0,0.0,1.0,0.0,0.0,0.0,1.0,1.0,1.0,1.0,0.0,0.0,0.0,1.0,0.0,0.0,1.0,0.0,1.0,1.0,6.0,0.0,1.0,0.0,1.0,0.0,1.0,0.0,1.0,0.0,0.0,0.0,2.0,0.0,2.0,4.0,3.0,1.0,2.0,1.0,1.0,0.0,0.0,2.0,2.0,0.0,0.0,0.0,1.0,1.0,0.0,21.0,1.0,0.0,1.0,3.0,3.0,2.0,1.0,1.0,1.0,0.0,2.0,0.0,1.0,0.0,3.0,0.0,1.0,1.0,1.0,2.0,1.0,3.0,0.0,1.0,2.0,1.0,0.0,0.0,1.0,1.0,11.0,1.0,0.0,1.0,0.0,4.0,3.0,1.0,0.0,1.0,3.0,1.0,1.0,1.0,1.0,1.0,0.0,1.0,1.0,1.0,0.0,0.0,2.0,0.0,2.0,1.0,0.0,1.0,0.0,0.0,0.0,10.0,0.0,0.0,0.0,2.0,0.0,1.0,1.0,0.0,3.0,0.0,1.0,1.0,2.0,1.0,4.0,0.0,2.0,0.0,2.0,1.0,2.0,0.0,0.0,2.0,0.0,2.0,1.0,1.0,1.0,0.0,13.0,1.0,0.0,1.0,1.0,0.0,3.0,0.0,1.0,3.0,0.0,0.0,0.0,2.0,0.0,2.0,0.0,0.0,2.0,2.0,0.0,0.0,1.0,2.0,0.0,0.0,0.0,0.0,2.0,0.0,1.0,6.0,1.0,1.0,0.0,1.0,1.0,0.0,0.0,2.0,0.0,0.0,1.0,0.0,2.0,0.0,1.0,1.0,1.0,1.0,0.0,0.0,3.0,0.0,2.0,0.0,0.0,5.0,2.0,1.0,1.0,0.0,11.0,1.0,2.0,2.0,0.0,0.0,0.0,1.0,0.0,1.0,1.0,1.0,1.0,4.0,2.0,1.0,1.0,2.0,0.0,1.0,0.0,1.0,0.0,3.0,1.0,2.0,3.0,1.0,2.0,0.0,0.0,19.0,1.0,0.0,1.0,1.0,1.0,0.0,0.0,0.0,2.0,0.0,1.0,0.0,0.0,0.0,3.0,1.0,1.0,2.0,0.0,0.0,1.0,1.0,1.0,0.0,2.0,0.0,1.0,0.0,2.0,2.0,12.0,2.0,1.0,1.0,1.0,1.0,0.0,0.0,1.0,0.0,1.0,0.0,1.0,0.0,3.0,0.0,1.0,0.0,1.0,4.0,0.0,0.0,1.0,3.0,4.0,0.0,1.0,0.0,2.0,0.0,1.0,9.0,0.0,0.0,2.0,0.0,0.0,0.0,1.0,1.0,1.0,0.0,1.0,1.0,1.0,1.0,2.0,0.0,0.0,0.0,1.0,0.0,0.0,2.0,1.0,1.0,1.0,0.0,0.0,0.0,1.0,0.0,6.0,0.0,4.0,0.0,0.0,3.0,0.0,0.0,0.0,0.0,0.0,1.0,2.0,2.0,0.0,1.0,0.0,2.0,0.0,0.0,1.0,0.0,1.0,0.0,2.0,0.0,0.0,0.0,0.0,0.0,0.0,3.0,0
16,1958.9645885420778,101057.89490000001,1.9061508853139717,273.0495798301901,0.25288623876123867,0.17090845358345358,3.55,-0.0016289000243789448,43.0,2.0,0.0,3.0,0.0,1.0,1.0,1.0,6.0,1.0,5.0,1.0,3.0,0.0,5.0,1.0,1.0,3.0,1.0,3.0,1.0,3.0,1.0,0.0,1.0,1.0,1.0,6.0,3.0,1.0,4.0,46.0,4.0,4.0,2.0,4.0,1.0,0.0,5.0,6.0,3.0,4.0,2.0,3.0,2.0,3.0,2.0,5.0,4.0,1.0,4.0,2.0,3.0,4.0,1.0,1.0,1.0,2.0,3.0,0.0,4.0,4.0,11.0,0.0,0.0,1.0,0.0,1.0,1.0,1.0,1.0,1.0,0.0,0.0,0.0,1.0,2.0,2.0,0.0,0.0,3.0,5.0,1.0,0.0,1.0,2.0,1.0,0.0,1.0,0.0,3.0,4.0,0.0,24.0,1.0,2.0,1.0,1.0,2.0,0.0,0.0,0.0,2.0,4.0,0.0,3.0,2.0,2.0,0.0,1.0,1.0,2.0,1.0,2.0,4.0,1.0,1.0,0.0,1.0,0.0,1.0,2.0,1.0,1.0,8.0,2.0,0.0,3.0,1.0,0.0,0.0,3.0,2.0,0.0,0.0,3.0,2.0,0.0,0.0,0.0,1.0,1.0,1.0,0.0,0.0,0.0,1.0,1.0,0.0,0.0,3.0,2.0,2.0,1.0,0.0,20.0,0.0,1.0,4.0,2.0,3.0,1.0,2.0,0.0,1.0,1.0,1.0,4.0,3.0,0.0,3.0,2.0,0.0,2.0,1.0,1.0,3.0,1.0,1.0,2.0,2.0,2.0,0.0,2.0,0.0,0.0,19.0,0.0,1.0,0.0,1.0,2.0,1.0,1.0,1.0,0.0,0.0,1.0,1.0,0.0,0.0,0.0,2.0,1.0,0.0,2.0,1.0,0.0,0.0,0.0,0.0,0.0,1.0,0.0,0.0,1.0,1.0,7.0,1.0,0.0,0.0,2.0,4.0,1.0,3.0,4.0,1.0,2.0,1.0,1.0,2.0,2.0,0.0,2.0,0.0,0.0,3.0,1.0,0.0,0.0,6.0,5.0,3.0,5.0,2.0,2.0,0.0,1.0,19.0,0.0,0.0,1.0,5.0,1.0,2.0,0.0,0.0,2.0,1.0,1.0,1.0,1.0,0.0,4.0,1.0,2.0,1.0,3.0,1.0,2.0,3.0,4.0,1.0,3.0,0.0,2.0,1.0,1.0,3.0,27.0,0.0,1.0,2.0,0.0,1.0,1.0,1.0,1.0,0.0,1.0,1.0,2.0,0.0,0.0,4.0,1.0,0.0,3.0,1.0,0.0,2.0,1.0,0.0,0.0,0.0,2.0,0.0,1.0,1.0,3.0,17.0,2.0,1.0,0.0,1.0,2.0,1.0,0.0,2.0,3.0,0.0,1.0,2.0,2.0,2.0,0.0,0.0,1.0,2.0,1.0,2.0,3.0,1.0,1.0,1.0,0.0,0.0,1.0,2.0,1.0,0.0,15.0,4.0,1.0,0.0,0.0,1.0,3.0,1.0,0.0,1.0,1.0,4.0,1.0,0.0,2.0,0.0,1.0,1.0,0.0,1.0,3.0,3.0,1.0,4.0,2.0,3.0,3.0,3.0,4.0,0.0,2.0,27.0,1.0,1.0,4.0,5.0,2.0,2.0,5.0,0.0,0.0,1.0,4.0,0.0,2.0,2.0,0.0,2.0,2.0,1.0,3.0,0.0,0.0,1.0,0.0,0.0,0.0,3.0,0.0,2.0,1.0,0.0,4.0,0.0,1.0,2.0,1.0,0.0,0.0,1.0,0.0,2.0,3.0,4.0,0.0,2.0,0.0,0.0,0.0,3.0,4.0,1.0,1.0,1.0,0.0,1.0,0.0,0.0,2.0,0.0,0.0,4.0,1.0,13.0,2.0,2.0,0.0,2.0,0.0,3.0,1.0,1.0,0.0,1.0,0.0,3.0,2.0,3.0,3.0,2.0,5.0,1.0,1.0,4.0,2.0,0.0,3.0,0.0,2.0,2.0,1.0,3.0,0.0,0.0,17.0,3.0,2.0,2.0,2.0,0.0,1.0,2.0,0.0,5.0,1.0,1.0,1.0,0.0,0.0,1.0,5.0,2.0,3.0,1.0,1.0,0.0,2.0,3.0,3.0,1.0,0.0,3.0,3.0,2.0,2.0,20.0,0.0,3.0,1.0,2.0,0.0,0.0,0.0,1.0,2.0,2.0,0.0,0.0,0.0,2.0,4.0,2.0,1.0,0.0,3.0,2.0,0.0,4.0,3.0,0.0,2.0,3.0,1.0,1.0,2.0,2.0,22.0,0.0,0.0,0.0,0.0,2.0,0.0,3.0,0.0,1.0,3.0,4.0,1.0,0.0,0.0,1.0,0.0,2.0,3.0,1.0,0.0,1.0,0.0,0.0,0.0,0.0,0.0,1.0,2.0,3.0,2.0,16.0,2.0,0.0,0.0,0.0,4.0,3.0,3.0,2.0,0.0,1.0,1.0,2.0,2.0,2.0,2.0,1.0,1.0,1.0,3.0,1.0,0.0,1.0,0.0,3.0,0.0,0.0,2.0,0.0,0.0,1.0,11.0,1.0,0.0,1.0,1.0,2.0,0.0,2.0,1.0,2.0,0.0,2.0,7.0,0.0,2.0,1.0,2.0,0.0,1.0,2.0,1.0,1.0,0.0,2.0,0.0,5.0,1.0,1.0,2.0,0.0,0.0,20.0,1.0,0.0,1.0,0.0,1.0,0.0,0.0,0.0,1.0,1.0,5.0,1.0,2.0,1.0,3.0,0.0,0.0,0.0,2.0,0.0,1.0,1.0,1.0,0.0,1.0,1.0,4.0,0.0,1.0,3.0,10.0,1.0,1.0,0.0,0.0,0.0,2.0,0.0,2.0,0.0,2.0,0.0,0.0,1.0,3.0,1.0,1.0,1.0,1.0,3.0,4.0,1.0,0.0,1.0,1.0,0.0,1.0,1.0,0.0,1.0,1.0,11.0,0.0,2.0,0.0,0.0,1.0,1.0,2.0,0.0,1.0,2.0,2.0,0.0,1.0,1.0,1.0,3.0,2.0,3.0,1.0,2.0,3.0,4.0,1.0,2.0,0.0,2.0,0.0,0.0,0.0,0.0,18.0,2.0,2.0,0.0,1.0,0.0,2.0,1.0,2.0,1.0,0.0,1.0,4.0,0.0,1.0,0.0,1.0,0.0,0.0,1.0,4.0,1.0,1.0,2.0,3.0,2.0,6.0,1.0,1.0,0.0,1.0,18.0,3.0,4.0,0.0,2.0,2.0,2.0,1.0,0.0,2.0,0.0,3.0,0.0,1.0,1.0,0.0,2.0,0.0,2.0,0.0,1.0,2.0,1.0,2.0,0.0,2.0,0.0,3.0,0.0,1.0,1.0,15.0,0.0,0.0,1.0,0.0,1.0,4.0,0.0,0.0,0.0,2.0,3.0,2.0,0.0,0.0,1.0,1.0,3.0,0.0,2.0,2.0,1.0,0.0,0.0,0.0,0.0,3.0,2.0,2.0,1.0,0.0,14.0,4.0,0.0,2.0,4.0,1.0,2.0,0.0,1.0,0.0,2.0,0.0,1.0,0.0,3.0,2.0,0.0,2.0,4.0,2.0,2.0,1.0,1.0,1.0,0.0,1.0,0.0,2.0,1.0,0.0,2.0,8.0,0.0,0.0,1.0,1.0,1.0,2.0,1.0,1.0,1.0,2.0,3.0,1.0,0.0,0.0,4.0,0.0,1.0,1.0,0.0,1.0,0.0,1.0,1.0,0.0,1.0,0.0,2.0,1.0,1.0,1.0,17.0,1.0,2.0,1.0,1.0,1.0,0.0,0.0,0.0,2.0,0.0,2.0,1.0,0.0,2.0,0.0,1.0,0.0,2.0,0.0,2.0,0.0,3.0,0.0,2.0,0.0,2.0,0.0,1.0,0.0,0.0,5.0,0
17,2318.421060318958,139939.43885,2.16132018178153,243.78418363009357,0.18274267399267394,0.08999634902134901,4.63,0.028515807293554504,20.0,2.0,3.0,3.0,2.0,2.0,3.0,2.0,1.0,0.0,4.0,2.0,3.0,4.0,2.0,1.0,1.0,2.0,4.0,0.0,1.0,2.0,3.0,4.0,3.0,2.0,5.0,4.0,3.0,3.0,1.0,27.0,6.0,0.0,4.0,3.0,1.0,1.0,3.0,6.0,4.0,6.0,0.0,4.0,6.0,4.0,3.0,3.0,4.0,3.0,1.0,4.0,2.0,1.0,4.0,0.0,4.0,2.0,2.0,5.0,2.0,3.0,34.0,3.0,3.0,0.0,2.0,1.0,0.0,0.0,1.0,1.0,3.0,1.0,3.0,3.0,1.0,1.0,1.0,4.0,2.0,2.0,2.0,2.0,1.0,4.0,1.0,1.0,0.0,3.0,3.0,5.0,1.0,20.0,1.0,2.0,2.0,0.0,3.0,1.0,2.0,0.0,3.0,1.0,3.0,0.0,3.0,0.0,2.0,2.0,0.0,0.0,0.0,2.0,0.0,1.0,2.0,1.0,0.0,1.0,2.0,3.0,1.0,1.0,19.0,1.0,1.0,0.0,2.0,2.0,0.0,2.0,1.0,1.0,2.0,2.0,3.0,1.0,0.0,2.0,0.0,1.0,4.0,1.0,0.0,0.0,2.0,2.0,1.0,1.0,2.0,3.0,1.0,0.0,3.0,14.0,1.0,0.0,3.0,0.0,5.0,0.0,5.0,1.0,3.0,1.0,1.0,3.0,0.0,1.0,0.0,0.0,2.0,3.0,3.0,3.0,0.0,1.0,0.0,1.0,0.0,3.0,0.0,0.0,2.0,0.0,27.0,1.0,0.0,1.0,0.0,0.0,3.0,2.0,1.0,1.0,2.0,3.0,0.0,0.0,2.0,0.0,2.0,4.0,1.0,1.0,2.0,0.0,1.0,2.0,0.0,1.0,3.0,0.0,0.0,0.0,4.0,12.0,0.0,3.0,3.0,1.0,1.0,2.0,1.0,0.0,1.0,1.0,0.0,0.0,3.0,1.0,0.0,2.0,2.0,2.0,1.0,2.0,0.0,0.0,6.0,3.0,0.0,0.0,1.0,0.0,1.0,0.0,12.0,0.0,3.0,2.0,1.0,0.0,2.0,1.0,1.0,2.0,2.0,3.0,1.0,2.0,1.0,2.0,1.0,1.0,0.0,2.0,1.0,0.0,3.0,2.0,4.0,1.0,1.0,1.0,1.0,1.0,2.0,14.0,1.0,3.0,2.0,0.0,0.0,2.0,1.0,2.0,0.0,3.0,4.0,3.0,2.0,2.0,0.0,1.0,1.0,2.0,2.0,0.0,4.0,6.0,2.0,2.0,3.0,2.0,0.0,1.0,0.0,1.0,24.0,3.0,2.0,0.0,3.0,2.0,1.0,2.0,0.0,0.0,3.0,1.0,0.0,1.0,2.0,0.0,0.0,1.0,1.0,2.0,1.0,2.0,0.0,5.0,0.0,2.0,0.0,4.0,0.0,1.0,1.0,16.0,1.0,1.0,2.0,3.0,3.0,0.0,0.0,1.0,1.0,0.0,1.0,0.0,4.0,0.0,1.0,1.0,2.0,1.0,1.0,4.0,3.0,5.0,1.0,3.0,3.0,5.0,4.0,3.0,0.0,1.0,26.0,2.0,1.0,1.0,0.0,3.0,3.0,1.0,5.0,1.0,2.0,0.0,2.0,1.0,1.0,3.0,0.0,1.0,2.0,3.0,2.0,0.0,1.0,2.0,2.0,1.0,2.0,1.0,1.0,2.0,4.0,11.0,1.0,1.0,0.0,1.0,2.0,0.0,2.0,0.0,2.0,4.0,2.0,2.0,0.0,0.0,3.0,2.0,5.0,2.0,3.0,1.0,4.0,1.0,1.0,1.0,1.0,3.0,1.0,0.0,2.0,1.0,23.0,0.0,2.0,1.0,2.0,2.0,2.0,1.0,3.0,3.0,2.0,3.0,0.0,0.0,0.0,3.0,3.0,5.0,1.0,2.0,2.0,0.0,2.0,1.0,1.0,1.0,1.0,0.0,4.0,0.0,2.0,13.0,1.0,2.0,0.0,1.0,2.0,0.0,1.0,2.0,2.0,0.0,2.0,0.0,0.0,1.0,0.0,2.0,4.0,2.0,1.0,0.0,1.0,1.0,1.0,1.0,1.0,2.0,2.0,2.0,1.0,2.0,17.0,0.0,1.0,0.0,0.0,1.0,0.0,1.0,1.0,4.0,0.0,5.0,0.0,1.0,1.0,6.0,4.0,1.0,1.0,1.0,1.0,0.0,1.0,1.0,2.0,0.0,2.0,3.0,0.0,1.0,2.0,17.0,2.0,0.0,1.0,0.0,0.0,2.0,3.0,2.0,2.0,3.0,1.0,1.0,5.0,2.0,2.0,1.0,1.0,2.0,0.0,2.0,2.0,2.0,0.0,0.0,2.0,0.0,1.0,0.0,0.0,2.0,9.0,1.0,0.0,3.0,0.0,4.0,0.0,2.0,1.0,0.0,0.0,1.0,4.0,1.0,3.0,1.0,0.0,4.0,2.0,0.0,3.0,0.0,0.0,1.0,1.0,2.0,2.0,0.0,0.0,0.0,1.0,16.0,0.0,0.0,1.0,2.0,1.0,1.0,1.0,1.0,1.0,1.0,2.0,4.0,2.0,1.0,2.0,1.0,1.0,3.0,1.0,3.0,1.0,1.0,2.0,2.0,2.0,0.0,0.0,1.0,0.0,2.0,17.0,0.0,0.0,0.0,1.0,0.0,3.0,1.0,1.0,1.0,3.0,4.0,1.0,1.0,0.0,2.0,1.0,1.0,1.0,2.0,0.0,1.0,0.0,1.0,1.0,0.0,0.0,0.0,2.0,0.0,1.0,17.0,1.0,3.0,1.0,2.0,0.0,0.0,0.0,2.0,2.0,2.0,0.0,0.0,2.0,2.0,0.0,2.0,1.0,1.0,2.0,2.0,4.0,3.0,1.0,3.0,3.0,1.0,0.0,1.0,1.0,0.0,18.0,3.0,2.0,2.0,1.0,1.0,2.0,3.0,4.0,3.0,0.0,2.0,2.0,4.0,0.0,0.0,2.0,3.0,1.0,3.0,3.0,1.0,4.0,2.0,2.0,2.0,1.0,1.0,2.0,4.0,4.0,22.0,0.0,1.0,0.0,2.0,1.0,0.0,2.0,4.0,1.0,1.0,1.0,2.0,1.0,3.0,1.0,1.0,3.0,1.0,4.0,3.0,0.0,1.0,1.0,0.0,1.0,1.0,1.0,2.0,6.0,1.0,21.0,1.0,0.0,2.0,0.0,0.0,5.0,4.0,0.0,3.0,0.0,3.0,0.0,1.0,1.0,2.0,1.0,0.0,1.0,1.0,1.0,1.0,1.0,1.0,2.0,1.0,0.0,0.0,2.0,2.0,2.0,12.0,0.0,1.0,0.0,1.0,1.0,1.0,1.0,0.0,0.0,1.0,2.0,0.0,1.0,0.0,0.0,4.0,2.0,2.0,1.0,1.0,0.0,3.0,1.0,2.0,2.0,0.0,2.0,0.0,2.0,1.0,18.0,0.0,1.0,1.0,2.0,2.0,2.0,3.0,2.0,3.0,0.0,1.0,0.0,0.0,5.0,0.0,0.0,2.0,1.0,2.0,2.0,1.0,1.0,1.0,0.0,2.0,1.0,3.0,1.0,0.0,1.0,22.0,1.0,1.0,2.0,1.0,1.0,1.0,0.0,2.0,1.0,0.0,1.0,4.0,0.0,0.0,0.0,2.0,0.0,2.0,2.0,3.0,2.0,0.0,0.0,0.0,0.0,0.0,0.0,0.0,1.0,0.0,10.0,0.0,3.0,4.0,0.0,1.0,0.0,0.0,0.0,1.0,1.0,3.0,2.0,0.0,2.0,1.0,3.0,2.0,0.0,3.0,2.0,1.0,1.0,1.0,3.0,0.0,2.0,0.0,0.0,2.0,1.0,11.0,0
19,2266.5319386414026,123313.5681313131,2.0341026651678304,367.55840435312354,0.18217593293350864,0.0976967747927344,4.505050505050505,-0.06275050826185248,6.0,3.0,1.0,0.0,2.0,2.0,2.0,3.0,3.0,2.0,4.0,1.0,2.0,1.0,1.0,1.0,1.0,7.0,1.0,1.0,2.0,3.0,0.0,2.0,2.0,0.0,0.0,1.0,2.0,3.0,4.0,6.0,1.0,0.0,2.0,4.0,2.0,2.0,4.0,3.0,1.0,3.0,1.0,2.0,2.0,2.0,2.0,1.0,1.0,0.0,1.0,1.0,1.0,6.0,2.0,5.0,1.0,4.0,0.0,1.0,1.0,2.0,3.0,0.0,3.0,2.0,1.0,1.0,2.0,1.0,0.0,1.0,0.0,1.0,1.0,2.0,2.0,1.0,2.0,2.0,2.0,2.0,0.0,1.0,3.0,3.0,1.0,1.0,0.0,1.0,2.0,2.0,3.0,1.0,0.0,1.0,0.0,2.0,0.0,0.0,0.0,1.0,1.0,0.0,3.0,2.0,3.0,0.0,1.0,0.0,2.0,1.0,1.0,1.0,1.0,0.0,1.0,1.0,1.0,2.0,5.0,4.0,1.0,0.0,3.0,1.0,0.0,2.0,0.0,1.0,2.0,0.0,3.0,1.0,1.0,1.0,1.0,0.0,1.0,1.0,1.0,0.0,0.0,2.0,2.0,1.0,2.0,0.0,0.0,1.0,4.0,3.0,1.0,1.0,0.0,3.0,1.0,1.0,2.0,2.0,0.0,1.0,2.0,0.0,1.0,0.0,2.0,2.0,1.0,0.0,0.0,3.0,3.0,1.0,0.0,3.0,2.0,0.0,0.0,1.0,1.0,2.0,0.0,1.0,1.0,1.0,9.0,2.0,0.0,2.0,1.0,0.0,1.0,1.0,0.0,0.0,3.0,2.0,1.0,1.0,0.0,1.0,0.0,0.0,2.0,1.0,1.0,1.0,0.0,1.0,2.0,1.0,1.0,2.0,2.0,1.0,1.0,6.0,0.0,0.0,0.0,3.0,1.0,1.0,0.0,0.0,1.0,1.0,2.0,1.0,0.0,1.0,3.0,3.0,1.0,1.0,0.0,5.0,1.0,0.0,2.0,0.0,0.0,0.0,1.0,0.0,2.0,1.0,7.0,3.0,1.0,1.0,1.0,1.0,3.0,2.0,1.0,2.0,0.0,1.0,0.0,1.0,2.0,2.0,1.0,4.0,1.0,1.0,2.0,0.0,4.0,0.0,0.0,0.0,1.0,2.0,2.0,0.0,1.0,1.0,0.0,0.0,3.0,1.0,4.0,2.0,1.0,1.0,1.0,0.0,0.0,0.0,0.0,0.0,1.0,2.0,4.0,2.0,2.0,0.0,1.0,2.0,1.0,2.0,0.0,1.0,1.0,1.0,2.0,0.0,6.0,3.0,0.0,3.0,2.0,0.0,1.0,1.0,0.0,4.0,0.0,0.0,0.0,2.0,1.0,1.0,1.0,0.0,0.0,1.0,0.0,1.0,0.0,1.0,2.0,2.0,0.0,0.0,2.0,0.0,0.0,5.0,4.0,1.0,1.0,2.0,0.0,2.0,2.0,0.0,1.0,0.0,3.0,1.0,0.0,1.0,3.0,1.0,0.0,0.0,1.0,3.0,3.0,2.0,1.0,2.0,0.0,1.0,1.0,2.0,1.0,2.0,5.0,1.0,3.0,3.0,1.0,1.0,1.0,5.0,1.0,0.0,1.0,1.0,1.0,1.0,5.0,1.0,2.0,2.0,3.0,1.0,1.0,2.0,3.0,1.0,0.0,1.0,0.0,2.0,1.0,0.0,3.0,7.0,0.0,0.0,1.0,1.0,0.0,0.0,1.0,2.0,0.0,3.0,1.0,1.0,0.0,2.0,0.0,2.0,0.0,1.0,1.0,0.0,1.0,1.0,1.0,1.0,2.0,1.0,2.0,0.0,2.0,3.0,7.0,0.0,2.0,0.0,1.0,2.0,0.0,0.0,2.0,0.0,3.0,1.0,1.0,0.0,2.0,2.0,1.0,5.0,2.0,1.0,3.0,1.0,0.0,1.0,0.0,0.0,0.0,0.0,1.0,0.0,0.0,4.0,0.0,0.0,1.0,2.0,0.0,0.0,0.0,1.0,2.0,3.0,1.0,2.0,2.0,2.0,0.0,4.0,2.0,1.0,1.0,0.0,2.0,2.0,0.0,0.0,3.0,1.0,1.0,1.0,0.0,2.0,3.0,1.0,0.0,0.0,1.0,0.0,1.0,0.0,4.0,2.0,1.0,0.0,1.0,2.0,4.0,2.0,1.0,0.0,1.0,1.0,2.0,2.0,1.0,0.0,1.0,0.0,4.0,2.0,0.0,0.0,1.0,4.0,3.0,1.0,2.0,1.0,1.0,1.0,0.0,0.0,4.0,2.0,1.0,0.0,1.0,4.0,0.0,2.0,0.0,0.0,1.0,0.0,1.0,1.0,0.0,1.0,3.0,2.0,0.0,0.0,0.0,0.0,1.0,0.0,0.0,1.0,0.0,1.0,0.0,0.0,1.0,3.0,2.0,0.0,1.0,0.0,3.0,0.0,0.0,0.0,1.0,3.0,0.0,0.0,3.0,1.0,0.0,1.0,1.0,1.0,1.0,3.0,0.0,5.0,0.0,1.0,0.0,1.0,2.0,1.0,2.0,4.0,1.0,0.0,1.0,1.0,4.0,3.0,1.0,0.0,0.0,2.0,0.0,1.0,1.0,0.0,0.0,2.0,1.0,0.0,2.0,0.0,0.0,2.0,3.0,0.0,0.0,1.0,1.0,1.0,1.0,0.0,1.0,1.0,0.0,3.0,0.0,2.0,0.0,0.0,1.0,1.0,2.0,2.0,1.0,2.0,1.0,0.0,0.0,0.0,0.0,0.0,0.0,1.0,0.0,2.0,0.0,2.0,1.0,0.0,0.0,2.0,2.0,0.0,0.0,1.0,2.0,3.0,0.0,2.0,0.0,0.0,2.0,1.0,1.0,0.0,2.0,1.0,1.0,3.0,0.0,1.0,0.0,0.0,0.0,0.0,6.0,1.0,1.0,1.0,0.0,2.0,3.0,1.0,1.0,1.0,2.0,2.0,5.0,1.0,1.0,2.0,1.0,0.0,0.0,1.0,3.0,0.0,1.0,0.0,1.0,2.0,1.0,2.0,4.0,2.0,2.0,7.0,1.0,3.0,2.0,0.0,0.0,0.0,3.0,2.0,3.0,0.0,2.0,1.0,2.0,2.0,1.0,0.0,0.0,1.0,2.0,1.0,0.0,3.0,0.0,2.0,0.0,1.0,3.0,1.0,4.0,1.0,6.0,0.0,2.0,4.0,1.0,0.0,3.0,4.0,3.0,1.0,0.0,4.0,0.0,0.0,2.0,1.0,2.0,0.0,0.0,0.0,2.0,0.0,1.0,0.0,0.0,4.0,2.0,0.0,0.0,2.0,4.0,4.0,1.0,2.0,0.0,1.0,2.0,1.0,1.0,1.0,1.0,2.0,1.0,0.0,2.0,4.0,2.0,2.0,2.0,2.0,2.0,1.0,1.0,3.0,1.0,0.0,1.0,1.0,2.0,1.0,1.0,1.0,4.0,2.0,0.0,3.0,3.0,3.0,1.0,2.0,1.0,1.0,1.0,1.0,4.0,1.0,2.0,1.0,2.0,1.0,1.0,2.0,3.0,3.0,1.0,1.0,1.0,1.0,1.0,3.0,2.0,1.0,0.0,2.0,0.0,0.0,2.0,3.0,0.0,2.0,0.0,3.0,0.0,0.0,0.0,2.0,1.0,3.0,0.0,2.0,0.0,2.0,0.0,1.0,0.0,0.0,1.0,0.0,0.0,0.0,2.0,0.0,2.0,0.0,6.0,1.0,1.0,0.0,1.0,1.0,0.0,0.0,2.0,1.0,1.0,2.0,1.0,1.0,4.0,0.0,1.0,0.0,0.0,0.0,2.0,0.0,1.0,0.0,2.0,1.0,0.0,1.0,3.0,1.0,1.0,0.0,0
20,2811.074238231579,231456.69625000004,2.137645886785432,264.8277572668488,0.1678437014374514,0.06572509569905403,5.572916666666667,0.022794134959083234,13.0,1.0,2.0,4.0,1.0,3.0,2.0,2.0,2.0,0.0,1.0,1.0,5.0,2.0,3.0,1.0,0.0,2.0,1.0,4.0,1.0,4.0,2.0,1.0,1.0,1.0,2.0,3.0,2.0,1.0,2.0,16.0,5.0,0.0,2.0,2.0,5.0,1.0,7.0,2.0,1.0,1.0,2.0,4.0,2.0,2.0,1.0,2.0,0.0,1.0,0.0,2.0,1.0,2.0,1.0,3.0,1.0,3.0,0.0,4.0,1.0,4.0,20.0,3.0,1.0,1.0,2.0,3.0,0.0,0.0,0.0,0.0,5.0,1.0,0.0,1.0,1.0,1.0,1.0,0.0,0.0,4.0,1.0,1.0,2.0,2.0,1.0,1.0,0.0,3.0,1.0,1.0,2.0,23.0,0.0,3.0,1.0,0.0,0.0,0.0,2.0,1.0,3.0,0.0,1.0,3.0,1.0,1.0,1.0,1.0,2.0,0.0,0.0,3.0,1.0,3.0,2.0,0.0,1.0,2.0,2.0,2.0,0.0,1.0,10.0,1.0,0.0,2.0,0.0,0.0,0.0,2.0,1.0,3.0,0.0,1.0,2.0,0.0,1.0,0.0,2.0,3.0,5.0,1.0,3.0,0.0,0.0,0.0,0.0,2.0,2.0,1.0,1.0,0.0,2.0,9.0,1.0,0.0,1.0,0.0,0.0,0.0,1.0,1.0,0.0,0.0,0.0,0.0,0.0,1.0,0.0,0.0,0.0,2.0,3.0,2.0,2.0,2.0,1.0,2.0,2.0,3.0,2.0,0.0,1.0,0.0,18.0,0.0,0.0,1.0,0.0,0.0,2.0,1.0,1.0,3.0,2.0,0.0,0.0,1.0,3.0,0.0,0.0,2.0,2.0,1.0,2.0,1.0,0.0,1.0,2.0,1.0,0.0,1.0,2.0,0.0,0.0,17.0,0.0,0.0,1.0,4.0,3.0,1.0,2.0,1.0,1.0,1.0,1.0,0.0,1.0,2.0,0.0,4.0,4.0,0.0,2.0,0.0,0.0,1.0,1.0,2.0,0.0,1.0,1.0,2.0,0.0,0.0,11.0,1.0,0.0,1.0,3.0,1.0,1.0,0.0,0.0,2.0,2.0,2.0,2.0,1.0,2.0,3.0,2.0,2.0,0.0,4.0,2.0,1.0,4.0,4.0,0.0,1.0,0.0,2.0,0.0,0.0,0.0,8.0,0.0,0.0,1.0,0.0,0.0,1.0,0.0,0.0,1.0,1.0,2.0,2.0,0.0,0.0,0.0,1.0,1.0,0.0,2.0,0.0,0.0,3.0,2.0,0.0,1.0,3.0,1.0,0.0,0.0,0.0,10.0,2.0,0.0,0.0,0.0,0.0,2.0,3.0,1.0,0.0,2.0,2.0,2.0,1.0,3.0,3.0,2.0,1.0,1.0,0.0,2.0,1.0,2.0,1.0,1.0,0.0,1.0,2.0,0.0,1.0,0.0,8.0,2.0,3.0,0.0,0.0,2.0,1.0,2.0,0.0,1.0,0.0,0.0,1.0,2.0,3.0,1.0,2.0,3.0,1.0,4.0,2.0,1.0,0.0,1.0,1.0,2.0,3.0,1.0,0.0,3.0,4.0,21.0,3.0,4.0,0.0,4.0,1.0,0.0,0.0,1.0,2.0,2.0,2.0,1.0,4.0,2.0,1.0,2.0,3.0,0.0,2.0,1.0,2.0,1.0,1.0,1.0,2.0,2.0,0.0,1.0,0.0,2.0,6.0,0.0,1.0,0.0,2.0,1.0,0.0,0.0,1.0,0.0,3.0,2.0,3.0,3.0,2.0,1.0,0.0,4.0,0.0,1.0,0.0,0.0,0.0,0.0,2.0,4.0,0.0,2.0,1.0,0.0,2.0,13.0,0.0,1.0,0.0,1.0,2.0,2.0,1.0,1.0,0.0,4.0,1.0,0.0,2.0,1.0,1.0,2.0,1.0,1.0,1.0,0.0,0.0,0.0,3.0,2.0,0.0,1.0,3.0,1.0,0.0,2.0,10.0,2.0,1.0,0.0,0.0,1.0,0.0,0.0,1.0,5.0,3.0,2.0,2.0,0.0,2.0,1.0,3.0,3.0,2.0,0.0,0.0,1.0,1.0,2.0,2.0,2.0,1.0,2.0,0.0,0.0,2.0,8.0,0.0,1.0,0.0,1.0,0.0,0.0,1.0,2.0,0.0,0.0,2.0,1.0,1.0,2.0,1.0,1.0,1.0,1.0,0.0,2.0,0.0,1.0,1.0,2.0,0.0,2.0,1.0,1.0,0.0,1.0,15.0,1.0,0.0,0.0,0.0,1.0,0.0,3.0,0.0,1.0,0.0,1.0,5.0,1.0,3.0,0.0,2.0,1.0,1.0,0.0,0.0,0.0,1.0,1.0,3.0,0.0,1.0,1.0,2.0,0.0,0.0,9.0,0.0,1.0,0.0,0.0,1.0,2.0,2.0,2.0,3.0,0.0,2.0,1.0,2.0,1.0,1.0,0.0,1.0,1.0,1.0,1.0,0.0,0.0,0.0,2.0,0.0,0.0,1.0,1.0,0.0,3.0,8.0,0.0,1.0,1.0,2.0,3.0,0.0,0.0,2.0,1.0,0.0,1.0,1.0,3.0,0.0,2.0,0.0,2.0,1.0,0.0,1.0,2.0,0.0,2.0,1.0,1.0,0.0,2.0,0.0,1.0,3.0,7.0,4.0,0.0,1.0,0.0,1.0,3.0,0.0,1.0,0.0,1.0,2.0,0.0,1.0,1.0,0.0,0.0,0.0,1.0,0.0,1.0,2.0,1.0,0.0,2.0,0.0,0.0,1.0,0.0,2.0,2.0,13.0,1.0,5.0,3.0,1.0,4.0,3.0,2.0,2.0,0.0,0.0,0.0,3.0,3.0,0.0,1.0,1.0,1.0,1.0,2.0,0.0,1.0,2.0,0.0,1.0,0.0,1.0,1.0,0.0,0.0,1.0,10.0,1.0,3.0,1.0,3.0,1.0,1.0,4.0,2.0,1.0,3.0,2.0,2.0,1.0,0.0,2.0,0.0,2.0,2.0,3.0,1.0,0.0,2.0,2.0,0.0,3.0,2.0,2.0,2.0,2.0,3.0,19.0,1.0,3.0,1.0,3.0,0.0,1.0,5.0,7.0,2.0,0.0,2.0,1.0,3.0,1.0,1.0,1.0,1.0,3.0,3.0,2.0,2.0,2.0,2.0,1.0,2.0,1.0,2.0,3.0,2.0,1.0,30.0,3.0,3.0,1.0,1.0,3.0,2.0,3.0,0.0,2.0,4.0,0.0,1.0,3.0,2.0,1.0,4.0,1.0,0.0,0.0,2.0,3.0,0.0,1.0,1.0,2.0,3.0,0.0,1.0,3.0,3.0,18.0,2.0,1.0,1.0,1.0,3.0,1.0,2.0,2.0,0.0,1.0,1.0,2.0,5.0,2.0,3.0,0.0,3.0,1.0,1.0,5.0,1.0,3.0,1.0,0.0,1.0,0.0,1.0,2.0,0.0,1.0,9.0,2.0,0.0,3.0,4.0,1.0,2.0,3.0,2.0,1.0,1.0,2.0,0.0,4.0,1.0,2.0,0.0,3.0,0.0,0.0,1.0,0.0,2.0,2.0,1.0,1.0,3.0,0.0,2.0,0.0,1.0,10.0,3.0,2.0,0.0,3.0,0.0,2.0,0.0,0.0,1.0,1.0,2.0,0.0,1.0,0.0,2.0,1.0,0.0,2.0,1.0,1.0,0.0,1.0,1.0,2.0,2.0,0.0,2.0,1.0,2.0,0.0,15.0,2.0,3.0,3.0,3.0,0.0,2.0,0.0,1.0,0.0,4.0,2.0,1.0,0.0,4.0,0.0,5.0,2.0,2.0,1.0,2.0,0.0,0.0,0.0,2.0,4.0,1.0,2.0,2.0,2.0,2.0,23.0,0
21,2279.871703366314,127918.39830000004,2.068726983347234,259.8123659807684,0.20407040182040181,0.1080340187590188,3.85,-0.01435570681816943,28.0,3.0,2.0,2.0,2.0,4.0,2.0,3.0,4.0,0.0,2.0,6.0,4.0,5.0,0.0,3.0,0.0,1.0,3.0,1.0,0.0,2.0,2.0,3.0,2.0,2.0,5.0,3.0,0.0,5.0,1.0,29.0,5.0,0.0,6.0,1.0,4.0,0.0,2.0,4.0,6.0,4.0,4.0,0.0,5.0,4.0,1.0,2.0,3.0,2.0,4.0,2.0,2.0,1.0,2.0,2.0,4.0,1.0,5.0,3.0,0.0,6.0,19.0,3.0,0.0,2.0,1.0,0.0,2.0,0.0,2.0,2.0,1.0,2.0,0.0,3.0,1.0,1.0,1.0,1.0,2.0,0.0,0.0,3.0,0.0,3.0,0.0,1.0,1.0,0.0,1.0,3.0,2.0,18.0,1.0,3.0,3.0,2.0,2.0,1.0,1.0,2.0,3.0,1.0,3.0,1.0,0.0,0.0,1.0,0.0,2.0,1.0,1.0,1.0,2.0,3.0,1.0,0.0,3.0,3.0,0.0,3.0,0.0,2.0,21.0,0.0,0.0,1.0,5.0,3.0,0.0,2.0,3.0,2.0,0.0,1.0,2.0,0.0,1.0,1.0,1.0,1.0,2.0,5.0,2.0,0.0,1.0,0.0,0.0,1.0,2.0,6.0,0.0,0.0,3.0,18.0,1.0,0.0,4.0,2.0,4.0,1.0,3.0,1.0,2.0,2.0,1.0,4.0,0.0,2.0,0.0,1.0,2.0,3.0,1.0,2.0,1.0,1.0,0.0,1.0,2.0,5.0,3.0,0.0,0.0,2.0,12.0,0.0,1.0,1.0,2.0,0.0,2.0,2.0,0.0,1.0,1.0,3.0,1.0,1.0,0.0,1.0,2.0,1.0,1.0,2.0,1.0,2.0,1.0,0.0,0.0,1.0,0.0,0.0,0.0,0.0,0.0,13.0,0.0,0.0,2.0,0.0,2.0,1.0,1.0,0.0,4.0,0.0,2.0,4.0,2.0,0.0,2.0,2.0,2.0,4.0,1.0,0.0,1.0,2.0,8.0,1.0,3.0,3.0,1.0,3.0,2.0,1.0,26.0,1.0,0.0,0.0,5.0,2.0,2.0,1.0,1.0,0.0,0.0,1.0,1.0,2.0,2.0,1.0,4.0,3.0,2.0,2.0,1.0,2.0,7.0,4.0,2.0,2.0,1.0,2.0,1.0,0.0,0.0,8.0,0.0,2.0,0.0,1.0,2.0,0.0,0.0,2.0,1.0,1.0,3.0,1.0,0.0,4.0,2.0,1.0,0.0,2.0,4.0,1.0,2.0,1.0,1.0,0.0,2.0,1.0,1.0,2.0,4.0,1.0,16.0,0.0,3.0,3.0,1.0,1.0,0.0,1.0,0.0,1.0,1.0,0.0,2.0,3.0,2.0,0.0,1.0,5.0,2.0,2.0,2.0,6.0,2.0,1.0,1.0,2.0,0.0,1.0,1.0,0.0,0.0,15.0,2.0,3.0,0.0,1.0,1.0,2.0,0.0,1.0,1.0,0.0,0.0,1.0,2.0,0.0,1.0,3.0,2.0,0.0,3.0,3.0,0.0,2.0,1.0,5.0,2.0,2.0,4.0,4.0,1.0,3.0,26.0,6.0,2.0,3.0,1.0,3.0,2.0,0.0,1.0,1.0,1.0,1.0,3.0,4.0,0.0,3.0,1.0,1.0,4.0,1.0,2.0,3.0,1.0,4.0,1.0,1.0,0.0,1.0,3.0,3.0,4.0,14.0,0.0,2.0,2.0,1.0,2.0,2.0,1.0,1.0,0.0,2.0,0.0,2.0,2.0,1.0,1.0,1.0,2.0,1.0,2.0,1.0,1.0,4.0,0.0,1.0,0.0,2.0,1.0,0.0,1.0,1.0,5.0,1.0,1.0,1.0,0.0,2.0,0.0,2.0,0.0,2.0,1.0,0.0,0.0,2.0,2.0,3.0,4.0,4.0,2.0,2.0,2.0,1.0,0.0,1.0,1.0,0.0,2.0,0.0,1.0,1.0,2.0,13.0,1.0,0.0,2.0,0.0,0.0,0.0,2.0,0.0,6.0,4.0,3.0,0.0,0.0,0.0,3.0,2.0,2.0,0.0,1.0,0.0,1.0,1.0,1.0,1.0,1.0,0.0,1.0,1.0,1.0,1.0,6.0,1.0,0.0,0.0,0.0,2.0,0.0,1.0,1.0,2.0,0.0,2.0,0.0,0.0,2.0,2.0,1.0,2.0,1.0,1.0,3.0,0.0,1.0,1.0,0.0,1.0,3.0,0.0,2.0,2.0,0.0,7.0,2.0,0.0,1.0,0.0,1.0,1.0,1.0,3.0,1.0,1.0,1.0,1.0,2.0,1.0,1.0,3.0,1.0,0.0,1.0,4.0,1.0,1.0,2.0,0.0,2.0,0.0,1.0,0.0,0.0,0.0,7.0,0.0,0.0,0.0,0.0,2.0,2.0,1.0,1.0,1.0,1.0,1.0,3.0,2.0,1.0,1.0,1.0,0.0,1.0,1.0,0.0,2.0,2.0,0.0,1.0,0.0,0.0,1.0,2.0,0.0,1.0,10.0,0.0,2.0,0.0,5.0,3.0,0.0,0.0,1.0,0.0,1.0,2.0,1.0,0.0,3.0,1.0,0.0,0.0,0.0,2.0,2.0,2.0,0.0,1.0,0.0,0.0,1.0,1.0,0.0,1.0,0.0,16.0,0.0,1.0,4.0,2.0,2.0,0.0,1.0,0.0,0.0,3.0,1.0,3.0,2.0,2.0,1.0,1.0,0.0,1.0,0.0,1.0,0.0,1.0,1.0,1.0,0.0,1.0,1.0,0.0,2.0,0.0,10.0,1.0,0.0,1.0,0.0,0.0,1.0,0.0,0.0,1.0,3.0,0.0,2.0,1.0,3.0,1.0,4.0,4.0,1.0,1.0,1.0,0.0,3.0,1.0,0.0,0.0,1.0,0.0,0.0,1.0,0.0,18.0,0.0,3.0,2.0,1.0,3.0,2.0,3.0,2.0,3.0,1.0,4.0,3.0,2.0,4.0,1.0,0.0,2.0,2.0,3.0,1.0,3.0,2.0,2.0,3.0,1.0,0.0,1.0,1.0,2.0,3.0,23.0,2.0,0.0,2.0,2.0,0.0,0.0,2.0,2.0,1.0,3.0,1.0,3.0,1.0,2.0,3.0,4.0,0.0,2.0,3.0,2.0,1.0,3.0,0.0,2.0,4.0,0.0,1.0,2.0,4.0,0.0,21.0,0.0,2.0,1.0,4.0,0.0,2.0,4.0,0.0,3.0,1.0,1.0,1.0,2.0,1.0,4.0,1.0,1.0,2.0,2.0,2.0,4.0,0.0,3.0,1.0,1.0,0.0,0.0,1.0,1.0,2.0,16.0,3.0,1.0,0.0,2.0,5.0,1.0,0.0,0.0,1.0,1.0,2.0,2.0,3.0,2.0,0.0,2.0,2.0,1.0,0.0,0.0,0.0,3.0,1.0,2.0,1.0,0.0,1.0,2.0,1.0,1.0,11.0,1.0,0.0,1.0,5.0,4.0,0.0,2.0,1.0,1.0,2.0,0.0,5.0,0.0,3.0,0.0,4.0,2.0,1.0,1.0,1.0,2.0,1.0,0.0,1.0,0.0,1.0,1.0,1.0,2.0,1.0,23.0,1.0,0.0,0.0,2.0,1.0,1.0,1.0,1.0,1.0,1.0,1.0,4.0,2.0,1.0,3.0,2.0,1.0,0.0,0.0,0.0,0.0,3.0,0.0,1.0,4.0,2.0,1.0,0.0,1.0,0.0,12.0,0.0,1.0,4.0,1.0,0.0,1.0,2.0,1.0,0.0,2.0,2.0,0.0,0.0,1.0,0.0,1.0,2.0,1.0,0.0,0.0,2.0,1.0,1.0,5.0,0.0,1.0,1.0,1.0,2.0,1.0,9.0,0
22,2157.997083159153,108420.92474747475,1.979098836621435,275.94152303856356,0.22888119175997965,0.11576814692976312,3.2222222222222223,-0.017337284394772473,20.0,4.0,4.0,3.0,2.0,2.0,2.0,3.0,2.0,2.0,1.0,2.0,2.0,1.0,4.0,1.0,1.0,7.0,1.0,2.0,1.0,1.0,0.0,4.0,2.0,0.0,3.0,1.0,2.0,3.0,6.0,26.0,2.0,4.0,2.0,2.0,1.0,0.0,2.0,3.0,0.0,2.0,5.0,2.0,1.0,3.0,1.0,1.0,1.0,1.0,5.0,6.0,5.0,2.0,4.0,1.0,2.0,0.0,1.0,2.0,4.0,2.0,10.0,0.0,0.0,0.0,2.0,1.0,0.0,1.0,0.0,0.0,3.0,1.0,1.0,4.0,1.0,1.0,3.0,2.0,1.0,0.0,1.0,3.0,4.0,1.0,1.0,0.0,0.0,0.0,1.0,3.0,0.0,15.0,2.0,2.0,0.0,3.0,1.0,1.0,0.0,1.0,3.0,1.0,2.0,1.0,1.0,2.0,2.0,3.0,3.0,4.0,1.0,2.0,2.0,3.0,1.0,2.0,2.0,2.0,1.0,4.0,1.0,1.0,8.0,0.0,1.0,0.0,2.0,2.0,0.0,0.0,1.0,1.0,2.0,2.0,0.0,1.0,1.0,3.0,0.0,2.0,0.0,2.0,2.0,1.0,0.0,2.0,0.0,0.0,2.0,3.0,0.0,1.0,2.0,17.0,0.0,2.0,1.0,2.0,1.0,4.0,5.0,1.0,2.0,2.0,1.0,1.0,0.0,2.0,1.0,2.0,0.0,4.0,3.0,1.0,1.0,1.0,1.0,0.0,0.0,0.0,1.0,3.0,0.0,1.0,13.0,2.0,2.0,0.0,1.0,0.0,0.0,2.0,0.0,3.0,0.0,2.0,2.0,1.0,1.0,0.0,1.0,0.0,1.0,0.0,0.0,1.0,2.0,0.0,1.0,1.0,1.0,0.0,0.0,4.0,2.0,11.0,0.0,0.0,0.0,0.0,4.0,0.0,2.0,1.0,2.0,0.0,1.0,1.0,1.0,2.0,3.0,1.0,3.0,2.0,3.0,1.0,2.0,2.0,3.0,3.0,2.0,1.0,0.0,2.0,0.0,0.0,18.0,0.0,0.0,2.0,0.0,1.0,3.0,1.0,0.0,1.0,2.0,1.0,2.0,1.0,2.0,0.0,3.0,0.0,1.0,1.0,0.0,0.0,2.0,3.0,1.0,2.0,3.0,3.0,1.0,2.0,0.0,5.0,0.0,2.0,1.0,0.0,0.0,0.0,0.0,1.0,2.0,0.0,1.0,2.0,1.0,1.0,1.0,1.0,0.0,2.0,2.0,1.0,1.0,2.0,0.0,1.0,0.0,1.0,0.0,1.0,4.0,0.0,3.0,0.0,1.0,0.0,2.0,0.0,0.0,2.0,1.0,0.0,0.0,0.0,1.0,0.0,2.0,2.0,2.0,1.0,0.0,1.0,1.0,5.0,1.0,1.0,2.0,4.0,0.0,2.0,0.0,1.0,0.0,13.0,2.0,0.0,0.0,1.0,1.0,0.0,0.0,0.0,0.0,0.0,2.0,2.0,0.0,1.0,1.0,0.0,2.0,2.0,3.0,2.0,2.0,0.0,1.0,2.0,1.0,4.0,2.0,4.0,3.0,0.0,20.0,3.0,2.0,1.0,2.0,5.0,1.0,1.0,4.0,1.0,0.0,1.0,1.0,0.0,1.0,1.0,0.0,3.0,3.0,3.0,0.0,0.0,0.0,0.0,1.0,1.0,0.0,1.0,1.0,0.0,1.0,7.0,0.0,0.0,1.0,3.0,0.0,0.0,1.0,1.0,1.0,0.0,0.0,2.0,0.0,2.0,1.0,0.0,5.0,0.0,1.0,3.0,1.0,0.0,1.0,0.0,1.0,0.0,1.0,0.0,0.0,0.0,6.0,0.0,2.0,1.0,4.0,0.0,1.0,1.0,1.0,0.0,2.0,0.0,1.0,0.0,1.0,0.0,1.0,0.0,1.0,2.0,2.0,1.0,2.0,1.0,2.0,1.0,1.0,0.0,2.0,2.0,0.0,13.0,1.0,2.0,1.0,1.0,0.0,1.0,0.0,1.0,3.0,7.0,2.0,1.0,0.0,1.0,1.0,0.0,1.0,1.0,0.0,0.0,3.0,2.0,1.0,0.0,0.0,1.0,1.0,1.0,0.0,1.0,6.0,1.0,1.0,1.0,1.0,0.0,0.0,4.0,2.0,1.0,0.0,1.0,0.0,0.0,2.0,4.0,2.0,5.0,1.0,2.0,0.0,1.0,1.0,2.0,1.0,1.0,1.0,0.0,0.0,2.0,2.0,18.0,0.0,1.0,1.0,2.0,0.0,3.0,1.0,1.0,2.0,5.0,2.0,1.0,2.0,0.0,1.0,2.0,2.0,1.0,2.0,1.0,1.0,0.0,3.0,2.0,0.0,0.0,0.0,2.0,0.0,2.0,10.0,1.0,0.0,2.0,1.0,0.0,3.0,2.0,1.0,3.0,1.0,1.0,1.0,2.0,2.0,1.0,1.0,4.0,0.0,1.0,2.0,2.0,0.0,1.0,1.0,1.0,0.0,0.0,0.0,1.0,1.0,5.0,0.0,1.0,1.0,1.0,1.0,1.0,1.0,0.0,0.0,1.0,1.0,4.0,3.0,3.0,0.0,0.0,0.0,5.0,2.0,0.0,1.0,2.0,1.0,0.0,1.0,0.0,0.0,2.0,0.0,0.0,7.0,0.0,1.0,2.0,6.0,0.0,1.0,3.0,0.0,0.0,3.0,4.0,1.0,4.0,1.0,3.0,0.0,1.0,2.0,1.0,2.0,2.0,2.0,0.0,1.0,1.0,1.0,2.0,3.0,2.0,3.0,8.0,0.0,1.0,0.0,0.0,1.0,1.0,0.0,0.0,0.0,4.0,4.0,2.0,1.0,0.0,0.0,1.0,2.0,3.0,2.0,0.0,3.0,1.0,1.0,3.0,0.0,1.0,0.0,0.0,1.0,0.0,9.0,0.0,0.0,1.0,0.0,3.0,0.0,1.0,4.0,2.0,2.0,1.0,0.0,2.0,1.0,1.0,0.0,1.0,2.0,3.0,1.0,1.0,2.0,0.0,1.0,4.0,1.0,3.0,5.0,3.0,1.0,23.0,0.0,0.0,0.0,3.0,0.0,0.0,5.0,4.0,1.0,5.0,2.0,3.0,2.0,1.0,1.0,2.0,0.0,0.0,1.0,1.0,0.0,3.0,1.0,0.0,3.0,1.0,0.0,1.0,5.0,2.0,19.0,1.0,2.0,1.0,1.0,3.0,2.0,2.0,1.0,1.0,1.0,4.0,1.0,1.0,0.0,0.0,3.0,0.0,3.0,0.0,0.0,2.0,0.0,1.0,0.0,0.0,2.0,3.0,0.0,1.0,2.0,15.0,2.0,0.0,0.0,0.0,1.0,1.0,1.0,1.0,5.0,1.0,0.0,1.0,0.0,0.0,0.0,1.0,2.0,1.0,0.0,1.0,0.0,1.0,2.0,0.0,1.0,2.0,2.0,1.0,2.0,0.0,8.0,3.0,1.0,0.0,3.0,1.0,1.0,1.0,1.0,0.0,1.0,1.0,1.0,2.0,1.0,2.0,5.0,0.0,1.0,1.0,5.0,0.0,2.0,1.0,1.0,0.0,2.0,3.0,1.0,0.0,0.0,9.0,0.0,2.0,1.0,1.0,0.0,0.0,0.0,2.0,1.0,1.0,0.0,2.0,0.0,1.0,0.0,2.0,0.0,3.0,0.0,0.0,0.0,0.0,0.0,1.0,1.0,2.0,0.0,0.0,2.0,0.0,5.0,1.0,3.0,3.0,0.0,2.0,0.0,0.0,1.0,0.0,0.0,2.0,1.0,2.0,0.0,0.0,0.0,0.0,0.0,1.0,1.0,0.0,1.0,3.0,1.0,1.0,1.0,3.0,0.0,1.0,0.0,8.0,0
23,4117.520465276828,260715.87199999994,2.3212306288499693,235.69682760515644,0.14094818824965874,0.10239358130975779,3.78,0.00868724287926293,13.0,0.0,2.0,4.0,1.0,1.0,1.0,3.0,7.0,1.0,3.0,6.0,1.0,0.0,4.0,5.0,1.0,1.0,2.0,3.0,3.0,3.0,2.0,4.0,3.0,4.0,1.0,3.0,3.0,3.0,2.0,11.0,4.0,2.0,4.0,0.0,0.0,2.0,4.0,2.0,1.0,0.0,2.0,4.0,1.0,0.0,4.0,1.0,3.0,3.0,3.0,4.0,3.0,1.0,1.0,1.0,0.0,2.0,1.0,4.0,2.0,7.0,13.0,3.0,1.0,3.0,2.0,2.0,2.0,0.0,2.0,0.0,2.0,2.0,0.0,0.0,2.0,0.0,0.0,1.0,4.0,1.0,3.0,1.0,4.0,3.0,3.0,0.0,0.0,3.0,2.0,2.0,3.0,9.0,0.0,2.0,1.0,1.0,4.0,3.0,1.0,1.0,3.0,1.0,3.0,1.0,3.0,1.0,1.0,2.0,2.0,0.0,2.0,2.0,2.0,2.0,4.0,2.0,4.0,1.0,4.0,0.0,1.0,0.0,7.0,1.0,3.0,4.0,2.0,2.0,2.0,2.0,1.0,0.0,1.0,2.0,3.0,1.0,1.0,0.0,1.0,3.0,1.0,1.0,2.0,2.0,0.0,1.0,1.0,2.0,2.0,2.0,1.0,3.0,1.0,2.0,1.0,2.0,4.0,0.0,1.0,2.0,1.0,1.0,0.0,0.0,1.0,2.0,3.0,2.0,2.0,1.0,0.0,1.0,4.0,2.0,4.0,2.0,2.0,0.0,4.0,4.0,2.0,1.0,0.0,1.0,8.0,2.0,2.0,1.0,0.0,0.0,0.0,1.0,0.0,0.0,0.0,1.0,1.0,1.0,2.0,2.0,1.0,2.0,4.0,3.0,1.0,1.0,1.0,1.0,1.0,2.0,1.0,3.0,2.0,1.0,0.0,7.0,3.0,2.0,1.0,2.0,3.0,2.0,1.0,3.0,2.0,1.0,1.0,1.0,1.0,1.0,0.0,0.0,3.0,0.0,2.0,1.0,4.0,1.0,3.0,0.0,0.0,3.0,1.0,0.0,4.0,2.0,9.0,3.0,2.0,0.0,7.0,2.0,0.0,1.0,2.0,3.0,3.0,3.0,0.0,2.0,5.0,1.0,3.0,2.0,3.0,4.0,4.0,3.0,4.0,2.0,3.0,1.0,2.0,0.0,0.0,1.0,2.0,5.0,0.0,2.0,3.0,3.0,3.0,1.0,1.0,1.0,3.0,2.0,2.0,1.0,0.0,0.0,6.0,0.0,1.0,1.0,4.0,1.0,5.0,3.0,1.0,1.0,3.0,2.0,3.0,3.0,4.0,0.0,5.0,1.0,1.0,1.0,1.0,2.0,2.0,5.0,2.0,1.0,1.0,2.0,0.0,2.0,0.0,2.0,0.0,1.0,1.0,2.0,2.0,1.0,3.0,1.0,1.0,1.0,0.0,2.0,3.0,2.0,2.0,9.0,4.0,2.0,1.0,0.0,0.0,1.0,0.0,4.0,3.0,1.0,2.0,3.0,2.0,1.0,1.0,0.0,0.0,1.0,1.0,3.0,2.0,3.0,1.0,1.0,2.0,1.0,1.0,3.0,2.0,3.0,4.0,1.0,0.0,1.0,3.0,1.0,4.0,1.0,2.0,1.0,0.0,1.0,3.0,3.0,0.0,4.0,3.0,2.0,2.0,1.0,2.0,3.0,0.0,0.0,1.0,1.0,2.0,0.0,2.0,0.0,0.0,5.0,2.0,2.0,0.0,3.0,1.0,0.0,0.0,1.0,2.0,1.0,1.0,1.0,4.0,1.0,4.0,3.0,1.0,2.0,5.0,0.0,0.0,1.0,0.0,3.0,2.0,3.0,2.0,1.0,1.0,1.0,9.0,2.0,0.0,0.0,2.0,3.0,1.0,0.0,3.0,1.0,5.0,2.0,1.0,2.0,0.0,0.0,0.0,3.0,2.0,0.0,3.0,0.0,1.0,2.0,3.0,0.0,0.0,1.0,2.0,2.0,2.0,6.0,0.0,2.0,3.0,1.0,1.0,3.0,2.0,2.0,3.0,3.0,3.0,2.0,2.0,0.0,0.0,1.0,1.0,5.0,0.0,5.0,1.0,1.0,1.0,2.0,4.0,3.0,1.0,2.0,1.0,2.0,3.0,2.0,1.0,2.0,2.0,3.0,3.0,0.0,2.0,3.0,0.0,1.0,1.0,1.0,4.0,3.0,0.0,2.0,0.0,1.0,3.0,2.0,1.0,1.0,3.0,1.0,2.0,1.0,0.0,2.0,1.0,3.0,2.0,2.0,4.0,2.0,0.0,4.0,0.0,2.0,5.0,1.0,2.0,1.0,5.0,3.0,3.0,1.0,5.0,4.0,0.0,3.0,0.0,1.0,1.0,0.0,0.0,0.0,1.0,2.0,1.0,3.0,9.0,0.0,1.0,0.0,3.0,3.0,0.0,0.0,2.0,1.0,1.0,0.0,6.0,1.0,3.0,0.0,0.0,2.0,0.0,2.0,1.0,5.0,0.0,1.0,1.0,2.0,2.0,2.0,1.0,2.0,4.0,15.0,2.0,1.0,2.0,1.0,1.0,0.0,3.0,1.0,1.0,0.0,2.0,2.0,0.0,0.0,2.0,2.0,3.0,1.0,2.0,3.0,3.0,0.0,3.0,1.0,2.0,3.0,2.0,1.0,1.0,2.0,10.0,1.0,0.0,0.0,2.0,0.0,4.0,1.0,2.0,1.0,3.0,2.0,2.0,1.0,3.0,3.0,1.0,1.0,2.0,2.0,3.0,4.0,4.0,0.0,2.0,2.0,4.0,2.0,0.0,1.0,2.0,7.0,1.0,4.0,3.0,1.0,1.0,1.0,0.0,0.0,4.0,4.0,2.0,2.0,3.0,1.0,1.0,0.0,0.0,2.0,1.0,2.0,1.0,0.0,1.0,1.0,1.0,0.0,1.0,0.0,1.0,1.0,6.0,5.0,3.0,2.0,1.0,1.0,1.0,3.0,1.0,1.0,2.0,6.0,4.0,1.0,1.0,0.0,4.0,3.0,4.0,2.0,3.0,2.0,1.0,2.0,0.0,3.0,1.0,2.0,0.0,8.0,3.0,12.0,0.0,0.0,2.0,2.0,2.0,0.0,3.0,2.0,1.0,1.0,1.0,6.0,4.0,1.0,2.0,2.0,2.0,2.0,0.0,0.0,4.0,4.0,3.0,3.0,0.0,5.0,1.0,2.0,3.0,4.0,24.0,1.0,2.0,3.0,4.0,2.0,5.0,1.0,1.0,3.0,0.0,1.0,0.0,3.0,2.0,1.0,0.0,0.0,1.0,1.0,1.0,2.0,1.0,2.0,0.0,1.0,1.0,2.0,3.0,5.0,2.0,11.0,2.0,1.0,0.0,4.0,3.0,5.0,1.0,1.0,4.0,0.0,1.0,0.0,1.0,1.0,5.0,2.0,0.0,2.0,3.0,1.0,3.0,4.0,1.0,1.0,1.0,3.0,0.0,4.0,3.0,0.0,14.0,0.0,3.0,1.0,2.0,0.0,3.0,1.0,1.0,1.0,2.0,0.0,1.0,2.0,1.0,3.0,2.0,1.0,1.0,0.0,3.0,1.0,1.0,1.0,1.0,1.0,0.0,2.0,2.0,4.0,0.0,5.0,4.0,1.0,0.0,2.0,2.0,3.0,0.0,3.0,1.0,0.0,4.0,1.0,2.0,0.0,4.0,4.0,5.0,3.0,0.0,3.0,1.0,2.0,2.0,4.0,1.0,1.0,2.0,1.0,1.0,1.0,5.0,2.0,2.0,0.0,0.0,2.0,1.0,3.0,2.0,0.0,0.0,3.0,2.0,3.0,0.0,1.0,1.0,2.0,6.0,2.0,1.0,0.0,0.0,1.0,0.0,4.0,2.0,1.0,3.0,1.0,0.0,5.0,0
24,2761.870026174217,136240.19885,2.2046720054019984,214.95233225987155,0.17896173271173266,0.11659559144559144,3.46,0.014890092386571154,30.0,0.0,5.0,3.0,3.0,4.0,2.0,6.0,4.0,3.0,6.0,2.0,1.0,3.0,3.0,3.0,1.0,5.0,6.0,3.0,2.0,2.0,4.0,2.0,1.0,1.0,3.0,3.0,3.0,5.0,4.0,31.0,7.0,1.0,3.0,3.0,3.0,4.0,3.0,5.0,1.0,2.0,1.0,6.0,1.0,1.0,0.0,0.0,3.0,2.0,1.0,1.0,2.0,3.0,1.0,3.0,2.0,4.0,5.0,3.0,2.0,3.0,20.0,0.0,0.0,3.0,0.0,1.0,4.0,3.0,0.0,1.0,2.0,1.0,1.0,3.0,1.0,5.0,3.0,5.0,3.0,1.0,1.0,2.0,1.0,0.0,2.0,3.0,1.0,2.0,5.0,2.0,5.0,21.0,2.0,2.0,1.0,0.0,3.0,2.0,1.0,2.0,0.0,1.0,4.0,2.0,3.0,3.0,1.0,3.0,1.0,1.0,2.0,3.0,2.0,1.0,4.0,0.0,0.0,2.0,3.0,1.0,1.0,1.0,11.0,0.0,1.0,0.0,1.0,1.0,0.0,2.0,2.0,1.0,2.0,1.0,6.0,2.0,3.0,1.0,1.0,2.0,0.0,3.0,4.0,1.0,1.0,0.0,0.0,0.0,6.0,5.0,2.0,3.0,1.0,23.0,1.0,3.0,0.0,1.0,2.0,1.0,2.0,0.0,1.0,2.0,0.0,0.0,1.0,0.0,2.0,3.0,2.0,7.0,2.0,0.0,2.0,0.0,2.0,0.0,2.0,1.0,1.0,0.0,0.0,1.0,12.0,1.0,0.0,2.0,2.0,0.0,2.0,4.0,0.0,1.0,1.0,1.0,3.0,1.0,1.0,2.0,1.0,0.0,2.0,1.0,2.0,0.0,3.0,0.0,4.0,1.0,0.0,3.0,1.0,1.0,0.0,14.0,2.0,0.0,0.0,1.0,3.0,3.0,0.0,0.0,0.0,0.0,2.0,0.0,2.0,8.0,0.0,2.0,1.0,1.0,1.0,1.0,3.0,1.0,4.0,5.0,3.0,1.0,0.0,1.0,1.0,0.0,10.0,1.0,3.0,0.0,2.0,0.0,2.0,3.0,3.0,2.0,3.0,4.0,3.0,4.0,0.0,2.0,2.0,1.0,4.0,0.0,0.0,0.0,4.0,4.0,1.0,2.0,0.0,2.0,1.0,2.0,0.0,14.0,1.0,1.0,4.0,0.0,0.0,4.0,1.0,2.0,2.0,0.0,2.0,0.0,1.0,1.0,0.0,0.0,2.0,1.0,0.0,0.0,2.0,2.0,2.0,1.0,4.0,2.0,2.0,1.0,0.0,0.0,16.0,2.0,3.0,1.0,2.0,1.0,0.0,0.0,1.0,1.0,3.0,1.0,3.0,1.0,2.0,2.0,2.0,0.0,0.0,2.0,3.0,4.0,1.0,0.0,0.0,2.0,1.0,0.0,2.0,0.0,1.0,10.0,1.0,1.0,0.0,0.0,1.0,0.0,3.0,3.0,0.0,1.0,2.0,1.0,1.0,0.0,0.0,0.0,1.0,4.0,3.0,3.0,3.0,3.0,4.0,4.0,1.0,3.0,4.0,4.0,0.0,0.0,16.0,3.0,2.0,2.0,2.0,2.0,1.0,3.0,0.0,1.0,0.0,1.0,1.0,2.0,2.0,2.0,2.0,3.0,1.0,5.0,3.0,2.0,3.0,0.0,2.0,3.0,1.0,1.0,1.0,1.0,2.0,9.0,1.0,1.0,2.0,2.0,0.0,0.0,3.0,0.0,0.0,3.0,0.0,1.0,5.0,1.0,2.0,1.0,3.0,1.0,1.0,1.0,2.0,1.0,2.0,3.0,0.0,1.0,3.0,1.0,3.0,3.0,19.0,3.0,2.0,1.0,2.0,0.0,1.0,1.0,2.0,1.0,3.0,0.0,1.0,0.0,1.0,2.0,5.0,2.0,2.0,2.0,0.0,2.0,1.0,0.0,2.0,0.0,5.0,0.0,2.0,0.0,1.0,11.0,0.0,1.0,4.0,3.0,0.0,2.0,2.0,4.0,7.0,4.0,0.0,2.0,0.0,2.0,2.0,4.0,4.0,0.0,3.0,1.0,0.0,1.0,1.0,2.0,1.0,0.0,5.0,1.0,2.0,2.0,7.0,0.0,1.0,1.0,0.0,0.0,0.0,1.0,2.0,0.0,1.0,2.0,1.0,2.0,4.0,4.0,0.0,0.0,1.0,6.0,0.0,1.0,1.0,2.0,1.0,0.0,4.0,1.0,3.0,1.0,0.0,12.0,2.0,1.0,1.0,1.0,4.0,1.0,2.0,1.0,2.0,1.0,3.0,1.0,4.0,2.0,0.0,2.0,2.0,2.0,2.0,2.0,4.0,0.0,2.0,2.0,2.0,3.0,4.0,5.0,0.0,1.0,16.0,1.0,1.0,1.0,2.0,1.0,3.0,2.0,1.0,3.0,1.0,3.0,2.0,4.0,1.0,5.0,2.0,2.0,0.0,2.0,3.0,3.0,1.0,1.0,0.0,2.0,0.0,0.0,1.0,0.0,1.0,12.0,1.0,2.0,3.0,2.0,2.0,1.0,0.0,1.0,3.0,0.0,2.0,2.0,1.0,1.0,4.0,0.0,1.0,0.0,1.0,0.0,2.0,1.0,1.0,1.0,2.0,2.0,3.0,3.0,3.0,0.0,13.0,2.0,1.0,2.0,1.0,4.0,3.0,4.0,0.0,0.0,1.0,5.0,0.0,1.0,0.0,1.0,1.0,1.0,2.0,1.0,0.0,0.0,4.0,2.0,1.0,1.0,3.0,1.0,1.0,2.0,2.0,18.0,0.0,2.0,0.0,7.0,3.0,1.0,3.0,0.0,3.0,1.0,2.0,6.0,0.0,1.0,4.0,0.0,0.0,2.0,2.0,1.0,0.0,0.0,2.0,2.0,0.0,2.0,2.0,1.0,0.0,1.0,9.0,1.0,2.0,2.0,2.0,0.0,1.0,1.0,1.0,4.0,1.0,2.0,0.0,0.0,3.0,1.0,2.0,0.0,2.0,4.0,5.0,0.0,5.0,2.0,2.0,2.0,1.0,3.0,1.0,1.0,0.0,13.0,3.0,1.0,0.0,3.0,2.0,1.0,2.0,2.0,1.0,7.0,0.0,4.0,0.0,1.0,2.0,0.0,0.0,1.0,1.0,2.0,2.0,5.0,0.0,2.0,1.0,4.0,2.0,0.0,4.0,4.0,7.0,0.0,1.0,0.0,0.0,2.0,5.0,1.0,1.0,3.0,1.0,2.0,1.0,1.0,2.0,2.0,1.0,1.0,0.0,1.0,1.0,2.0,2.0,1.0,3.0,1.0,2.0,2.0,1.0,0.0,1.0,12.0,0.0,0.0,3.0,4.0,5.0,1.0,1.0,2.0,0.0,2.0,1.0,1.0,1.0,2.0,1.0,1.0,4.0,0.0,0.0,1.0,2.0,1.0,1.0,1.0,6.0,2.0,3.0,0.0,1.0,2.0,15.0,4.0,2.0,1.0,1.0,1.0,0.0,2.0,0.0,1.0,1.0,1.0,3.0,0.0,0.0,1.0,4.0,2.0,2.0,4.0,2.0,0.0,2.0,0.0,3.0,0.0,0.0,2.0,0.0,2.0,1.0,8.0,1.0,1.0,5.0,3.0,3.0,2.0,1.0,0.0,1.0,2.0,3.0,0.0,2.0,2.0,0.0,1.0,0.0,0.0,0.0,6.0,1.0,0.0,2.0,1.0,0.0,0.0,1.0,2.0,1.0,1.0,9.0,3.0,2.0,2.0,2.0,2.0,4.0,1.0,1.0,0.0,3.0,0.0,2.0,2.0,1.0,4.0,1.0,1.0,1.0,4.0,1.0,1.0,1.0,3.0,1.0,0.0,2.0,3.0,1.0,0.0,0.0,17.0,0
25,2653.464305097574,135940.74320000003,2.0635150427930857,269.748169068032,0.21095559995559995,0.16613660968660965,3.64,-0.12871028698532333,6.0,4.0,2.0,3.0,2.0,2.0,3.0,1.0,6.0,2.0,1.0,3.0,5.0,2.0,1.0,0.0,1.0,4.0,2.0,2.0,0.0,2.0,7.0,1.0,2.0,1.0,2.0,1.0,1.0,2.0,3.0,27.0,4.0,11.0,1.0,2.0,3.0,0.0,2.0,2.0,4.0,3.0,1.0,0.0,3.0,4.0,2.0,3.0,5.0,4.0,3.0,5.0,4.0,3.0,5.0,0.0,3.0,7.0,2.0,1.0,1.0,5.0,9.0,0.0,0.0,1.0,2.0,0.0,0.0,1.0,0.0,2.0,1.0,2.0,0.0,1.0,3.0,1.0,2.0,0.0,2.0,0.0,0.0,0.0,0.0,3.0,2.0,0.0,0.0,1.0,3.0,4.0,1.0,8.0,0.0,2.0,0.0,2.0,1.0,2.0,3.0,2.0,2.0,1.0,2.0,0.0,3.0,2.0,2.0,5.0,3.0,2.0,3.0,3.0,4.0,1.0,0.0,1.0,0.0,0.0,1.0,1.0,0.0,1.0,6.0,1.0,2.0,1.0,0.0,0.0,0.0,1.0,3.0,2.0,4.0,0.0,1.0,0.0,1.0,1.0,2.0,2.0,1.0,0.0,1.0,0.0,2.0,0.0,0.0,3.0,3.0,3.0,2.0,2.0,1.0,12.0,0.0,0.0,3.0,4.0,0.0,0.0,1.0,1.0,1.0,0.0,0.0,1.0,2.0,0.0,1.0,1.0,1.0,0.0,0.0,2.0,2.0,2.0,0.0,1.0,6.0,5.0,0.0,1.0,2.0,2.0,3.0,0.0,0.0,0.0,1.0,2.0,1.0,2.0,0.0,1.0,0.0,0.0,0.0,0.0,1.0,3.0,3.0,1.0,1.0,1.0,1.0,0.0,0.0,0.0,1.0,2.0,0.0,0.0,4.0,0.0,2.0,7.0,1.0,1.0,3.0,1.0,2.0,1.0,2.0,2.0,0.0,0.0,2.0,1.0,1.0,2.0,0.0,3.0,6.0,0.0,3.0,3.0,1.0,0.0,4.0,6.0,1.0,1.0,1.0,0.0,0.0,1.0,8.0,0.0,2.0,2.0,0.0,2.0,1.0,1.0,0.0,1.0,1.0,1.0,0.0,3.0,2.0,0.0,1.0,3.0,3.0,3.0,1.0,1.0,4.0,1.0,1.0,3.0,0.0,1.0,0.0,3.0,3.0,4.0,1.0,0.0,1.0,1.0,1.0,2.0,0.0,0.0,0.0,0.0,2.0,1.0,2.0,5.0,1.0,0.0,4.0,1.0,0.0,0.0,1.0,5.0,0.0,2.0,0.0,2.0,0.0,1.0,2.0,1.0,5.0,0.0,1.0,1.0,0.0,2.0,0.0,1.0,1.0,2.0,1.0,2.0,2.0,4.0,1.0,1.0,1.0,0.0,0.0,2.0,3.0,1.0,2.0,0.0,0.0,1.0,0.0,6.0,0.0,3.0,0.0,2.0,3.0,0.0,1.0,0.0,0.0,2.0,1.0,1.0,1.0,4.0,2.0,0.0,0.0,1.0,3.0,0.0,3.0,3.0,4.0,2.0,0.0,1.0,1.0,1.0,4.0,3.0,1.0,2.0,1.0,4.0,15.0,2.0,2.0,5.0,3.0,2.0,0.0,1.0,3.0,5.0,2.0,0.0,2.0,2.0,2.0,1.0,0.0,2.0,2.0,6.0,0.0,0.0,2.0,0.0,0.0,1.0,1.0,0.0,2.0,0.0,1.0,5.0,0.0,0.0,2.0,0.0,1.0,1.0,1.0,0.0,1.0,1.0,0.0,0.0,1.0,3.0,2.0,2.0,0.0,3.0,0.0,2.0,5.0,0.0,3.0,1.0,1.0,0.0,0.0,0.0,2.0,1.0,6.0,1.0,1.0,1.0,1.0,2.0,2.0,0.0,2.0,0.0,1.0,1.0,2.0,0.0,0.0,2.0,4.0,1.0,2.0,2.0,1.0,3.0,0.0,3.0,1.0,0.0,2.0,0.0,2.0,1.0,0.0,5.0,0.0,0.0,1.0,2.0,1.0,1.0,0.0,2.0,1.0,2.0,3.0,2.0,0.0,1.0,2.0,0.0,0.0,1.0,0.0,1.0,0.0,1.0,5.0,0.0,1.0,1.0,2.0,0.0,0.0,1.0,2.0,1.0,1.0,2.0,0.0,1.0,1.0,1.0,2.0,2.0,0.0,4.0,1.0,0.0,2.0,3.0,0.0,2.0,1.0,0.0,1.0,1.0,0.0,0.0,0.0,1.0,2.0,0.0,0.0,5.0,1.0,2.0,0.0,0.0,2.0,0.0,1.0,4.0,0.0,0.0,4.0,1.0,2.0,4.0,2.0,5.0,1.0,3.0,0.0,0.0,0.0,2.0,0.0,0.0,0.0,0.0,0.0,1.0,5.0,2.0,0.0,1.0,4.0,0.0,1.0,0.0,0.0,0.0,2.0,0.0,4.0,3.0,1.0,3.0,2.0,3.0,0.0,2.0,0.0,2.0,1.0,0.0,0.0,2.0,1.0,2.0,2.0,1.0,0.0,2.0,3.0,1.0,0.0,8.0,0.0,1.0,3.0,0.0,1.0,1.0,1.0,3.0,2.0,3.0,1.0,6.0,1.0,2.0,1.0,0.0,2.0,0.0,0.0,0.0,2.0,2.0,3.0,2.0,1.0,0.0,1.0,1.0,2.0,5.0,5.0,1.0,2.0,1.0,3.0,0.0,0.0,1.0,1.0,2.0,3.0,4.0,2.0,3.0,0.0,0.0,0.0,0.0,5.0,1.0,1.0,1.0,6.0,1.0,1.0,1.0,2.0,2.0,1.0,2.0,1.0,10.0,0.0,2.0,0.0,0.0,4.0,4.0,0.0,2.0,2.0,4.0,1.0,2.0,1.0,1.0,1.0,5.0,1.0,2.0,2.0,0.0,3.0,2.0,2.0,0.0,0.0,2.0,1.0,0.0,2.0,0.0,3.0,3.0,1.0,1.0,3.0,1.0,1.0,1.0,4.0,4.0,2.0,0.0,1.0,4.0,4.0,0.0,0.0,0.0,1.0,2.0,1.0,0.0,0.0,0.0,2.0,1.0,0.0,2.0,2.0,3.0,3.0,6.0,1.0,1.0,0.0,3.0,2.0,1.0,1.0,0.0,2.0,0.0,2.0,0.0,1.0,2.0,1.0,2.0,1.0,2.0,2.0,0.0,1.0,6.0,1.0,1.0,3.0,1.0,3.0,4.0,0.0,2.0,10.0,0.0,3.0,0.0,1.0,2.0,0.0,1.0,1.0,3.0,2.0,1.0,0.0,1.0,0.0,4.0,0.0,2.0,0.0,0.0,1.0,0.0,0.0,0.0,1.0,3.0,3.0,0.0,0.0,0.0,1.0,5.0,0.0,2.0,2.0,1.0,1.0,4.0,2.0,2.0,2.0,3.0,3.0,0.0,4.0,3.0,2.0,2.0,4.0,2.0,4.0,0.0,1.0,2.0,0.0,0.0,1.0,2.0,1.0,3.0,1.0,1.0,6.0,2.0,3.0,4.0,2.0,5.0,1.0,2.0,0.0,1.0,1.0,5.0,3.0,3.0,1.0,1.0,4.0,1.0,0.0,1.0,1.0,4.0,1.0,1.0,0.0,1.0,2.0,2.0,2.0,2.0,2.0,14.0,0.0,1.0,1.0,1.0,1.0,1.0,0.0,0.0,0.0,2.0,1.0,0.0,1.0,5.0,1.0,1.0,1.0,0.0,0.0,0.0,3.0,0.0,0.0,1.0,0.0,1.0,0.0,0.0,3.0,1.0,8.0,1.0,2.0,1.0,1.0,2.0,1.0,3.0,1.0,2.0,0.0,3.0,3.0,0.0,2.0,0.0,0.0,1.0,2.0,3.0,1.0,0.0,4.0,2.0,0.0,2.0,4.0,3.0,2.0,1.0,0.0,7.0,0
26,2032.7103056733315,105152.57835051545,2.0193954240111593,288.5840699577357,0.21033900234931166,0.16173527121980727,3.9690721649484537,-0.011740943886388746,9.0,3.0,3.0,5.0,2.0,2.0,1.0,2.0,2.0,1.0,0.0,4.0,1.0,1.0,0.0,1.0,3.0,2.0,4.0,1.0,2.0,2.0,3.0,1.0,0.0,1.0,4.0,3.0,0.0,1.0,2.0,17.0,2.0,3.0,5.0,1.0,1.0,2.0,0.0,0.0,1.0,5.0,3.0,2.0,3.0,5.0,2.0,2.0,2.0,5.0,2.0,1.0,0.0,2.0,0.0,2.0,1.0,1.0,1.0,3.0,2.0,4.0,29.0,1.0,0.0,0.0,1.0,2.0,2.0,1.0,4.0,0.0,5.0,1.0,1.0,2.0,3.0,3.0,0.0,6.0,0.0,1.0,0.0,0.0,1.0,1.0,1.0,1.0,0.0,2.0,0.0,3.0,1.0,6.0,0.0,3.0,2.0,1.0,0.0,1.0,2.0,4.0,3.0,0.0,3.0,1.0,4.0,1.0,3.0,2.0,0.0,0.0,4.0,1.0,3.0,2.0,1.0,0.0,1.0,3.0,3.0,4.0,1.0,0.0,10.0,0.0,1.0,1.0,3.0,1.0,0.0,0.0,3.0,0.0,0.0,1.0,1.0,0.0,1.0,1.0,0.0,1.0,2.0,0.0,2.0,3.0,1.0,0.0,0.0,2.0,2.0,1.0,1.0,1.0,0.0,8.0,0.0,2.0,2.0,2.0,1.0,0.0,3.0,0.0,2.0,1.0,0.0,1.0,0.0,2.0,1.0,1.0,2.0,3.0,2.0,2.0,6.0,2.0,1.0,0.0,0.0,1.0,3.0,2.0,0.0,2.0,8.0,2.0,1.0,0.0,2.0,0.0,2.0,0.0,0.0,0.0,1.0,0.0,2.0,3.0,1.0,1.0,2.0,4.0,1.0,1.0,1.0,1.0,2.0,0.0,3.0,2.0,0.0,1.0,2.0,0.0,1.0,9.0,2.0,1.0,1.0,1.0,3.0,0.0,3.0,1.0,3.0,2.0,0.0,2.0,2.0,0.0,0.0,1.0,4.0,1.0,1.0,1.0,2.0,0.0,3.0,3.0,0.0,1.0,2.0,3.0,2.0,0.0,9.0,1.0,1.0,1.0,2.0,1.0,1.0,0.0,4.0,1.0,2.0,0.0,1.0,1.0,0.0,0.0,2.0,1.0,2.0,3.0,0.0,2.0,1.0,1.0,1.0,1.0,1.0,2.0,1.0,1.0,2.0,12.0,1.0,0.0,4.0,0.0,2.0,2.0,1.0,1.0,0.0,2.0,1.0,1.0,1.0,1.0,2.0,1.0,1.0,1.0,1.0,0.0,0.0,4.0,2.0,1.0,2.0,1.0,1.0,2.0,2.0,0.0,16.0,2.0,3.0,2.0,0.0,2.0,0.0,1.0,1.0,2.0,1.0,0.0,3.0,4.0,1.0,1.0,0.0,1.0,0.0,2.0,0.0,1.0,0.0,3.0,0.0,0.0,0.0,0.0,0.0,2.0,2.0,11.0,2.0,0.0,2.0,2.0,2.0,0.0,1.0,1.0,3.0,1.0,3.0,3.0,1.0,0.0,2.0,2.0,1.0,1.0,2.0,3.0,1.0,2.0,1.0,4.0,3.0,3.0,3.0,3.0,0.0,2.0,22.0,3.0,2.0,1.0,2.0,2.0,4.0,0.0,1.0,2.0,1.0,1.0,1.0,2.0,2.0,2.0,0.0,5.0,1.0,3.0,2.0,0.0,2.0,0.0,1.0,0.0,2.0,1.0,2.0,2.0,1.0,12.0,0.0,1.0,0.0,1.0,1.0,0.0,1.0,0.0,2.0,1.0,3.0,1.0,1.0,0.0,2.0,1.0,1.0,0.0,2.0,2.0,0.0,1.0,0.0,1.0,1.0,1.0,0.0,1.0,1.0,1.0,11.0,1.0,1.0,2.0,4.0,2.0,0.0,1.0,0.0,3.0,3.0,0.0,1.0,2.0,3.0,0.0,5.0,2.0,2.0,1.0,2.0,2.0,3.0,1.0,2.0,1.0,2.0,2.0,3.0,1.0,0.0,10.0,0.0,3.0,1.0,0.0,0.0,0.0,2.0,1.0,1.0,1.0,0.0,3.0,1.0,2.0,6.0,3.0,1.0,0.0,2.0,0.0,2.0,2.0,1.0,1.0,1.0,0.0,2.0,1.0,0.0,0.0,4.0,0.0,2.0,2.0,0.0,2.0,2.0,2.0,1.0,3.0,5.0,3.0,0.0,0.0,2.0,2.0,6.0,3.0,1.0,3.0,1.0,1.0,1.0,1.0,0.0,0.0,1.0,0.0,1.0,0.0,2.0,8.0,0.0,1.0,1.0,1.0,0.0,3.0,1.0,0.0,2.0,0.0,0.0,1.0,3.0,3.0,1.0,3.0,0.0,0.0,2.0,3.0,1.0,0.0,4.0,1.0,3.0,2.0,0.0,0.0,1.0,2.0,10.0,1.0,0.0,0.0,1.0,1.0,0.0,0.0,0.0,0.0,0.0,1.0,4.0,5.0,1.0,2.0,1.0,1.0,0.0,1.0,4.0,2.0,0.0,1.0,0.0,1.0,1.0,4.0,0.0,0.0,1.0,14.0,2.0,0.0,0.0,5.0,2.0,2.0,0.0,2.0,2.0,1.0,1.0,3.0,2.0,0.0,0.0,2.0,1.0,5.0,1.0,1.0,4.0,0.0,1.0,1.0,0.0,0.0,1.0,0.0,0.0,0.0,11.0,0.0,1.0,0.0,0.0,1.0,2.0,2.0,1.0,2.0,0.0,0.0,1.0,0.0,0.0,2.0,1.0,0.0,0.0,1.0,1.0,0.0,1.0,1.0,2.0,0.0,0.0,1.0,0.0,1.0,1.0,7.0,1.0,0.0,3.0,0.0,3.0,1.0,1.0,1.0,3.0,0.0,2.0,4.0,1.0,1.0,4.0,3.0,1.0,2.0,2.0,2.0,2.0,2.0,1.0,1.0,1.0,0.0,0.0,2.0,1.0,1.0,12.0,2.0,0.0,0.0,0.0,0.0,1.0,1.0,0.0,1.0,1.0,3.0,3.0,2.0,1.0,1.0,1.0,1.0,2.0,2.0,1.0,1.0,3.0,5.0,2.0,1.0,0.0,1.0,2.0,0.0,0.0,13.0,0.0,0.0,2.0,4.0,2.0,0.0,2.0,3.0,2.0,2.0,0.0,2.0,1.0,0.0,1.0,1.0,3.0,0.0,1.0,1.0,1.0,3.0,1.0,0.0,1.0,0.0,2.0,3.0,3.0,1.0,14.0,1.0,0.0,1.0,1.0,1.0,1.0,0.0,0.0,3.0,0.0,2.0,1.0,2.0,2.0,2.0,0.0,0.0,1.0,1.0,0.0,0.0,3.0,2.0,0.0,3.0,2.0,1.0,1.0,1.0,0.0,9.0,1.0,1.0,0.0,1.0,4.0,1.0,2.0,0.0,2.0,2.0,1.0,0.0,0.0,3.0,0.0,2.0,3.0,2.0,2.0,4.0,2.0,3.0,1.0,2.0,1.0,0.0,1.0,0.0,1.0,1.0,18.0,1.0,1.0,0.0,0.0,2.0,4.0,1.0,1.0,2.0,2.0,1.0,3.0,1.0,1.0,0.0,2.0,3.0,2.0,1.0,2.0,2.0,0.0,0.0,3.0,0.0,1.0,0.0,0.0,2.0,1.0,23.0,1.0,0.0,1.0,0.0,0.0,1.0,2.0,1.0,0.0,1.0,0.0,0.0,2.0,3.0,0.0,1.0,1.0,2.0,1.0,1.0,0.0,2.0,0.0,0.0,3.0,1.0,1.0,1.0,1.0,0.0,16.0,1.0,4.0,1.0,1.0,3.0,0.0,0.0,0.0,0.0,0.0,2.0,2.0,0.0,1.0,3.0,2.0,3.0,0.0,1.0,2.0,1.0,1.0,2.0,1.0,0.0,2.0,0.0,0.0,0.0,2.0,12.0,0
28,1760.666494242665,84300.44216494843,1.8867490733333836,328.4296867718563,0.2362167614744934,0.09001658707844273,3.7216494845360826,-0.03083807383910207,18.0,4.0,3.0,1.0,2.0,0.0,1.0,6.0,3.0,0.0,1.0,1.0,5.0,0.0,2.0,4.0,0.0,5.0,3.0,2.0,3.0,4.0,4.0,1.0,1.0,2.0,1.0,3.0,3.0,2.0,2.0,14.0,3.0,4.0,4.0,4.0,1.0,2.0,3.0,1.0,2.0,2.0,0.0,1.0,3.0,1.0,2.0,4.0,4.0,2.0,1.0,3.0,1.0,3.0,0.0,5.0,5.0,3.0,0.0,3.0,3.0,3.0,6.0,3.0,0.0,2.0,0.0,0.0,0.0,1.0,0.0,1.0,3.0,1.0,1.0,1.0,1.0,1.0,1.0,3.0,1.0,4.0,1.0,0.0,3.0,2.0,1.0,1.0,1.0,1.0,4.0,1.0,1.0,6.0,0.0,1.0,2.0,1.0,0.0,1.0,1.0,1.0,1.0,0.0,1.0,0.0,0.0,2.0,2.0,2.0,0.0,1.0,2.0,0.0,3.0,0.0,0.0,1.0,0.0,3.0,2.0,2.0,0.0,0.0,10.0,0.0,1.0,0.0,1.0,2.0,0.0,0.0,2.0,0.0,2.0,1.0,0.0,1.0,1.0,0.0,1.0,1.0,0.0,2.0,1.0,1.0,1.0,1.0,0.0,0.0,2.0,4.0,1.0,1.0,1.0,7.0,1.0,0.0,2.0,0.0,1.0,2.0,3.0,2.0,0.0,1.0,0.0,2.0,1.0,0.0,1.0,1.0,1.0,1.0,1.0,2.0,0.0,0.0,1.0,0.0,4.0,2.0,0.0,0.0,1.0,3.0,10.0,2.0,0.0,1.0,0.0,1.0,2.0,2.0,3.0,0.0,1.0,0.0,0.0,0.0,2.0,0.0,0.0,2.0,0.0,0.0,2.0,1.0,1.0,1.0,4.0,1.0,0.0,0.0,0.0,2.0,1.0,9.0,1.0,1.0,0.0,1.0,3.0,0.0,0.0,1.0,0.0,0.0,2.0,0.0,1.0,0.0,1.0,2.0,1.0,3.0,2.0,2.0,0.0,0.0,1.0,4.0,2.0,1.0,0.0,1.0,0.0,1.0,10.0,0.0,0.0,1.0,0.0,1.0,0.0,0.0,0.0,3.0,3.0,2.0,0.0,0.0,0.0,1.0,0.0,4.0,0.0,2.0,2.0,0.0,4.0,1.0,1.0,0.0,2.0,1.0,0.0,1.0,0.0,4.0,2.0,0.0,0.0,0.0,0.0,1.0,1.0,0.0,0.0,1.0,0.0,1.0,0.0,0.0,0.0,1.0,1.0,3.0,1.0,1.0,0.0,3.0,1.0,0.0,1.0,0.0,0.0,1.0,0.0,1.0,5.0,0.0,0.0,1.0,2.0,1.0,1.0,0.0,0.0,0.0,0.0,1.0,1.0,0.0,2.0,0.0,0.0,0.0,1.0,1.0,1.0,2.0,3.0,2.0,0.0,1.0,0.0,0.0,1.0,2.0,0.0,7.0,2.0,1.0,1.0,1.0,1.0,1.0,2.0,0.0,1.0,2.0,0.0,0.0,2.0,1.0,1.0,0.0,2.0,1.0,4.0,3.0,3.0,1.0,1.0,2.0,1.0,3.0,3.0,1.0,1.0,0.0,30.0,3.0,4.0,2.0,3.0,3.0,4.0,3.0,1.0,3.0,1.0,4.0,1.0,0.0,1.0,3.0,1.0,0.0,1.0,1.0,1.0,4.0,1.0,1.0,1.0,2.0,0.0,0.0,1.0,1.0,4.0,6.0,0.0,0.0,1.0,1.0,0.0,1.0,4.0,0.0,1.0,1.0,1.0,0.0,0.0,0.0,0.0,0.0,5.0,0.0,1.0,1.0,0.0,0.0,2.0,0.0,1.0,0.0,0.0,0.0,3.0,1.0,6.0,0.0,2.0,0.0,2.0,0.0,0.0,0.0,2.0,5.0,0.0,0.0,1.0,2.0,0.0,3.0,3.0,1.0,0.0,0.0,2.0,2.0,1.0,1.0,1.0,0.0,0.0,2.0,0.0,0.0,1.0,8.0,1.0,0.0,2.0,1.0,1.0,1.0,0.0,1.0,7.0,0.0,0.0,1.0,0.0,0.0,3.0,1.0,2.0,0.0,0.0,0.0,2.0,0.0,1.0,0.0,0.0,0.0,1.0,0.0,0.0,2.0,9.0,0.0,0.0,0.0,1.0,0.0,1.0,1.0,1.0,4.0,0.0,1.0,0.0,1.0,4.0,5.0,0.0,3.0,1.0,0.0,1.0,0.0,1.0,1.0,1.0,0.0,3.0,1.0,0.0,1.0,0.0,10.0,1.0,0.0,1.0,2.0,1.0,5.0,2.0,4.0,1.0,0.0,1.0,0.0,2.0,2.0,1.0,0.0,0.0,1.0,0.0,2.0,3.0,0.0,1.0,2.0,1.0,0.0,0.0,1.0,1.0,1.0,6.0,2.0,0.0,0.0,1.0,1.0,2.0,1.0,2.0,2.0,3.0,2.0,1.0,4.0,4.0,3.0,1.0,0.0,0.0,1.0,0.0,1.0,0.0,3.0,0.0,0.0,1.0,0.0,1.0,0.0,1.0,7.0,2.0,0.0,0.0,0.0,1.0,0.0,0.0,0.0,0.0,0.0,1.0,2.0,2.0,2.0,0.0,1.0,1.0,0.0,1.0,0.0,1.0,4.0,1.0,4.0,2.0,2.0,0.0,0.0,0.0,2.0,8.0,0.0,0.0,1.0,1.0,1.0,0.0,0.0,0.0,2.0,2.0,6.0,3.0,0.0,0.0,1.0,1.0,0.0,0.0,1.0,0.0,1.0,5.0,1.0,0.0,0.0,2.0,2.0,1.0,1.0,1.0,5.0,1.0,1.0,1.0,2.0,2.0,2.0,0.0,1.0,2.0,3.0,1.0,0.0,0.0,1.0,0.0,0.0,0.0,1.0,2.0,0.0,2.0,3.0,2.0,0.0,0.0,1.0,0.0,1.0,1.0,1.0,6.0,2.0,3.0,0.0,0.0,0.0,0.0,0.0,0.0,0.0,2.0,0.0,3.0,3.0,2.0,2.0,1.0,1.0,3.0,1.0,2.0,0.0,2.0,1.0,0.0,3.0,0.0,1.0,1.0,2.0,2.0,12.0,1.0,0.0,0.0,3.0,3.0,0.0,1.0,4.0,0.0,1.0,1.0,2.0,3.0,0.0,2.0,0.0,0.0,2.0,1.0,1.0,0.0,6.0,2.0,4.0,1.0,0.0,1.0,2.0,0.0,0.0,12.0,1.0,2.0,1.0,0.0,0.0,3.0,4.0,0.0,0.0,1.0,2.0,2.0,1.0,0.0,0.0,0.0,2.0,4.0,2.0,1.0,0.0,0.0,1.0,0.0,0.0,4.0,3.0,2.0,2.0,0.0,17.0,1.0,0.0,2.0,1.0,2.0,2.0,1.0,1.0,0.0,0.0,2.0,2.0,1.0,2.0,0.0,1.0,2.0,2.0,0.0,0.0,0.0,4.0,1.0,0.0,0.0,2.0,0.0,0.0,0.0,0.0,10.0,1.0,1.0,0.0,2.0,2.0,1.0,1.0,1.0,0.0,2.0,0.0,2.0,4.0,1.0,1.0,4.0,0.0,1.0,1.0,2.0,1.0,0.0,0.0,1.0,2.0,2.0,1.0,1.0,1.0,1.0,15.0,0.0,0.0,3.0,2.0,2.0,0.0,0.0,0.0,0.0,1.0,1.0,0.0,0.0,1.0,3.0,1.0,1.0,0.0,0.0,0.0,2.0,0.0,0.0,1.0,0.0,0.0,1.0,1.0,2.0,1.0,4.0,1.0,1.0,0.0,1.0,2.0,0.0,1.0,3.0,0.0,0.0,1.0,1.0,0.0,3.0,0.0,1.0,1.0,0.0,0.0,0.0,0.0,1.0,1.0,1.0,2.0,0.0,2.0,0.0,1.0,1.0,4.0,0
29,2058.463650420302,97096.15242424242,1.996029421301503,297.0368831868376,0.22842746479110115,0.1514420231844474,3.585858585858586,-0.008965609648787719,16.0,4.0,4.0,2.0,1.0,2.0,0.0,1.0,1.0,2.0,1.0,3.0,4.0,2.0,2.0,4.0,4.0,4.0,2.0,6.0,2.0,2.0,2.0,0.0,2.0,2.0,3.0,2.0,1.0,4.0,0.0,10.0,3.0,2.0,2.0,4.0,4.0,1.0,5.0,1.0,2.0,2.0,3.0,1.0,1.0,1.0,3.0,1.0,2.0,0.0,2.0,2.0,2.0,4.0,0.0,2.0,0.0,1.0,1.0,2.0,4.0,2.0,9.0,0.0,1.0,0.0,0.0,2.0,3.0,0.0,1.0,1.0,4.0,3.0,1.0,0.0,3.0,1.0,1.0,1.0,3.0,1.0,4.0,2.0,0.0,3.0,0.0,4.0,1.0,3.0,4.0,0.0,0.0,13.0,2.0,1.0,1.0,1.0,2.0,0.0,0.0,0.0,2.0,1.0,2.0,0.0,0.0,0.0,3.0,3.0,0.0,2.0,2.0,2.0,2.0,2.0,2.0,0.0,0.0,1.0,1.0,2.0,1.0,0.0,10.0,0.0,1.0,2.0,2.0,2.0,2.0,0.0,1.0,2.0,0.0,2.0,3.0,0.0,1.0,1.0,0.0,1.0,0.0,1.0,3.0,2.0,0.0,0.0,2.0,0.0,0.0,2.0,1.0,2.0,0.0,3.0,1.0,0.0,3.0,0.0,2.0,1.0,0.0,3.0,2.0,1.0,1.0,2.0,0.0,1.0,3.0,0.0,0.0,1.0,1.0,4.0,0.0,2.0,1.0,2.0,1.0,4.0,2.0,1.0,1.0,2.0,7.0,2.0,2.0,1.0,0.0,1.0,0.0,1.0,2.0,0.0,0.0,0.0,0.0,2.0,2.0,0.0,1.0,0.0,1.0,1.0,0.0,1.0,0.0,2.0,0.0,1.0,1.0,1.0,1.0,1.0,2.0,10.0,1.0,2.0,2.0,0.0,4.0,1.0,1.0,1.0,0.0,2.0,2.0,2.0,3.0,1.0,1.0,1.0,2.0,2.0,3.0,5.0,1.0,2.0,5.0,3.0,3.0,0.0,1.0,1.0,0.0,3.0,12.0,1.0,1.0,0.0,4.0,0.0,2.0,4.0,1.0,2.0,2.0,0.0,1.0,4.0,4.0,2.0,2.0,2.0,1.0,2.0,2.0,4.0,3.0,1.0,1.0,1.0,3.0,2.0,1.0,1.0,2.0,7.0,2.0,0.0,5.0,0.0,0.0,0.0,0.0,1.0,0.0,0.0,0.0,1.0,1.0,1.0,2.0,1.0,1.0,0.0,2.0,0.0,2.0,1.0,3.0,0.0,0.0,4.0,0.0,1.0,4.0,1.0,8.0,1.0,2.0,1.0,1.0,1.0,1.0,1.0,0.0,1.0,2.0,1.0,0.0,1.0,2.0,0.0,2.0,1.0,1.0,3.0,1.0,5.0,0.0,0.0,1.0,0.0,0.0,0.0,0.0,0.0,1.0,3.0,0.0,3.0,2.0,2.0,0.0,1.0,1.0,1.0,1.0,0.0,0.0,1.0,0.0,2.0,1.0,0.0,0.0,0.0,1.0,1.0,1.0,2.0,2.0,1.0,2.0,3.0,6.0,1.0,2.0,1.0,23.0,2.0,0.0,2.0,5.0,0.0,3.0,5.0,0.0,1.0,1.0,2.0,4.0,3.0,4.0,2.0,1.0,3.0,2.0,1.0,4.0,0.0,1.0,3.0,0.0,1.0,2.0,0.0,1.0,4.0,5.0,5.0,1.0,3.0,0.0,2.0,0.0,0.0,1.0,0.0,1.0,0.0,1.0,0.0,2.0,0.0,2.0,0.0,5.0,1.0,0.0,1.0,3.0,0.0,2.0,3.0,0.0,0.0,0.0,0.0,2.0,0.0,10.0,1.0,0.0,2.0,0.0,1.0,2.0,2.0,1.0,5.0,3.0,0.0,5.0,3.0,0.0,2.0,7.0,1.0,0.0,2.0,1.0,2.0,1.0,4.0,0.0,1.0,1.0,0.0,4.0,1.0,0.0,3.0,2.0,1.0,1.0,1.0,0.0,0.0,2.0,2.0,0.0,2.0,1.0,0.0,1.0,1.0,2.0,2.0,3.0,1.0,0.0,1.0,2.0,3.0,1.0,0.0,1.0,0.0,3.0,0.0,1.0,0.0,4.0,3.0,1.0,0.0,2.0,1.0,1.0,3.0,2.0,1.0,0.0,1.0,1.0,0.0,5.0,0.0,2.0,3.0,0.0,1.0,0.0,1.0,3.0,5.0,1.0,3.0,1.0,0.0,0.0,2.0,1.0,7.0,1.0,0.0,0.0,1.0,1.0,1.0,0.0,3.0,3.0,0.0,2.0,1.0,1.0,1.0,1.0,1.0,0.0,0.0,0.0,2.0,0.0,1.0,0.0,2.0,0.0,3.0,0.0,1.0,0.0,0.0,2.0,0.0,3.0,1.0,3.0,1.0,0.0,2.0,0.0,0.0,1.0,1.0,3.0,1.0,3.0,4.0,3.0,0.0,0.0,3.0,0.0,2.0,2.0,0.0,1.0,1.0,0.0,0.0,1.0,0.0,0.0,6.0,1.0,0.0,3.0,2.0,0.0,0.0,1.0,2.0,0.0,0.0,3.0,0.0,4.0,1.0,0.0,0.0,1.0,3.0,1.0,1.0,3.0,1.0,3.0,2.0,2.0,0.0,1.0,4.0,0.0,1.0,7.0,1.0,2.0,1.0,0.0,0.0,1.0,2.0,1.0,0.0,3.0,4.0,1.0,0.0,1.0,0.0,0.0,0.0,3.0,2.0,0.0,0.0,2.0,2.0,3.0,1.0,0.0,0.0,0.0,1.0,1.0,3.0,1.0,5.0,0.0,2.0,1.0,1.0,0.0,0.0,3.0,2.0,3.0,3.0,0.0,3.0,2.0,3.0,1.0,1.0,1.0,0.0,3.0,0.0,0.0,3.0,2.0,2.0,0.0,1.0,4.0,1.0,6.0,4.0,3.0,1.0,0.0,0.0,0.0,3.0,6.0,3.0,1.0,1.0,2.0,1.0,2.0,0.0,1.0,0.0,2.0,1.0,0.0,0.0,3.0,2.0,3.0,4.0,0.0,1.0,0.0,4.0,6.0,19.0,2.0,0.0,1.0,3.0,2.0,1.0,1.0,0.0,0.0,1.0,2.0,1.0,1.0,1.0,3.0,3.0,1.0,0.0,3.0,2.0,4.0,1.0,1.0,0.0,1.0,3.0,3.0,0.0,3.0,2.0,9.0,0.0,3.0,0.0,0.0,1.0,2.0,1.0,2.0,1.0,0.0,2.0,2.0,2.0,2.0,0.0,0.0,1.0,3.0,2.0,1.0,3.0,0.0,2.0,2.0,0.0,2.0,3.0,1.0,2.0,2.0,12.0,1.0,1.0,2.0,0.0,2.0,4.0,0.0,4.0,0.0,1.0,0.0,0.0,1.0,1.0,4.0,0.0,0.0,2.0,1.0,2.0,1.0,3.0,1.0,0.0,0.0,1.0,1.0,4.0,2.0,0.0,6.0,0.0,1.0,2.0,1.0,3.0,2.0,0.0,1.0,0.0,3.0,2.0,3.0,0.0,2.0,0.0,0.0,0.0,4.0,1.0,2.0,1.0,0.0,1.0,0.0,1.0,0.0,1.0,2.0,0.0,1.0,6.0,2.0,0.0,0.0,3.0,0.0,1.0,2.0,2.0,1.0,0.0,1.0,3.0,1.0,1.0,3.0,1.0,1.0,1.0,0.0,0.0,0.0,0.0,1.0,0.0,2.0,0.0,1.0,1.0,1.0,0.0,9.0,1.0,1.0,1.0,3.0,0.0,1.0,1.0,1.0,1.0,4.0,1.0,2.0,0.0,0.0,1.0,7.0,0.0,0.0,2.0,1.0,0.0,0.0,2.0,3.0,1.0,2.0,4.0,0.0,0.0,0.0,12.0,0
31,2226.7157113534167,106279.8153092783,1.8365678378120034,238.60174929223035,0.26877343733013837,0.21475183846317863,2.5463917525773194,-0.07887382124313587,19.0,5.0,2.0,1.0,1.0,4.0,3.0,3.0,2.0,3.0,1.0,2.0,1.0,2.0,2.0,6.0,0.0,3.0,1.0,1.0,2.0,1.0,4.0,2.0,1.0,1.0,0.0,3.0,2.0,3.0,2.0,12.0,8.0,4.0,1.0,1.0,1.0,2.0,1.0,3.0,2.0,6.0,1.0,0.0,3.0,3.0,0.0,0.0,1.0,1.0,1.0,3.0,2.0,2.0,1.0,1.0,2.0,1.0,1.0,4.0,2.0,3.0,12.0,0.0,0.0,2.0,3.0,0.0,0.0,0.0,4.0,1.0,2.0,0.0,2.0,1.0,3.0,1.0,1.0,4.0,4.0,1.0,0.0,0.0,1.0,0.0,2.0,4.0,0.0,3.0,2.0,3.0,1.0,20.0,2.0,1.0,2.0,1.0,1.0,1.0,1.0,0.0,4.0,1.0,1.0,2.0,0.0,0.0,2.0,0.0,0.0,3.0,2.0,1.0,2.0,2.0,1.0,1.0,2.0,0.0,5.0,3.0,0.0,1.0,24.0,0.0,3.0,1.0,0.0,1.0,2.0,1.0,3.0,1.0,1.0,2.0,2.0,0.0,0.0,1.0,2.0,3.0,2.0,2.0,1.0,0.0,1.0,1.0,0.0,1.0,3.0,4.0,2.0,2.0,2.0,5.0,3.0,0.0,0.0,3.0,2.0,0.0,1.0,1.0,0.0,0.0,1.0,2.0,2.0,0.0,0.0,0.0,2.0,2.0,0.0,2.0,0.0,0.0,0.0,3.0,4.0,0.0,4.0,0.0,4.0,0.0,8.0,3.0,1.0,0.0,2.0,0.0,2.0,1.0,2.0,0.0,1.0,2.0,0.0,2.0,1.0,0.0,1.0,2.0,0.0,0.0,3.0,0.0,0.0,0.0,1.0,1.0,1.0,0.0,3.0,1.0,0.0,8.0,0.0,1.0,1.0,0.0,1.0,2.0,0.0,1.0,0.0,1.0,0.0,0.0,0.0,1.0,4.0,2.0,2.0,0.0,1.0,0.0,1.0,2.0,1.0,1.0,0.0,0.0,1.0,0.0,1.0,0.0,14.0,1.0,0.0,1.0,3.0,2.0,0.0,0.0,0.0,2.0,1.0,0.0,0.0,3.0,2.0,4.0,1.0,0.0,1.0,2.0,0.0,0.0,2.0,0.0,0.0,2.0,1.0,1.0,1.0,1.0,0.0,7.0,2.0,2.0,4.0,0.0,0.0,2.0,0.0,3.0,3.0,3.0,1.0,0.0,1.0,1.0,2.0,0.0,0.0,0.0,3.0,0.0,4.0,1.0,1.0,1.0,1.0,4.0,2.0,0.0,2.0,0.0,14.0,1.0,0.0,0.0,1.0,2.0,2.0,1.0,1.0,1.0,1.0,2.0,1.0,2.0,0.0,0.0,3.0,2.0,1.0,2.0,1.0,5.0,0.0,0.0,2.0,0.0,1.0,0.0,1.0,2.0,0.0,7.0,4.0,0.0,2.0,2.0,1.0,0.0,0.0,1.0,0.0,1.0,2.0,0.0,2.0,0.0,1.0,1.0,1.0,0.0,3.0,1.0,2.0,2.0,2.0,2.0,1.0,1.0,2.0,1.0,2.0,2.0,11.0,1.0,0.0,0.0,6.0,2.0,1.0,1.0,1.0,3.0,2.0,0.0,1.0,2.0,4.0,1.0,2.0,2.0,2.0,2.0,1.0,1.0,0.0,0.0,0.0,2.0,1.0,1.0,1.0,0.0,3.0,5.0,2.0,3.0,1.0,2.0,0.0,1.0,3.0,0.0,1.0,1.0,0.0,0.0,0.0,0.0,1.0,2.0,2.0,0.0,1.0,2.0,2.0,1.0,1.0,1.0,2.0,2.0,0.0,1.0,1.0,1.0,13.0,0.0,1.0,1.0,0.0,1.0,2.0,0.0,3.0,3.0,2.0,0.0,1.0,2.0,0.0,3.0,3.0,2.0,0.0,4.0,2.0,0.0,1.0,0.0,2.0,2.0,1.0,1.0,1.0,4.0,0.0,10.0,2.0,2.0,2.0,1.0,1.0,1.0,0.0,1.0,4.0,0.0,1.0,0.0,0.0,2.0,0.0,2.0,1.0,1.0,3.0,3.0,3.0,0.0,0.0,1.0,1.0,1.0,2.0,0.0,3.0,3.0,10.0,0.0,2.0,2.0,0.0,1.0,3.0,0.0,2.0,0.0,0.0,1.0,0.0,0.0,5.0,4.0,1.0,0.0,1.0,2.0,0.0,0.0,0.0,0.0,1.0,0.0,0.0,0.0,1.0,1.0,1.0,5.0,0.0,0.0,3.0,2.0,1.0,3.0,3.0,0.0,3.0,1.0,1.0,1.0,1.0,1.0,2.0,1.0,0.0,1.0,0.0,1.0,1.0,2.0,4.0,0.0,3.0,0.0,1.0,1.0,3.0,0.0,7.0,0.0,1.0,1.0,2.0,2.0,0.0,1.0,0.0,3.0,1.0,0.0,2.0,0.0,2.0,0.0,2.0,0.0,1.0,0.0,0.0,1.0,1.0,2.0,0.0,1.0,3.0,2.0,3.0,1.0,0.0,4.0,0.0,4.0,1.0,2.0,4.0,0.0,0.0,0.0,3.0,3.0,2.0,0.0,3.0,2.0,3.0,2.0,1.0,0.0,0.0,0.0,1.0,0.0,1.0,1.0,0.0,3.0,2.0,4.0,1.0,0.0,11.0,1.0,1.0,5.0,1.0,0.0,0.0,4.0,0.0,2.0,0.0,4.0,2.0,4.0,1.0,4.0,1.0,1.0,2.0,2.0,1.0,1.0,2.0,0.0,0.0,1.0,1.0,0.0,1.0,1.0,0.0,19.0,2.0,2.0,2.0,1.0,0.0,1.0,1.0,0.0,5.0,3.0,1.0,2.0,0.0,1.0,1.0,2.0,1.0,1.0,2.0,1.0,2.0,1.0,2.0,0.0,1.0,0.0,0.0,1.0,1.0,2.0,19.0,3.0,2.0,0.0,4.0,4.0,0.0,5.0,2.0,3.0,1.0,0.0,0.0,4.0,2.0,1.0,1.0,1.0,1.0,1.0,1.0,1.0,3.0,1.0,1.0,1.0,4.0,3.0,4.0,2.0,1.0,19.0,2.0,2.0,2.0,2.0,1.0,2.0,2.0,4.0,3.0,1.0,4.0,0.0,0.0,2.0,5.0,2.0,3.0,1.0,0.0,2.0,0.0,0.0,0.0,2.0,3.0,4.0,0.0,0.0,0.0,2.0,7.0,5.0,0.0,0.0,0.0,1.0,0.0,1.0,0.0,2.0,0.0,0.0,0.0,2.0,0.0,1.0,0.0,2.0,1.0,1.0,3.0,0.0,0.0,2.0,1.0,0.0,0.0,1.0,1.0,0.0,4.0,9.0,1.0,0.0,1.0,1.0,1.0,2.0,0.0,0.0,1.0,1.0,1.0,0.0,0.0,1.0,0.0,1.0,5.0,2.0,3.0,0.0,0.0,1.0,1.0,1.0,4.0,0.0,1.0,3.0,2.0,0.0,13.0,0.0,0.0,2.0,4.0,0.0,4.0,3.0,0.0,0.0,0.0,0.0,1.0,0.0,1.0,2.0,0.0,2.0,0.0,2.0,1.0,0.0,0.0,3.0,6.0,1.0,3.0,0.0,2.0,0.0,0.0,10.0,0.0,1.0,0.0,1.0,0.0,1.0,1.0,2.0,1.0,0.0,1.0,2.0,0.0,0.0,0.0,1.0,0.0,1.0,2.0,0.0,0.0,0.0,2.0,0.0,1.0,1.0,0.0,3.0,2.0,0.0,13.0,1.0,1.0,2.0,1.0,2.0,1.0,0.0,1.0,3.0,0.0,0.0,2.0,0.0,1.0,3.0,1.0,1.0,0.0,2.0,5.0,5.0,0.0,1.0,2.0,2.0,2.0,5.0,0.0,2.0,1.0,25.0,0
32,2512.94160552705,113153.17829999999,2.1283885120478914,248.94439432385647,0.18488206238206226,0.18419292004292007,3.34,-0.035360562454635175,14.0,1.0,3.0,7.0,3.0,8.0,2.0,2.0,5.0,4.0,4.0,3.0,8.0,5.0,2.0,2.0,2.0,1.0,8.0,2.0,4.0,4.0,4.0,2.0,4.0,2.0,3.0,2.0,3.0,3.0,3.0,10.0,4.0,8.0,4.0,7.0,3.0,2.0,3.0,1.0,5.0,4.0,5.0,3.0,4.0,3.0,3.0,1.0,4.0,2.0,0.0,5.0,0.0,2.0,4.0,2.0,3.0,2.0,4.0,0.0,2.0,4.0,8.0,0.0,2.0,1.0,2.0,1.0,1.0,0.0,0.0,0.0,2.0,2.0,2.0,7.0,3.0,4.0,0.0,0.0,2.0,1.0,2.0,1.0,0.0,2.0,2.0,2.0,2.0,2.0,7.0,4.0,0.0,16.0,3.0,0.0,0.0,0.0,1.0,3.0,5.0,1.0,0.0,1.0,3.0,0.0,0.0,1.0,2.0,0.0,2.0,1.0,1.0,2.0,4.0,3.0,1.0,1.0,1.0,1.0,2.0,2.0,0.0,1.0,10.0,1.0,1.0,0.0,1.0,2.0,3.0,3.0,4.0,1.0,2.0,0.0,4.0,3.0,2.0,1.0,2.0,2.0,0.0,2.0,1.0,1.0,0.0,2.0,2.0,0.0,8.0,4.0,3.0,2.0,1.0,8.0,4.0,1.0,5.0,0.0,0.0,1.0,4.0,1.0,2.0,2.0,1.0,1.0,0.0,1.0,1.0,1.0,0.0,1.0,1.0,3.0,4.0,1.0,1.0,2.0,3.0,2.0,2.0,4.0,0.0,1.0,8.0,0.0,1.0,0.0,0.0,0.0,3.0,0.0,1.0,1.0,0.0,1.0,2.0,1.0,2.0,0.0,3.0,1.0,1.0,0.0,3.0,2.0,0.0,0.0,2.0,0.0,2.0,0.0,0.0,1.0,0.0,6.0,1.0,2.0,0.0,1.0,6.0,3.0,1.0,2.0,2.0,1.0,0.0,2.0,0.0,0.0,3.0,1.0,4.0,2.0,2.0,0.0,1.0,1.0,2.0,6.0,2.0,3.0,2.0,4.0,0.0,1.0,9.0,1.0,1.0,0.0,4.0,0.0,1.0,1.0,1.0,4.0,2.0,2.0,0.0,2.0,2.0,2.0,2.0,2.0,4.0,1.0,1.0,2.0,6.0,4.0,2.0,2.0,1.0,1.0,2.0,1.0,2.0,5.0,0.0,2.0,2.0,0.0,4.0,1.0,2.0,1.0,0.0,3.0,1.0,0.0,0.0,2.0,1.0,1.0,0.0,2.0,1.0,1.0,1.0,5.0,0.0,2.0,2.0,1.0,0.0,1.0,0.0,4.0,6.0,1.0,1.0,2.0,0.0,2.0,0.0,1.0,1.0,0.0,1.0,1.0,1.0,2.0,2.0,1.0,3.0,2.0,0.0,3.0,5.0,4.0,0.0,1.0,0.0,0.0,0.0,1.0,2.0,0.0,1.0,8.0,5.0,0.0,1.0,0.0,3.0,1.0,0.0,1.0,1.0,0.0,1.0,2.0,2.0,1.0,1.0,1.0,1.0,2.0,7.0,7.0,3.0,2.0,2.0,5.0,3.0,4.0,1.0,5.0,1.0,0.0,19.0,1.0,5.0,1.0,0.0,0.0,4.0,2.0,6.0,2.0,3.0,3.0,4.0,2.0,2.0,0.0,6.0,1.0,5.0,5.0,1.0,0.0,2.0,2.0,1.0,2.0,0.0,1.0,0.0,1.0,1.0,5.0,1.0,3.0,0.0,0.0,1.0,1.0,4.0,1.0,2.0,1.0,1.0,0.0,1.0,0.0,1.0,0.0,6.0,5.0,1.0,1.0,2.0,1.0,2.0,3.0,0.0,2.0,0.0,1.0,5.0,1.0,10.0,0.0,2.0,1.0,2.0,1.0,3.0,3.0,1.0,1.0,3.0,0.0,5.0,0.0,1.0,2.0,3.0,5.0,4.0,0.0,0.0,0.0,0.0,1.0,2.0,1.0,0.0,1.0,2.0,2.0,3.0,9.0,1.0,4.0,1.0,1.0,2.0,0.0,1.0,1.0,1.0,3.0,3.0,0.0,0.0,0.0,5.0,2.0,3.0,0.0,1.0,1.0,2.0,3.0,1.0,1.0,2.0,1.0,1.0,0.0,0.0,2.0,6.0,2.0,0.0,0.0,0.0,0.0,1.0,2.0,0.0,2.0,1.0,0.0,0.0,2.0,5.0,4.0,2.0,2.0,1.0,2.0,0.0,1.0,7.0,1.0,2.0,1.0,3.0,2.0,0.0,0.0,0.0,9.0,3.0,0.0,2.0,1.0,2.0,0.0,2.0,0.0,1.0,2.0,0.0,3.0,5.0,3.0,4.0,1.0,0.0,0.0,1.0,2.0,2.0,0.0,1.0,0.0,4.0,1.0,1.0,0.0,1.0,3.0,4.0,0.0,0.0,0.0,2.0,2.0,2.0,0.0,1.0,3.0,2.0,2.0,1.0,3.0,0.0,2.0,2.0,2.0,1.0,1.0,0.0,2.0,0.0,1.0,2.0,1.0,0.0,0.0,0.0,0.0,1.0,2.0,1.0,0.0,4.0,0.0,0.0,1.0,2.0,2.0,1.0,0.0,4.0,2.0,2.0,1.0,0.0,1.0,0.0,1.0,3.0,1.0,5.0,1.0,2.0,1.0,2.0,1.0,0.0,0.0,0.0,0.0,6.0,0.0,0.0,4.0,0.0,2.0,0.0,2.0,1.0,3.0,2.0,3.0,2.0,1.0,3.0,0.0,1.0,0.0,2.0,0.0,0.0,1.0,3.0,1.0,4.0,0.0,0.0,2.0,0.0,0.0,0.0,4.0,0.0,1.0,0.0,1.0,2.0,5.0,0.0,2.0,1.0,1.0,2.0,0.0,1.0,0.0,2.0,3.0,2.0,1.0,5.0,0.0,5.0,1.0,3.0,1.0,0.0,1.0,1.0,2.0,1.0,0.0,5.0,6.0,3.0,0.0,0.0,1.0,0.0,1.0,2.0,2.0,0.0,1.0,0.0,2.0,0.0,1.0,3.0,2.0,1.0,4.0,1.0,1.0,4.0,1.0,2.0,2.0,0.0,0.0,0.0,3.0,4.0,6.0,0.0,2.0,1.0,2.0,1.0,1.0,4.0,2.0,1.0,0.0,2.0,1.0,4.0,1.0,0.0,1.0,0.0,2.0,1.0,1.0,2.0,4.0,0.0,4.0,3.0,0.0,0.0,4.0,3.0,0.0,15.0,0.0,0.0,2.0,3.0,1.0,0.0,3.0,1.0,2.0,3.0,6.0,1.0,0.0,2.0,0.0,1.0,2.0,1.0,1.0,0.0,3.0,2.0,3.0,0.0,1.0,0.0,0.0,0.0,0.0,1.0,4.0,1.0,0.0,1.0,2.0,2.0,2.0,1.0,1.0,2.0,3.0,1.0,2.0,4.0,1.0,0.0,3.0,2.0,3.0,1.0,2.0,1.0,2.0,0.0,4.0,1.0,2.0,3.0,1.0,2.0,0.0,9.0,1.0,0.0,1.0,4.0,1.0,2.0,0.0,3.0,2.0,0.0,3.0,3.0,2.0,2.0,0.0,4.0,0.0,4.0,0.0,0.0,2.0,3.0,2.0,1.0,1.0,0.0,1.0,0.0,1.0,0.0,5.0,0.0,1.0,0.0,3.0,1.0,1.0,1.0,2.0,0.0,1.0,0.0,3.0,1.0,1.0,0.0,2.0,0.0,2.0,3.0,3.0,1.0,1.0,2.0,1.0,0.0,0.0,0.0,1.0,2.0,2.0,4.0,1.0,6.0,2.0,1.0,3.0,2.0,1.0,1.0,1.0,1.0,4.0,0.0,1.0,1.0,1.0,2.0,1.0,1.0,0.0,2.0,0.0,0.0,1.0,1.0,0.0,1.0,2.0,1.0,2.0,1.0,7.0,0
33,2434.1187716742525,145774.58605,2.028496491075403,289.5768890114873,0.20466469641469637,0.10578489658489655,3.94,0.06564236355145456,18.0,2.0,3.0,2.0,4.0,2.0,0.0,0.0,4.0,0.0,3.0,2.0,8.0,0.0,6.0,1.0,1.0,3.0,3.0,3.0,2.0,1.0,3.0,2.0,1.0,1.0,2.0,3.0,2.0,4.0,2.0,23.0,3.0,3.0,0.0,1.0,2.0,2.0,5.0,2.0,3.0,2.0,0.0,4.0,1.0,0.0,2.0,4.0,4.0,3.0,0.0,1.0,2.0,2.0,2.0,3.0,2.0,0.0,1.0,2.0,2.0,3.0,13.0,1.0,1.0,1.0,0.0,1.0,4.0,4.0,3.0,1.0,3.0,1.0,0.0,3.0,1.0,4.0,1.0,1.0,0.0,0.0,0.0,3.0,1.0,2.0,0.0,1.0,0.0,1.0,4.0,2.0,0.0,8.0,2.0,1.0,3.0,0.0,3.0,0.0,2.0,2.0,0.0,2.0,4.0,1.0,1.0,1.0,0.0,0.0,2.0,1.0,1.0,0.0,1.0,0.0,1.0,0.0,0.0,2.0,2.0,2.0,0.0,3.0,14.0,1.0,3.0,0.0,0.0,1.0,4.0,1.0,3.0,0.0,5.0,3.0,2.0,1.0,3.0,1.0,1.0,1.0,0.0,3.0,0.0,0.0,1.0,4.0,2.0,1.0,3.0,4.0,0.0,0.0,1.0,12.0,1.0,0.0,0.0,0.0,5.0,0.0,2.0,2.0,0.0,1.0,2.0,1.0,0.0,1.0,0.0,1.0,3.0,3.0,3.0,0.0,0.0,1.0,1.0,0.0,0.0,0.0,1.0,1.0,3.0,1.0,10.0,1.0,0.0,1.0,2.0,0.0,0.0,2.0,4.0,0.0,0.0,1.0,0.0,1.0,1.0,1.0,1.0,1.0,1.0,1.0,0.0,1.0,2.0,1.0,0.0,1.0,2.0,0.0,0.0,0.0,1.0,14.0,0.0,0.0,1.0,1.0,2.0,0.0,1.0,3.0,0.0,0.0,3.0,2.0,1.0,2.0,1.0,1.0,2.0,1.0,2.0,0.0,1.0,0.0,6.0,2.0,1.0,0.0,2.0,1.0,0.0,1.0,8.0,0.0,1.0,1.0,0.0,3.0,0.0,0.0,3.0,1.0,0.0,3.0,2.0,0.0,1.0,2.0,0.0,1.0,2.0,2.0,0.0,2.0,2.0,3.0,2.0,2.0,0.0,1.0,0.0,1.0,1.0,11.0,0.0,1.0,3.0,2.0,0.0,1.0,0.0,1.0,1.0,1.0,0.0,1.0,0.0,0.0,0.0,1.0,0.0,4.0,1.0,0.0,4.0,2.0,2.0,3.0,1.0,0.0,0.0,3.0,1.0,1.0,12.0,3.0,4.0,0.0,1.0,3.0,0.0,2.0,3.0,1.0,1.0,1.0,1.0,2.0,2.0,1.0,2.0,0.0,2.0,1.0,1.0,4.0,5.0,0.0,2.0,1.0,0.0,0.0,0.0,0.0,3.0,7.0,3.0,2.0,2.0,2.0,5.0,3.0,1.0,0.0,0.0,1.0,1.0,1.0,1.0,1.0,0.0,1.0,1.0,1.0,0.0,1.0,2.0,2.0,2.0,4.0,4.0,0.0,2.0,3.0,2.0,4.0,20.0,0.0,1.0,0.0,2.0,1.0,6.0,4.0,2.0,2.0,3.0,1.0,1.0,1.0,4.0,0.0,3.0,1.0,2.0,0.0,1.0,2.0,4.0,3.0,1.0,1.0,2.0,0.0,0.0,3.0,3.0,8.0,0.0,0.0,0.0,0.0,2.0,0.0,2.0,1.0,1.0,1.0,1.0,2.0,0.0,1.0,1.0,0.0,5.0,2.0,0.0,0.0,1.0,2.0,0.0,0.0,1.0,1.0,3.0,2.0,2.0,1.0,17.0,1.0,2.0,2.0,1.0,0.0,2.0,1.0,2.0,0.0,2.0,3.0,0.0,1.0,5.0,3.0,1.0,0.0,1.0,2.0,2.0,2.0,0.0,1.0,3.0,2.0,1.0,1.0,3.0,0.0,0.0,11.0,0.0,2.0,2.0,1.0,1.0,0.0,2.0,3.0,1.0,1.0,0.0,3.0,1.0,1.0,2.0,4.0,3.0,0.0,2.0,0.0,0.0,3.0,1.0,0.0,0.0,0.0,4.0,2.0,1.0,1.0,6.0,0.0,0.0,0.0,2.0,1.0,0.0,0.0,0.0,1.0,0.0,3.0,0.0,1.0,4.0,0.0,3.0,1.0,3.0,2.0,1.0,0.0,1.0,2.0,2.0,0.0,3.0,0.0,1.0,1.0,1.0,10.0,0.0,1.0,1.0,0.0,1.0,1.0,2.0,2.0,1.0,3.0,0.0,3.0,3.0,2.0,0.0,3.0,2.0,1.0,2.0,2.0,0.0,0.0,0.0,1.0,0.0,0.0,0.0,3.0,0.0,1.0,10.0,0.0,3.0,0.0,5.0,1.0,4.0,0.0,4.0,1.0,0.0,1.0,3.0,5.0,4.0,3.0,1.0,0.0,0.0,2.0,3.0,0.0,0.0,3.0,2.0,0.0,1.0,0.0,2.0,0.0,1.0,12.0,0.0,0.0,1.0,1.0,1.0,2.0,0.0,2.0,0.0,1.0,0.0,3.0,1.0,0.0,1.0,0.0,0.0,1.0,0.0,0.0,0.0,2.0,1.0,1.0,3.0,3.0,0.0,1.0,1.0,0.0,8.0,1.0,1.0,1.0,0.0,1.0,1.0,2.0,0.0,3.0,0.0,1.0,0.0,0.0,1.0,2.0,0.0,0.0,1.0,2.0,0.0,1.0,0.0,0.0,0.0,0.0,1.0,2.0,0.0,0.0,1.0,5.0,1.0,3.0,3.0,1.0,3.0,2.0,0.0,1.0,5.0,1.0,3.0,1.0,0.0,1.0,1.0,1.0,1.0,1.0,2.0,2.0,1.0,1.0,4.0,0.0,0.0,1.0,1.0,1.0,0.0,0.0,10.0,2.0,2.0,1.0,0.0,1.0,0.0,3.0,0.0,2.0,2.0,0.0,4.0,1.0,3.0,3.0,0.0,1.0,2.0,1.0,1.0,1.0,5.0,1.0,0.0,1.0,0.0,1.0,0.0,3.0,1.0,14.0,0.0,2.0,2.0,1.0,1.0,0.0,2.0,2.0,1.0,3.0,1.0,0.0,2.0,1.0,0.0,3.0,2.0,2.0,2.0,1.0,0.0,0.0,0.0,0.0,2.0,3.0,0.0,3.0,1.0,0.0,13.0,1.0,1.0,1.0,1.0,1.0,2.0,0.0,0.0,1.0,3.0,0.0,1.0,1.0,1.0,2.0,2.0,0.0,2.0,1.0,1.0,1.0,2.0,2.0,0.0,2.0,0.0,0.0,2.0,0.0,1.0,14.0,1.0,2.0,1.0,1.0,3.0,3.0,1.0,1.0,1.0,1.0,2.0,0.0,0.0,0.0,1.0,1.0,2.0,4.0,0.0,2.0,1.0,1.0,0.0,0.0,2.0,1.0,0.0,3.0,0.0,1.0,16.0,1.0,0.0,1.0,2.0,3.0,2.0,0.0,1.0,3.0,1.0,1.0,2.0,2.0,1.0,1.0,2.0,1.0,2.0,3.0,1.0,0.0,3.0,3.0,2.0,1.0,0.0,0.0,1.0,0.0,1.0,6.0,2.0,0.0,4.0,0.0,0.0,1.0,1.0,2.0,0.0,0.0,0.0,0.0,1.0,2.0,2.0,1.0,2.0,0.0,0.0,3.0,0.0,3.0,0.0,0.0,1.0,2.0,1.0,1.0,3.0,0.0,8.0,0.0,5.0,4.0,0.0,1.0,2.0,1.0,0.0,2.0,1.0,1.0,1.0,2.0,0.0,2.0,0.0,3.0,1.0,1.0,1.0,2.0,0.0,1.0,1.0,0.0,2.0,0.0,0.0,0.0,2.0,3.0,0
34,2196.0821640146755,104590.52584999995,1.9951902183916888,232.6310737465349,0.22995157620157627,0.13304891774891775,3.21,-0.015492367772880645,21.0,6.0,3.0,2.0,4.0,1.0,4.0,2.0,4.0,2.0,2.0,4.0,2.0,2.0,2.0,1.0,3.0,2.0,3.0,1.0,3.0,7.0,2.0,0.0,1.0,1.0,0.0,1.0,2.0,2.0,1.0,19.0,5.0,4.0,0.0,1.0,3.0,3.0,4.0,1.0,5.0,4.0,0.0,3.0,4.0,2.0,2.0,2.0,3.0,4.0,2.0,4.0,1.0,3.0,3.0,1.0,3.0,0.0,1.0,1.0,2.0,3.0,15.0,0.0,0.0,2.0,0.0,0.0,2.0,1.0,1.0,0.0,2.0,2.0,0.0,1.0,0.0,0.0,1.0,3.0,2.0,2.0,1.0,2.0,1.0,0.0,2.0,2.0,0.0,0.0,5.0,7.0,0.0,17.0,5.0,0.0,1.0,0.0,0.0,1.0,1.0,2.0,3.0,0.0,0.0,0.0,1.0,1.0,3.0,0.0,1.0,2.0,0.0,1.0,5.0,1.0,2.0,0.0,0.0,0.0,3.0,1.0,2.0,2.0,11.0,2.0,4.0,0.0,1.0,1.0,3.0,0.0,1.0,1.0,1.0,1.0,3.0,0.0,1.0,1.0,0.0,1.0,1.0,2.0,3.0,2.0,1.0,1.0,1.0,2.0,1.0,1.0,1.0,0.0,1.0,15.0,1.0,2.0,1.0,4.0,0.0,3.0,3.0,0.0,1.0,2.0,2.0,1.0,2.0,0.0,0.0,0.0,2.0,3.0,0.0,0.0,2.0,1.0,0.0,0.0,2.0,4.0,1.0,0.0,3.0,0.0,7.0,0.0,1.0,0.0,0.0,1.0,1.0,3.0,4.0,0.0,0.0,1.0,1.0,0.0,1.0,1.0,2.0,3.0,1.0,0.0,1.0,1.0,1.0,1.0,4.0,6.0,0.0,1.0,0.0,1.0,2.0,24.0,1.0,0.0,1.0,1.0,0.0,0.0,1.0,3.0,1.0,0.0,2.0,3.0,0.0,1.0,1.0,2.0,1.0,2.0,4.0,2.0,2.0,0.0,2.0,3.0,3.0,1.0,2.0,1.0,2.0,1.0,18.0,0.0,1.0,1.0,1.0,1.0,0.0,1.0,5.0,1.0,0.0,2.0,2.0,0.0,6.0,2.0,3.0,3.0,2.0,2.0,3.0,1.0,4.0,2.0,1.0,1.0,0.0,3.0,0.0,2.0,1.0,11.0,1.0,0.0,0.0,1.0,1.0,1.0,3.0,0.0,0.0,0.0,1.0,1.0,2.0,1.0,0.0,0.0,4.0,0.0,1.0,2.0,2.0,2.0,1.0,0.0,0.0,2.0,2.0,1.0,2.0,1.0,13.0,2.0,3.0,2.0,0.0,0.0,1.0,1.0,1.0,0.0,1.0,0.0,2.0,1.0,4.0,1.0,0.0,3.0,1.0,1.0,3.0,6.0,1.0,1.0,1.0,1.0,0.0,2.0,0.0,3.0,2.0,12.0,2.0,2.0,0.0,0.0,1.0,1.0,2.0,2.0,1.0,2.0,2.0,2.0,2.0,0.0,0.0,3.0,0.0,0.0,1.0,1.0,0.0,1.0,3.0,0.0,0.0,6.0,2.0,2.0,3.0,2.0,15.0,2.0,2.0,2.0,2.0,2.0,1.0,3.0,4.0,0.0,1.0,1.0,0.0,2.0,4.0,0.0,1.0,0.0,3.0,2.0,0.0,1.0,4.0,0.0,1.0,0.0,0.0,0.0,1.0,2.0,3.0,13.0,0.0,2.0,0.0,0.0,1.0,0.0,1.0,2.0,1.0,2.0,3.0,1.0,2.0,0.0,1.0,1.0,6.0,0.0,0.0,0.0,0.0,1.0,1.0,1.0,0.0,1.0,1.0,2.0,4.0,0.0,12.0,0.0,1.0,0.0,1.0,1.0,0.0,0.0,0.0,4.0,1.0,1.0,1.0,2.0,2.0,1.0,2.0,2.0,0.0,2.0,3.0,2.0,0.0,0.0,6.0,0.0,0.0,0.0,1.0,0.0,0.0,24.0,3.0,2.0,3.0,5.0,3.0,1.0,2.0,4.0,1.0,1.0,2.0,2.0,1.0,2.0,1.0,1.0,2.0,2.0,3.0,0.0,2.0,3.0,2.0,3.0,0.0,1.0,1.0,0.0,0.0,2.0,11.0,1.0,4.0,1.0,1.0,1.0,2.0,2.0,1.0,2.0,1.0,1.0,2.0,3.0,3.0,3.0,1.0,3.0,0.0,2.0,0.0,2.0,1.0,0.0,2.0,0.0,1.0,0.0,0.0,0.0,1.0,10.0,0.0,0.0,2.0,0.0,1.0,5.0,2.0,1.0,6.0,0.0,1.0,1.0,0.0,3.0,1.0,1.0,0.0,1.0,0.0,1.0,1.0,0.0,2.0,2.0,2.0,1.0,0.0,4.0,4.0,4.0,16.0,1.0,3.0,2.0,0.0,1.0,3.0,2.0,1.0,5.0,4.0,0.0,5.0,1.0,1.0,2.0,1.0,0.0,2.0,1.0,2.0,2.0,0.0,0.0,3.0,4.0,0.0,4.0,0.0,0.0,1.0,6.0,1.0,0.0,0.0,1.0,2.0,1.0,2.0,0.0,0.0,1.0,0.0,4.0,0.0,0.0,1.0,1.0,0.0,4.0,3.0,1.0,3.0,2.0,2.0,1.0,1.0,3.0,0.0,2.0,5.0,0.0,14.0,2.0,0.0,6.0,3.0,1.0,0.0,1.0,0.0,1.0,2.0,1.0,1.0,3.0,0.0,3.0,1.0,1.0,1.0,2.0,0.0,1.0,2.0,1.0,3.0,1.0,0.0,1.0,2.0,0.0,2.0,13.0,0.0,2.0,1.0,1.0,4.0,2.0,0.0,3.0,4.0,4.0,1.0,1.0,1.0,1.0,1.0,0.0,3.0,0.0,2.0,0.0,0.0,1.0,1.0,1.0,2.0,1.0,1.0,1.0,0.0,0.0,17.0,1.0,2.0,1.0,1.0,2.0,1.0,2.0,2.0,3.0,2.0,2.0,3.0,2.0,1.0,1.0,1.0,0.0,1.0,3.0,5.0,2.0,2.0,3.0,2.0,4.0,2.0,1.0,4.0,1.0,1.0,14.0,1.0,1.0,0.0,3.0,2.0,1.0,3.0,0.0,1.0,4.0,2.0,1.0,3.0,2.0,2.0,1.0,0.0,1.0,0.0,2.0,3.0,3.0,0.0,1.0,0.0,1.0,5.0,3.0,4.0,0.0,13.0,0.0,0.0,1.0,1.0,1.0,0.0,1.0,0.0,1.0,1.0,0.0,1.0,2.0,2.0,0.0,1.0,4.0,2.0,1.0,1.0,3.0,3.0,1.0,1.0,0.0,2.0,1.0,1.0,1.0,0.0,20.0,0.0,0.0,1.0,0.0,5.0,0.0,0.0,3.0,2.0,1.0,0.0,1.0,3.0,3.0,2.0,1.0,0.0,0.0,2.0,3.0,3.0,5.0,1.0,3.0,2.0,3.0,0.0,2.0,1.0,2.0,15.0,0.0,2.0,0.0,2.0,1.0,2.0,1.0,0.0,1.0,2.0,1.0,4.0,1.0,0.0,2.0,0.0,1.0,3.0,2.0,1.0,1.0,2.0,1.0,2.0,3.0,0.0,2.0,0.0,0.0,1.0,14.0,0.0,0.0,0.0,1.0,1.0,1.0,0.0,3.0,1.0,1.0,2.0,3.0,1.0,1.0,0.0,0.0,0.0,2.0,0.0,3.0,4.0,2.0,0.0,1.0,0.0,0.0,0.0,0.0,4.0,1.0,13.0,0.0,1.0,1.0,1.0,2.0,2.0,1.0,0.0,2.0,0.0,0.0,1.0,0.0,3.0,1.0,0.0,3.0,1.0,0.0,1.0,1.0,1.0,0.0,1.0,0.0,0.0,3.0,0.0,0.0,1.0,13.0,0
35,1636.8770190011314,89569.41824742273,1.8326972986335364,426.35828179725115,0.24742233711305883,0.1313001021506176,3.6804123711340204,-0.08436433663109849,12.0,2.0,2.0,1.0,0.0,0.0,1.0,1.0,1.0,1.0,1.0,1.0,4.0,3.0,2.0,0.0,1.0,9.0,4.0,1.0,3.0,0.0,2.0,4.0,3.0,1.0,1.0,2.0,1.0,0.0,1.0,20.0,4.0,2.0,0.0,2.0,0.0,0.0,2.0,0.0,2.0,2.0,3.0,6.0,1.0,1.0,2.0,2.0,2.0,2.0,3.0,4.0,3.0,1.0,2.0,4.0,0.0,1.0,3.0,1.0,1.0,1.0,8.0,0.0,0.0,1.0,1.0,0.0,0.0,0.0,0.0,1.0,1.0,1.0,2.0,1.0,2.0,0.0,0.0,1.0,1.0,3.0,1.0,2.0,0.0,1.0,2.0,0.0,0.0,1.0,1.0,1.0,0.0,9.0,1.0,1.0,0.0,0.0,0.0,2.0,1.0,0.0,2.0,0.0,2.0,1.0,2.0,1.0,1.0,0.0,1.0,0.0,1.0,2.0,3.0,1.0,0.0,1.0,0.0,0.0,1.0,2.0,1.0,0.0,4.0,0.0,0.0,1.0,0.0,3.0,1.0,1.0,2.0,0.0,1.0,0.0,1.0,1.0,2.0,1.0,0.0,3.0,1.0,0.0,0.0,1.0,1.0,1.0,0.0,0.0,2.0,6.0,4.0,0.0,0.0,10.0,2.0,1.0,2.0,1.0,1.0,0.0,0.0,0.0,1.0,0.0,1.0,1.0,0.0,0.0,3.0,2.0,0.0,0.0,1.0,0.0,2.0,2.0,3.0,0.0,2.0,2.0,0.0,0.0,1.0,0.0,11.0,1.0,0.0,0.0,1.0,0.0,1.0,2.0,1.0,0.0,3.0,2.0,2.0,1.0,3.0,0.0,2.0,0.0,1.0,0.0,0.0,0.0,0.0,0.0,2.0,1.0,0.0,0.0,0.0,1.0,0.0,10.0,1.0,1.0,0.0,1.0,0.0,3.0,0.0,1.0,1.0,1.0,1.0,2.0,0.0,0.0,0.0,1.0,2.0,1.0,1.0,1.0,0.0,1.0,3.0,2.0,1.0,0.0,0.0,1.0,1.0,0.0,6.0,0.0,1.0,1.0,3.0,0.0,0.0,2.0,0.0,1.0,1.0,1.0,1.0,0.0,1.0,1.0,0.0,1.0,0.0,0.0,1.0,0.0,3.0,2.0,0.0,0.0,2.0,3.0,0.0,1.0,1.0,5.0,0.0,3.0,1.0,1.0,0.0,0.0,1.0,1.0,0.0,1.0,1.0,1.0,0.0,2.0,2.0,0.0,2.0,1.0,1.0,0.0,1.0,1.0,1.0,1.0,1.0,1.0,2.0,1.0,1.0,1.0,7.0,0.0,2.0,0.0,0.0,0.0,0.0,2.0,1.0,1.0,0.0,0.0,0.0,2.0,0.0,0.0,1.0,0.0,1.0,0.0,3.0,2.0,0.0,0.0,0.0,3.0,1.0,1.0,1.0,1.0,1.0,3.0,0.0,3.0,1.0,1.0,0.0,0.0,1.0,2.0,0.0,0.0,0.0,0.0,1.0,2.0,2.0,1.0,2.0,1.0,1.0,1.0,1.0,2.0,1.0,2.0,2.0,3.0,1.0,2.0,0.0,1.0,10.0,1.0,2.0,2.0,0.0,2.0,0.0,1.0,5.0,6.0,2.0,1.0,2.0,0.0,2.0,2.0,1.0,3.0,4.0,3.0,0.0,0.0,2.0,1.0,0.0,3.0,0.0,1.0,0.0,2.0,0.0,8.0,1.0,1.0,1.0,2.0,1.0,0.0,2.0,0.0,3.0,1.0,3.0,0.0,1.0,2.0,3.0,1.0,4.0,1.0,1.0,1.0,4.0,0.0,1.0,0.0,1.0,0.0,0.0,1.0,2.0,1.0,17.0,2.0,1.0,1.0,1.0,0.0,1.0,3.0,0.0,3.0,0.0,0.0,0.0,3.0,0.0,0.0,3.0,0.0,0.0,2.0,2.0,1.0,1.0,0.0,1.0,1.0,0.0,0.0,0.0,1.0,1.0,10.0,3.0,1.0,1.0,0.0,0.0,0.0,0.0,1.0,1.0,2.0,2.0,3.0,1.0,1.0,1.0,3.0,0.0,1.0,1.0,0.0,1.0,1.0,1.0,1.0,2.0,0.0,2.0,0.0,0.0,4.0,5.0,0.0,0.0,0.0,2.0,2.0,1.0,1.0,2.0,2.0,0.0,0.0,0.0,0.0,2.0,4.0,1.0,1.0,1.0,1.0,1.0,2.0,2.0,2.0,1.0,1.0,0.0,3.0,2.0,1.0,0.0,9.0,0.0,1.0,1.0,0.0,1.0,3.0,1.0,2.0,3.0,1.0,2.0,1.0,3.0,1.0,0.0,1.0,0.0,1.0,0.0,1.0,1.0,0.0,0.0,3.0,3.0,2.0,0.0,1.0,0.0,0.0,10.0,1.0,2.0,2.0,0.0,2.0,0.0,0.0,2.0,1.0,2.0,0.0,2.0,2.0,2.0,1.0,0.0,0.0,3.0,2.0,0.0,1.0,0.0,0.0,3.0,0.0,0.0,0.0,0.0,0.0,1.0,13.0,0.0,1.0,0.0,0.0,0.0,1.0,1.0,0.0,2.0,0.0,1.0,6.0,0.0,3.0,2.0,0.0,2.0,0.0,1.0,3.0,1.0,2.0,5.0,2.0,4.0,0.0,2.0,0.0,1.0,1.0,15.0,0.0,0.0,1.0,0.0,0.0,0.0,2.0,1.0,3.0,2.0,4.0,0.0,2.0,2.0,1.0,2.0,0.0,3.0,1.0,0.0,1.0,2.0,0.0,1.0,0.0,1.0,2.0,2.0,0.0,1.0,10.0,2.0,1.0,2.0,0.0,2.0,1.0,0.0,0.0,0.0,3.0,0.0,2.0,1.0,1.0,1.0,0.0,0.0,3.0,1.0,0.0,4.0,1.0,1.0,3.0,1.0,1.0,0.0,1.0,1.0,0.0,10.0,0.0,1.0,1.0,0.0,0.0,2.0,2.0,1.0,0.0,1.0,1.0,3.0,2.0,1.0,0.0,1.0,0.0,2.0,2.0,1.0,3.0,2.0,1.0,2.0,2.0,1.0,1.0,0.0,2.0,1.0,14.0,1.0,0.0,2.0,1.0,0.0,1.0,2.0,2.0,2.0,1.0,1.0,4.0,0.0,0.0,0.0,1.0,0.0,1.0,0.0,1.0,0.0,3.0,1.0,1.0,1.0,0.0,1.0,3.0,0.0,2.0,9.0,1.0,1.0,3.0,0.0,0.0,1.0,0.0,0.0,0.0,0.0,1.0,0.0,0.0,0.0,0.0,2.0,1.0,0.0,1.0,2.0,0.0,1.0,4.0,2.0,0.0,2.0,1.0,2.0,0.0,0.0,7.0,0.0,1.0,0.0,3.0,0.0,0.0,0.0,1.0,0.0,3.0,0.0,1.0,0.0,2.0,1.0,0.0,2.0,1.0,3.0,1.0,1.0,2.0,1.0,0.0,3.0,0.0,3.0,0.0,1.0,1.0,6.0,2.0,0.0,1.0,4.0,1.0,1.0,1.0,0.0,0.0,0.0,2.0,2.0,1.0,0.0,2.0,3.0,0.0,1.0,1.0,0.0,0.0,2.0,1.0,3.0,0.0,3.0,1.0,2.0,1.0,1.0,5.0,1.0,0.0,1.0,0.0,1.0,1.0,0.0,2.0,2.0,0.0,0.0,0.0,1.0,2.0,1.0,2.0,0.0,2.0,0.0,0.0,0.0,2.0,1.0,2.0,1.0,1.0,0.0,1.0,2.0,1.0,6.0,1.0,0.0,3.0,1.0,0.0,0.0,2.0,0.0,1.0,0.0,1.0,1.0,1.0,2.0,0.0,1.0,0.0,0.0,1.0,0.0,0.0,2.0,0.0,1.0,2.0,1.0,0.0,0.0,1.0,0.0,6.0,0
36,1823.7327153271513,104358.78623711337,1.8686767557152597,424.52321259198044,0.24003822637843256,0.10889107074674086,4.010309278350515,0.05720750958331172,11.0,5.0,3.0,1.0,1.0,2.0,4.0,1.0,1.0,2.0,0.0,0.0,1.0,4.0,1.0,5.0,1.0,4.0,2.0,1.0,1.0,0.0,4.0,1.0,2.0,3.0,0.0,2.0,0.0,1.0,1.0,20.0,3.0,2.0,0.0,2.0,4.0,0.0,2.0,0.0,2.0,2.0,1.0,2.0,3.0,1.0,1.0,3.0,1.0,2.0,2.0,4.0,3.0,3.0,2.0,1.0,0.0,0.0,3.0,1.0,2.0,3.0,6.0,1.0,1.0,0.0,1.0,2.0,1.0,0.0,0.0,2.0,3.0,0.0,0.0,2.0,2.0,2.0,0.0,1.0,2.0,1.0,3.0,0.0,0.0,1.0,2.0,0.0,1.0,0.0,3.0,2.0,2.0,12.0,1.0,1.0,1.0,0.0,1.0,0.0,1.0,0.0,0.0,1.0,2.0,0.0,1.0,1.0,1.0,1.0,0.0,1.0,0.0,0.0,1.0,3.0,1.0,1.0,0.0,4.0,3.0,1.0,0.0,0.0,5.0,1.0,0.0,1.0,0.0,2.0,0.0,0.0,1.0,1.0,2.0,0.0,2.0,1.0,0.0,0.0,1.0,2.0,0.0,2.0,2.0,3.0,0.0,2.0,1.0,0.0,3.0,3.0,1.0,1.0,1.0,5.0,0.0,1.0,0.0,1.0,0.0,2.0,6.0,0.0,0.0,1.0,0.0,0.0,0.0,1.0,0.0,1.0,1.0,4.0,1.0,1.0,1.0,1.0,1.0,0.0,2.0,1.0,0.0,0.0,0.0,2.0,14.0,0.0,1.0,1.0,2.0,0.0,2.0,1.0,6.0,0.0,0.0,0.0,1.0,1.0,1.0,0.0,2.0,2.0,1.0,1.0,2.0,3.0,1.0,2.0,0.0,2.0,1.0,1.0,2.0,1.0,3.0,7.0,0.0,3.0,0.0,1.0,2.0,2.0,1.0,0.0,0.0,1.0,2.0,0.0,2.0,0.0,0.0,1.0,1.0,1.0,2.0,0.0,0.0,0.0,1.0,2.0,0.0,1.0,2.0,0.0,0.0,1.0,6.0,0.0,0.0,1.0,2.0,0.0,1.0,0.0,0.0,1.0,1.0,0.0,0.0,2.0,3.0,2.0,0.0,0.0,1.0,1.0,0.0,0.0,3.0,1.0,1.0,0.0,1.0,1.0,0.0,0.0,0.0,7.0,1.0,0.0,2.0,0.0,2.0,0.0,1.0,0.0,0.0,0.0,1.0,1.0,0.0,1.0,1.0,0.0,0.0,0.0,1.0,2.0,1.0,2.0,1.0,3.0,0.0,0.0,1.0,1.0,1.0,0.0,15.0,0.0,0.0,1.0,1.0,0.0,1.0,2.0,0.0,1.0,1.0,0.0,2.0,2.0,1.0,1.0,0.0,1.0,0.0,2.0,1.0,2.0,0.0,0.0,2.0,0.0,0.0,1.0,0.0,1.0,2.0,5.0,1.0,0.0,0.0,0.0,1.0,0.0,0.0,0.0,1.0,0.0,2.0,0.0,3.0,0.0,0.0,2.0,1.0,0.0,4.0,2.0,0.0,2.0,2.0,3.0,1.0,1.0,1.0,1.0,0.0,0.0,8.0,3.0,2.0,1.0,2.0,1.0,1.0,2.0,0.0,3.0,2.0,0.0,2.0,2.0,2.0,4.0,2.0,3.0,0.0,2.0,5.0,1.0,1.0,3.0,1.0,1.0,1.0,0.0,0.0,0.0,1.0,16.0,1.0,1.0,2.0,0.0,3.0,1.0,1.0,1.0,0.0,2.0,3.0,2.0,3.0,2.0,1.0,2.0,3.0,3.0,2.0,4.0,1.0,1.0,3.0,1.0,0.0,1.0,1.0,1.0,1.0,1.0,11.0,0.0,3.0,0.0,3.0,3.0,2.0,1.0,1.0,0.0,1.0,1.0,2.0,1.0,1.0,0.0,3.0,1.0,0.0,1.0,0.0,1.0,0.0,2.0,2.0,0.0,0.0,0.0,1.0,2.0,1.0,5.0,0.0,0.0,3.0,3.0,1.0,1.0,0.0,1.0,0.0,1.0,0.0,2.0,1.0,1.0,0.0,2.0,3.0,1.0,0.0,0.0,1.0,2.0,1.0,1.0,0.0,0.0,4.0,1.0,2.0,0.0,6.0,0.0,0.0,0.0,1.0,4.0,0.0,0.0,1.0,2.0,1.0,0.0,0.0,0.0,3.0,0.0,1.0,1.0,3.0,1.0,0.0,0.0,1.0,0.0,2.0,0.0,0.0,2.0,1.0,2.0,0.0,9.0,2.0,2.0,0.0,0.0,1.0,1.0,1.0,1.0,2.0,0.0,1.0,1.0,3.0,2.0,0.0,0.0,3.0,0.0,0.0,2.0,1.0,0.0,0.0,0.0,2.0,2.0,0.0,0.0,1.0,1.0,4.0,0.0,3.0,1.0,1.0,0.0,1.0,3.0,2.0,1.0,0.0,0.0,1.0,0.0,0.0,1.0,0.0,1.0,1.0,4.0,0.0,0.0,2.0,1.0,0.0,0.0,1.0,1.0,0.0,2.0,3.0,11.0,1.0,0.0,1.0,1.0,3.0,3.0,2.0,0.0,1.0,0.0,1.0,1.0,2.0,0.0,0.0,0.0,0.0,0.0,0.0,0.0,1.0,0.0,2.0,1.0,3.0,1.0,2.0,0.0,1.0,0.0,8.0,0.0,0.0,2.0,2.0,0.0,2.0,0.0,0.0,3.0,2.0,2.0,0.0,0.0,2.0,3.0,1.0,2.0,3.0,0.0,1.0,2.0,0.0,0.0,2.0,0.0,1.0,0.0,1.0,1.0,0.0,5.0,0.0,4.0,0.0,0.0,2.0,0.0,1.0,0.0,2.0,1.0,1.0,2.0,0.0,1.0,2.0,1.0,2.0,1.0,1.0,3.0,2.0,2.0,1.0,1.0,1.0,2.0,0.0,2.0,0.0,1.0,17.0,1.0,1.0,0.0,0.0,0.0,0.0,1.0,3.0,1.0,1.0,1.0,1.0,2.0,2.0,1.0,0.0,1.0,3.0,2.0,3.0,3.0,2.0,3.0,0.0,2.0,1.0,1.0,1.0,0.0,2.0,12.0,0.0,0.0,0.0,1.0,0.0,0.0,2.0,2.0,2.0,4.0,1.0,2.0,4.0,0.0,0.0,0.0,1.0,0.0,2.0,4.0,1.0,2.0,0.0,1.0,1.0,0.0,0.0,0.0,0.0,1.0,4.0,1.0,1.0,0.0,1.0,0.0,0.0,1.0,0.0,2.0,2.0,2.0,2.0,1.0,2.0,1.0,1.0,0.0,4.0,2.0,2.0,0.0,1.0,1.0,0.0,0.0,1.0,0.0,1.0,0.0,1.0,10.0,1.0,2.0,1.0,0.0,1.0,2.0,0.0,0.0,0.0,0.0,1.0,0.0,1.0,2.0,2.0,1.0,2.0,1.0,3.0,1.0,2.0,3.0,0.0,3.0,1.0,2.0,0.0,1.0,0.0,1.0,6.0,0.0,2.0,1.0,0.0,3.0,1.0,0.0,0.0,2.0,0.0,0.0,0.0,0.0,0.0,2.0,3.0,0.0,0.0,3.0,0.0,0.0,1.0,3.0,0.0,1.0,1.0,2.0,1.0,0.0,2.0,4.0,0.0,1.0,1.0,0.0,0.0,0.0,1.0,0.0,2.0,2.0,0.0,2.0,2.0,0.0,0.0,3.0,0.0,1.0,0.0,0.0,1.0,0.0,0.0,1.0,2.0,1.0,1.0,0.0,1.0,0.0,6.0,0.0,4.0,2.0,3.0,0.0,0.0,0.0,0.0,1.0,0.0,0.0,1.0,0.0,1.0,2.0,1.0,2.0,1.0,1.0,0.0,1.0,0.0,2.0,0.0,2.0,0.0,0.0,1.0,0.0,0.0,4.0,0
37,2540.3279110775106,157478.27090000003,2.0893205769920242,314.88802016447613,0.18181282606282598,0.11929647667147668,4.07,-0.002197599579147031,11.0,2.0,1.0,4.0,2.0,1.0,5.0,3.0,2.0,1.0,3.0,1.0,1.0,5.0,2.0,1.0,2.0,1.0,4.0,2.0,4.0,0.0,3.0,2.0,0.0,1.0,2.0,3.0,0.0,0.0,2.0,19.0,2.0,1.0,3.0,0.0,2.0,1.0,1.0,2.0,4.0,3.0,2.0,1.0,2.0,1.0,3.0,0.0,0.0,1.0,1.0,3.0,3.0,4.0,5.0,1.0,3.0,4.0,1.0,2.0,3.0,2.0,13.0,1.0,1.0,0.0,4.0,1.0,0.0,0.0,0.0,1.0,0.0,2.0,1.0,4.0,1.0,2.0,0.0,2.0,2.0,1.0,1.0,1.0,0.0,2.0,0.0,0.0,0.0,2.0,2.0,3.0,2.0,7.0,2.0,1.0,1.0,0.0,1.0,1.0,2.0,2.0,2.0,0.0,2.0,2.0,2.0,0.0,5.0,0.0,2.0,1.0,3.0,1.0,1.0,0.0,0.0,0.0,0.0,2.0,1.0,1.0,1.0,0.0,9.0,1.0,0.0,1.0,0.0,1.0,0.0,0.0,1.0,3.0,0.0,2.0,0.0,1.0,2.0,1.0,2.0,1.0,0.0,1.0,0.0,2.0,0.0,2.0,2.0,2.0,4.0,4.0,1.0,1.0,1.0,7.0,0.0,1.0,0.0,2.0,0.0,1.0,2.0,1.0,1.0,0.0,0.0,2.0,1.0,2.0,0.0,1.0,0.0,2.0,1.0,0.0,1.0,2.0,0.0,1.0,3.0,2.0,2.0,1.0,0.0,2.0,10.0,2.0,1.0,1.0,0.0,1.0,0.0,2.0,0.0,0.0,1.0,0.0,0.0,2.0,1.0,1.0,2.0,1.0,3.0,0.0,1.0,2.0,3.0,0.0,0.0,2.0,0.0,0.0,1.0,1.0,1.0,8.0,0.0,0.0,2.0,0.0,0.0,4.0,2.0,1.0,0.0,0.0,1.0,2.0,0.0,4.0,0.0,3.0,2.0,1.0,0.0,4.0,1.0,0.0,3.0,2.0,1.0,1.0,1.0,0.0,1.0,1.0,6.0,1.0,1.0,1.0,0.0,2.0,1.0,0.0,1.0,1.0,1.0,1.0,0.0,0.0,3.0,1.0,4.0,0.0,1.0,1.0,1.0,0.0,0.0,4.0,2.0,2.0,1.0,2.0,1.0,1.0,5.0,7.0,0.0,0.0,0.0,1.0,0.0,1.0,0.0,2.0,0.0,2.0,1.0,0.0,1.0,2.0,2.0,5.0,2.0,0.0,1.0,1.0,1.0,3.0,1.0,4.0,0.0,2.0,0.0,2.0,2.0,2.0,4.0,1.0,4.0,3.0,1.0,1.0,1.0,1.0,1.0,1.0,0.0,0.0,2.0,2.0,1.0,0.0,1.0,0.0,0.0,2.0,1.0,1.0,1.0,0.0,1.0,2.0,1.0,1.0,2.0,1.0,1.0,7.0,6.0,0.0,0.0,1.0,1.0,1.0,1.0,0.0,1.0,1.0,1.0,1.0,1.0,1.0,3.0,2.0,2.0,1.0,2.0,3.0,2.0,4.0,2.0,3.0,3.0,1.0,0.0,3.0,2.0,2.0,15.0,3.0,0.0,2.0,1.0,2.0,1.0,0.0,1.0,0.0,1.0,1.0,0.0,2.0,4.0,4.0,2.0,2.0,2.0,2.0,2.0,1.0,2.0,0.0,3.0,0.0,1.0,3.0,0.0,2.0,3.0,7.0,1.0,0.0,4.0,2.0,4.0,1.0,0.0,0.0,1.0,3.0,3.0,3.0,0.0,2.0,1.0,0.0,5.0,1.0,3.0,1.0,2.0,0.0,1.0,1.0,0.0,0.0,3.0,0.0,2.0,1.0,7.0,0.0,0.0,1.0,3.0,0.0,2.0,1.0,0.0,0.0,2.0,1.0,1.0,0.0,0.0,4.0,2.0,1.0,1.0,1.0,0.0,0.0,1.0,0.0,1.0,1.0,0.0,3.0,3.0,0.0,1.0,6.0,1.0,3.0,1.0,0.0,1.0,0.0,1.0,1.0,0.0,0.0,3.0,1.0,1.0,0.0,0.0,3.0,0.0,0.0,1.0,2.0,0.0,0.0,0.0,1.0,1.0,0.0,3.0,1.0,2.0,1.0,8.0,2.0,1.0,2.0,0.0,2.0,1.0,0.0,1.0,3.0,2.0,1.0,0.0,1.0,4.0,0.0,1.0,1.0,1.0,0.0,1.0,0.0,0.0,3.0,1.0,0.0,2.0,1.0,0.0,0.0,1.0,8.0,1.0,1.0,2.0,2.0,1.0,3.0,1.0,1.0,3.0,1.0,1.0,3.0,2.0,3.0,2.0,1.0,0.0,0.0,0.0,1.0,0.0,3.0,3.0,2.0,3.0,4.0,1.0,0.0,0.0,0.0,4.0,0.0,2.0,3.0,2.0,0.0,2.0,0.0,1.0,0.0,0.0,4.0,2.0,0.0,1.0,0.0,0.0,2.0,0.0,2.0,0.0,3.0,2.0,1.0,1.0,0.0,0.0,1.0,2.0,0.0,0.0,4.0,0.0,0.0,1.0,2.0,0.0,1.0,2.0,2.0,2.0,0.0,1.0,1.0,0.0,1.0,0.0,0.0,0.0,1.0,1.0,1.0,2.0,3.0,2.0,1.0,3.0,1.0,1.0,0.0,0.0,0.0,5.0,1.0,0.0,1.0,0.0,4.0,1.0,1.0,2.0,1.0,0.0,3.0,3.0,1.0,3.0,1.0,0.0,1.0,2.0,1.0,1.0,1.0,1.0,2.0,4.0,1.0,0.0,0.0,1.0,0.0,0.0,3.0,0.0,3.0,0.0,0.0,2.0,1.0,1.0,1.0,2.0,2.0,1.0,3.0,1.0,0.0,0.0,1.0,2.0,1.0,1.0,3.0,0.0,0.0,0.0,1.0,0.0,0.0,2.0,1.0,1.0,1.0,9.0,6.0,5.0,0.0,2.0,1.0,1.0,2.0,3.0,2.0,1.0,2.0,0.0,3.0,1.0,2.0,0.0,1.0,2.0,2.0,0.0,0.0,4.0,2.0,1.0,2.0,1.0,1.0,3.0,2.0,5.0,14.0,3.0,0.0,5.0,5.0,2.0,0.0,2.0,0.0,0.0,1.0,1.0,0.0,3.0,1.0,2.0,1.0,3.0,1.0,3.0,3.0,0.0,2.0,2.0,4.0,0.0,1.0,2.0,2.0,2.0,4.0,6.0,0.0,1.0,2.0,1.0,1.0,2.0,3.0,0.0,1.0,0.0,4.0,0.0,2.0,2.0,1.0,1.0,1.0,1.0,0.0,3.0,1.0,0.0,1.0,0.0,1.0,0.0,3.0,2.0,1.0,3.0,10.0,0.0,0.0,1.0,0.0,2.0,2.0,2.0,3.0,1.0,1.0,0.0,3.0,0.0,1.0,1.0,1.0,4.0,2.0,0.0,0.0,2.0,3.0,2.0,1.0,0.0,2.0,1.0,3.0,3.0,0.0,3.0,4.0,0.0,3.0,4.0,2.0,1.0,2.0,0.0,0.0,1.0,1.0,2.0,1.0,0.0,3.0,4.0,2.0,0.0,1.0,2.0,2.0,3.0,1.0,1.0,1.0,2.0,3.0,1.0,1.0,2.0,6.0,2.0,1.0,1.0,3.0,0.0,1.0,0.0,1.0,1.0,1.0,0.0,2.0,2.0,0.0,0.0,0.0,2.0,1.0,1.0,3.0,1.0,0.0,0.0,0.0,0.0,3.0,1.0,1.0,3.0,0.0,3.0,0.0,2.0,1.0,0.0,1.0,1.0,3.0,3.0,0.0,4.0,0.0,1.0,0.0,3.0,2.0,2.0,0.0,0.0,0.0,2.0,1.0,2.0,1.0,1.0,0.0,0.0,4.0,1.0,1.0,0.0,5.0,0
39,1504.3107587226384,58189.33305555552,1.7109975859693072,428.1311462987367,0.34537231287231307,0.18953949548393992,2.7444444444444445,-0.04780471062855627,40.0,1.0,0.0,4.0,6.0,2.0,0.0,1.0,6.0,0.0,3.0,2.0,0.0,5.0,2.0,2.0,1.0,3.0,4.0,2.0,3.0,3.0,1.0,0.0,1.0,0.0,3.0,3.0,4.0,4.0,0.0,12.0,2.0,0.0,2.0,2.0,1.0,1.0,3.0,1.0,2.0,6.0,0.0,2.0,2.0,1.0,0.0,1.0,1.0,1.0,2.0,1.0,1.0,1.0,2.0,0.0,1.0,3.0,2.0,0.0,2.0,1.0,2.0,0.0,1.0,0.0,0.0,2.0,1.0,0.0,1.0,1.0,1.0,3.0,1.0,1.0,1.0,2.0,1.0,0.0,0.0,2.0,0.0,0.0,0.0,0.0,0.0,1.0,0.0,1.0,3.0,1.0,0.0,12.0,1.0,1.0,0.0,1.0,0.0,1.0,2.0,0.0,1.0,1.0,2.0,2.0,1.0,0.0,0.0,5.0,1.0,1.0,1.0,0.0,3.0,0.0,2.0,0.0,0.0,4.0,2.0,1.0,2.0,1.0,3.0,0.0,1.0,1.0,1.0,3.0,0.0,1.0,0.0,0.0,1.0,0.0,2.0,4.0,0.0,2.0,0.0,0.0,1.0,1.0,0.0,1.0,0.0,2.0,1.0,0.0,1.0,2.0,0.0,2.0,0.0,12.0,3.0,1.0,2.0,5.0,0.0,0.0,4.0,3.0,0.0,0.0,2.0,0.0,0.0,1.0,0.0,1.0,1.0,0.0,0.0,1.0,1.0,2.0,0.0,0.0,0.0,1.0,0.0,0.0,1.0,4.0,11.0,2.0,0.0,2.0,3.0,1.0,0.0,1.0,1.0,0.0,1.0,1.0,2.0,0.0,0.0,2.0,0.0,1.0,1.0,2.0,0.0,0.0,1.0,1.0,2.0,1.0,1.0,2.0,0.0,0.0,0.0,7.0,0.0,2.0,0.0,0.0,4.0,2.0,2.0,0.0,2.0,0.0,2.0,1.0,2.0,1.0,1.0,0.0,2.0,0.0,0.0,0.0,1.0,0.0,6.0,0.0,1.0,0.0,1.0,1.0,0.0,1.0,10.0,0.0,0.0,0.0,1.0,2.0,0.0,0.0,0.0,1.0,1.0,5.0,1.0,4.0,1.0,0.0,2.0,1.0,2.0,0.0,0.0,0.0,4.0,1.0,1.0,0.0,0.0,3.0,3.0,0.0,0.0,10.0,0.0,0.0,1.0,1.0,1.0,2.0,1.0,0.0,1.0,0.0,2.0,1.0,0.0,0.0,2.0,0.0,3.0,0.0,0.0,4.0,1.0,2.0,0.0,1.0,1.0,0.0,1.0,1.0,1.0,0.0,12.0,2.0,0.0,2.0,2.0,1.0,0.0,1.0,0.0,0.0,0.0,2.0,5.0,1.0,2.0,1.0,2.0,0.0,0.0,1.0,5.0,5.0,0.0,3.0,1.0,1.0,2.0,0.0,0.0,2.0,2.0,9.0,3.0,0.0,0.0,1.0,1.0,1.0,0.0,1.0,2.0,0.0,1.0,2.0,0.0,0.0,1.0,2.0,1.0,0.0,2.0,1.0,1.0,3.0,1.0,1.0,2.0,2.0,3.0,2.0,2.0,3.0,29.0,1.0,1.0,0.0,5.0,2.0,1.0,1.0,0.0,0.0,3.0,0.0,4.0,0.0,3.0,1.0,0.0,0.0,5.0,0.0,0.0,3.0,1.0,2.0,1.0,2.0,2.0,1.0,1.0,1.0,3.0,13.0,1.0,0.0,0.0,2.0,1.0,0.0,1.0,2.0,1.0,0.0,3.0,1.0,2.0,2.0,0.0,2.0,2.0,2.0,1.0,0.0,0.0,1.0,1.0,1.0,0.0,1.0,1.0,2.0,2.0,1.0,8.0,0.0,1.0,1.0,0.0,1.0,2.0,0.0,0.0,1.0,2.0,2.0,0.0,0.0,0.0,0.0,0.0,4.0,1.0,2.0,0.0,0.0,0.0,0.0,1.0,0.0,1.0,0.0,1.0,2.0,0.0,5.0,1.0,0.0,0.0,4.0,2.0,0.0,1.0,0.0,0.0,2.0,1.0,1.0,0.0,2.0,3.0,0.0,2.0,1.0,2.0,1.0,1.0,0.0,3.0,0.0,0.0,2.0,5.0,2.0,0.0,0.0,10.0,0.0,1.0,0.0,1.0,0.0,0.0,1.0,1.0,1.0,2.0,0.0,1.0,0.0,3.0,2.0,1.0,0.0,2.0,2.0,0.0,1.0,1.0,0.0,0.0,0.0,4.0,2.0,2.0,0.0,0.0,11.0,0.0,0.0,2.0,0.0,0.0,3.0,1.0,2.0,1.0,1.0,2.0,1.0,0.0,2.0,1.0,0.0,1.0,0.0,0.0,0.0,0.0,0.0,1.0,1.0,1.0,1.0,2.0,0.0,0.0,0.0,11.0,0.0,1.0,2.0,0.0,2.0,3.0,0.0,1.0,2.0,0.0,1.0,3.0,1.0,2.0,5.0,1.0,0.0,2.0,2.0,3.0,0.0,0.0,1.0,2.0,1.0,0.0,5.0,0.0,0.0,0.0,2.0,0.0,0.0,0.0,1.0,0.0,1.0,3.0,1.0,0.0,0.0,0.0,1.0,3.0,2.0,0.0,0.0,0.0,3.0,0.0,0.0,1.0,2.0,2.0,3.0,1.0,2.0,2.0,2.0,1.0,1.0,11.0,0.0,0.0,1.0,4.0,1.0,1.0,0.0,0.0,0.0,2.0,2.0,1.0,0.0,0.0,0.0,2.0,1.0,1.0,1.0,0.0,2.0,1.0,0.0,0.0,0.0,0.0,1.0,0.0,1.0,1.0,10.0,1.0,2.0,2.0,0.0,1.0,3.0,2.0,2.0,1.0,2.0,0.0,0.0,2.0,1.0,1.0,1.0,0.0,1.0,1.0,0.0,2.0,0.0,1.0,0.0,1.0,1.0,0.0,2.0,1.0,1.0,7.0,1.0,0.0,0.0,0.0,3.0,0.0,0.0,4.0,0.0,0.0,0.0,2.0,0.0,1.0,0.0,0.0,1.0,1.0,2.0,1.0,0.0,0.0,0.0,1.0,2.0,2.0,0.0,2.0,0.0,0.0,10.0,0.0,0.0,0.0,1.0,1.0,1.0,3.0,3.0,0.0,2.0,0.0,1.0,2.0,0.0,1.0,1.0,2.0,5.0,0.0,1.0,0.0,4.0,2.0,2.0,2.0,1.0,2.0,2.0,2.0,1.0,19.0,0.0,2.0,0.0,0.0,0.0,1.0,0.0,0.0,0.0,1.0,3.0,0.0,0.0,1.0,1.0,0.0,0.0,2.0,0.0,0.0,1.0,2.0,2.0,0.0,0.0,2.0,1.0,0.0,0.0,1.0,10.0,0.0,0.0,1.0,0.0,0.0,4.0,2.0,3.0,0.0,2.0,2.0,0.0,0.0,1.0,0.0,0.0,1.0,2.0,2.0,1.0,0.0,2.0,0.0,2.0,2.0,2.0,1.0,0.0,2.0,2.0,21.0,1.0,1.0,1.0,3.0,2.0,1.0,0.0,0.0,3.0,0.0,2.0,0.0,1.0,3.0,1.0,3.0,1.0,0.0,2.0,1.0,1.0,1.0,0.0,1.0,0.0,1.0,1.0,0.0,0.0,1.0,12.0,1.0,0.0,2.0,0.0,0.0,0.0,1.0,0.0,1.0,2.0,1.0,2.0,1.0,1.0,0.0,1.0,1.0,0.0,0.0,0.0,0.0,2.0,0.0,1.0,0.0,0.0,2.0,1.0,1.0,0.0,5.0,0.0,6.0,0.0,0.0,0.0,0.0,1.0,1.0,0.0,0.0,2.0,2.0,1.0,0.0,0.0,0.0,1.0,1.0,1.0,1.0,1.0,0.0,0.0,0.0,2.0,1.0,0.0,2.0,1.0,1.0,15.0,0
40,2658.4183943025937,155437.36919191925,2.096124118127921,316.23305081380414,0.18415582733764546,0.1280274607547335,3.878787878787879,-0.03938681967769086,25.0,3.0,7.0,4.0,5.0,3.0,0.0,2.0,2.0,2.0,2.0,1.0,0.0,4.0,3.0,3.0,0.0,1.0,1.0,3.0,1.0,4.0,1.0,3.0,4.0,7.0,0.0,2.0,2.0,0.0,3.0,12.0,6.0,3.0,1.0,0.0,4.0,0.0,2.0,3.0,6.0,0.0,2.0,2.0,3.0,3.0,1.0,2.0,3.0,1.0,1.0,1.0,3.0,1.0,2.0,2.0,2.0,3.0,2.0,2.0,6.0,2.0,8.0,3.0,1.0,1.0,0.0,3.0,1.0,0.0,4.0,2.0,1.0,1.0,2.0,5.0,2.0,1.0,1.0,2.0,7.0,2.0,2.0,2.0,0.0,1.0,1.0,3.0,0.0,1.0,4.0,3.0,2.0,8.0,2.0,0.0,3.0,2.0,0.0,2.0,0.0,3.0,2.0,0.0,2.0,2.0,2.0,0.0,1.0,4.0,2.0,0.0,1.0,1.0,6.0,3.0,3.0,1.0,1.0,2.0,1.0,1.0,3.0,0.0,5.0,0.0,0.0,4.0,1.0,2.0,1.0,0.0,2.0,1.0,0.0,3.0,0.0,1.0,1.0,0.0,0.0,2.0,3.0,1.0,2.0,2.0,1.0,1.0,1.0,1.0,4.0,6.0,1.0,1.0,0.0,8.0,1.0,0.0,1.0,1.0,1.0,1.0,0.0,2.0,0.0,1.0,0.0,0.0,1.0,0.0,0.0,5.0,2.0,1.0,2.0,2.0,0.0,2.0,0.0,1.0,2.0,6.0,2.0,0.0,0.0,1.0,5.0,2.0,1.0,1.0,0.0,1.0,1.0,0.0,0.0,3.0,1.0,1.0,1.0,5.0,2.0,1.0,1.0,2.0,3.0,1.0,2.0,1.0,2.0,0.0,2.0,4.0,0.0,0.0,0.0,2.0,1.0,9.0,1.0,0.0,1.0,2.0,3.0,0.0,3.0,0.0,2.0,0.0,0.0,2.0,1.0,2.0,1.0,1.0,1.0,0.0,2.0,1.0,3.0,1.0,1.0,0.0,1.0,2.0,0.0,2.0,2.0,1.0,6.0,0.0,1.0,0.0,1.0,0.0,2.0,1.0,1.0,0.0,2.0,1.0,0.0,1.0,2.0,2.0,2.0,0.0,3.0,1.0,1.0,2.0,5.0,1.0,2.0,0.0,4.0,0.0,4.0,0.0,2.0,6.0,2.0,3.0,1.0,0.0,1.0,0.0,1.0,0.0,0.0,0.0,1.0,2.0,1.0,2.0,0.0,1.0,3.0,0.0,1.0,2.0,2.0,6.0,2.0,2.0,2.0,1.0,0.0,1.0,0.0,0.0,9.0,1.0,2.0,2.0,0.0,1.0,2.0,2.0,0.0,1.0,2.0,1.0,3.0,3.0,2.0,1.0,0.0,0.0,2.0,2.0,1.0,0.0,1.0,5.0,0.0,1.0,0.0,1.0,1.0,1.0,3.0,2.0,2.0,0.0,3.0,1.0,1.0,1.0,1.0,2.0,1.0,1.0,3.0,0.0,3.0,1.0,1.0,0.0,1.0,1.0,1.0,3.0,3.0,4.0,2.0,3.0,1.0,4.0,1.0,3.0,2.0,1.0,23.0,5.0,0.0,3.0,1.0,1.0,1.0,1.0,2.0,2.0,1.0,2.0,4.0,3.0,1.0,1.0,0.0,1.0,4.0,2.0,1.0,2.0,2.0,0.0,1.0,2.0,1.0,0.0,1.0,1.0,7.0,3.0,2.0,0.0,0.0,1.0,1.0,1.0,1.0,1.0,0.0,0.0,3.0,0.0,3.0,0.0,2.0,0.0,3.0,2.0,1.0,4.0,3.0,1.0,1.0,3.0,1.0,2.0,0.0,0.0,1.0,2.0,5.0,2.0,0.0,0.0,0.0,2.0,1.0,2.0,1.0,4.0,2.0,0.0,0.0,2.0,1.0,1.0,2.0,2.0,1.0,0.0,0.0,0.0,1.0,0.0,1.0,4.0,1.0,2.0,3.0,3.0,3.0,5.0,3.0,1.0,1.0,1.0,0.0,1.0,0.0,3.0,3.0,1.0,0.0,3.0,2.0,2.0,1.0,0.0,2.0,2.0,0.0,3.0,3.0,0.0,1.0,1.0,1.0,0.0,0.0,0.0,0.0,1.0,2.0,0.0,1.0,2.0,2.0,1.0,0.0,0.0,2.0,0.0,2.0,0.0,0.0,1.0,2.0,2.0,0.0,1.0,1.0,1.0,0.0,1.0,0.0,0.0,0.0,0.0,0.0,0.0,0.0,1.0,0.0,6.0,1.0,0.0,1.0,2.0,0.0,1.0,2.0,0.0,1.0,0.0,2.0,0.0,2.0,1.0,0.0,1.0,1.0,0.0,1.0,3.0,1.0,0.0,0.0,2.0,2.0,1.0,0.0,0.0,0.0,0.0,5.0,0.0,2.0,0.0,1.0,0.0,2.0,0.0,3.0,1.0,3.0,1.0,3.0,1.0,3.0,3.0,1.0,1.0,1.0,2.0,0.0,2.0,1.0,3.0,0.0,1.0,1.0,1.0,3.0,0.0,1.0,7.0,0.0,0.0,2.0,2.0,2.0,0.0,1.0,1.0,2.0,1.0,1.0,2.0,4.0,2.0,1.0,0.0,1.0,0.0,0.0,2.0,2.0,2.0,3.0,0.0,2.0,2.0,0.0,2.0,0.0,1.0,6.0,2.0,2.0,1.0,2.0,1.0,0.0,2.0,1.0,1.0,1.0,3.0,1.0,2.0,0.0,3.0,3.0,0.0,2.0,2.0,1.0,2.0,4.0,5.0,1.0,1.0,0.0,0.0,3.0,0.0,0.0,5.0,0.0,0.0,3.0,1.0,0.0,1.0,0.0,0.0,2.0,2.0,3.0,2.0,1.0,0.0,1.0,0.0,2.0,1.0,1.0,1.0,1.0,0.0,3.0,0.0,0.0,0.0,0.0,1.0,2.0,0.0,11.0,4.0,3.0,2.0,1.0,3.0,0.0,0.0,0.0,2.0,0.0,4.0,0.0,2.0,2.0,0.0,1.0,2.0,2.0,3.0,3.0,2.0,1.0,1.0,1.0,0.0,0.0,2.0,4.0,3.0,2.0,16.0,2.0,1.0,0.0,2.0,2.0,0.0,5.0,3.0,1.0,3.0,3.0,4.0,6.0,1.0,2.0,2.0,2.0,1.0,3.0,0.0,1.0,2.0,3.0,1.0,3.0,0.0,1.0,0.0,1.0,1.0,23.0,1.0,3.0,1.0,3.0,3.0,4.0,1.0,2.0,1.0,1.0,2.0,1.0,1.0,1.0,0.0,3.0,0.0,2.0,1.0,2.0,1.0,1.0,1.0,1.0,2.0,1.0,0.0,0.0,2.0,0.0,7.0,2.0,0.0,1.0,0.0,0.0,2.0,2.0,0.0,2.0,1.0,3.0,1.0,3.0,1.0,1.0,2.0,2.0,3.0,1.0,1.0,0.0,1.0,2.0,1.0,1.0,2.0,0.0,3.0,1.0,1.0,9.0,1.0,0.0,0.0,3.0,2.0,2.0,0.0,1.0,2.0,0.0,1.0,1.0,4.0,1.0,2.0,4.0,3.0,1.0,1.0,0.0,0.0,0.0,2.0,1.0,0.0,0.0,2.0,1.0,0.0,0.0,8.0,0.0,0.0,3.0,0.0,0.0,3.0,1.0,1.0,2.0,1.0,1.0,1.0,2.0,1.0,2.0,1.0,2.0,3.0,0.0,1.0,0.0,0.0,1.0,1.0,2.0,0.0,1.0,2.0,3.0,0.0,5.0,0.0,2.0,2.0,4.0,0.0,0.0,1.0,0.0,0.0,1.0,1.0,1.0,0.0,3.0,0.0,3.0,1.0,0.0,1.0,1.0,2.0,1.0,0.0,1.0,0.0,0.0,0.0,0.0,1.0,0.0,16.0,0
41,2373.2363181019023,138357.6010606061,1.9698081933998812,297.3053165554348,0.27065030928667294,0.16687148523007103,3.5454545454545454,-0.04835417125829537,30.0,3.0,5.0,3.0,2.0,3.0,3.0,1.0,3.0,5.0,4.0,2.0,2.0,2.0,4.0,3.0,2.0,4.0,2.0,4.0,1.0,2.0,0.0,4.0,1.0,4.0,2.0,3.0,1.0,3.0,1.0,18.0,4.0,1.0,1.0,2.0,1.0,1.0,0.0,1.0,2.0,2.0,1.0,1.0,2.0,2.0,2.0,4.0,0.0,1.0,2.0,2.0,2.0,0.0,4.0,1.0,4.0,0.0,3.0,1.0,6.0,2.0,26.0,1.0,1.0,1.0,0.0,2.0,2.0,0.0,3.0,1.0,3.0,3.0,4.0,0.0,5.0,3.0,1.0,3.0,2.0,0.0,3.0,0.0,5.0,1.0,1.0,1.0,0.0,3.0,3.0,0.0,4.0,20.0,3.0,1.0,2.0,2.0,3.0,2.0,2.0,2.0,1.0,1.0,1.0,0.0,0.0,1.0,2.0,2.0,0.0,2.0,0.0,0.0,2.0,4.0,1.0,0.0,1.0,0.0,3.0,1.0,3.0,3.0,11.0,1.0,1.0,0.0,1.0,1.0,1.0,3.0,1.0,2.0,1.0,1.0,1.0,2.0,0.0,1.0,0.0,0.0,1.0,4.0,1.0,2.0,4.0,1.0,0.0,0.0,2.0,3.0,0.0,0.0,2.0,6.0,1.0,2.0,1.0,0.0,1.0,1.0,3.0,2.0,1.0,2.0,0.0,2.0,0.0,3.0,0.0,1.0,3.0,4.0,4.0,0.0,1.0,0.0,0.0,1.0,2.0,2.0,2.0,0.0,0.0,2.0,3.0,0.0,0.0,1.0,1.0,1.0,1.0,0.0,2.0,1.0,1.0,1.0,2.0,1.0,2.0,2.0,0.0,1.0,2.0,3.0,0.0,1.0,2.0,0.0,1.0,1.0,2.0,0.0,2.0,1.0,1.0,13.0,0.0,0.0,2.0,0.0,3.0,2.0,2.0,1.0,1.0,0.0,2.0,2.0,3.0,2.0,0.0,5.0,3.0,1.0,1.0,1.0,0.0,1.0,2.0,2.0,0.0,0.0,1.0,0.0,0.0,1.0,8.0,0.0,0.0,1.0,1.0,1.0,4.0,3.0,3.0,0.0,0.0,0.0,1.0,1.0,1.0,1.0,1.0,2.0,2.0,0.0,1.0,0.0,4.0,0.0,0.0,2.0,1.0,3.0,0.0,2.0,1.0,11.0,1.0,0.0,1.0,0.0,0.0,0.0,1.0,1.0,1.0,2.0,0.0,0.0,2.0,1.0,1.0,2.0,2.0,1.0,0.0,0.0,3.0,5.0,3.0,5.0,3.0,1.0,3.0,0.0,1.0,0.0,25.0,0.0,2.0,1.0,0.0,3.0,4.0,1.0,1.0,4.0,2.0,4.0,0.0,1.0,3.0,1.0,1.0,2.0,0.0,1.0,2.0,4.0,2.0,1.0,1.0,2.0,0.0,1.0,0.0,1.0,2.0,12.0,2.0,0.0,0.0,3.0,1.0,0.0,0.0,1.0,2.0,1.0,2.0,2.0,1.0,2.0,0.0,1.0,2.0,1.0,3.0,0.0,2.0,2.0,0.0,1.0,1.0,3.0,1.0,1.0,2.0,3.0,13.0,1.0,0.0,3.0,1.0,0.0,1.0,1.0,0.0,1.0,4.0,2.0,3.0,1.0,1.0,3.0,2.0,1.0,3.0,1.0,2.0,2.0,3.0,1.0,1.0,1.0,1.0,0.0,1.0,0.0,1.0,16.0,0.0,1.0,0.0,0.0,2.0,2.0,1.0,1.0,3.0,5.0,2.0,3.0,2.0,0.0,1.0,1.0,3.0,2.0,1.0,1.0,0.0,0.0,4.0,3.0,0.0,1.0,3.0,1.0,1.0,0.0,11.0,0.0,1.0,1.0,2.0,0.0,0.0,4.0,2.0,1.0,5.0,1.0,1.0,1.0,0.0,1.0,2.0,2.0,1.0,1.0,1.0,2.0,0.0,3.0,2.0,1.0,2.0,1.0,4.0,0.0,2.0,19.0,0.0,2.0,0.0,2.0,1.0,1.0,3.0,1.0,0.0,1.0,3.0,4.0,0.0,1.0,2.0,2.0,5.0,1.0,2.0,0.0,1.0,2.0,0.0,1.0,4.0,3.0,0.0,0.0,1.0,0.0,20.0,0.0,0.0,0.0,2.0,0.0,0.0,0.0,1.0,4.0,0.0,0.0,0.0,1.0,5.0,2.0,0.0,3.0,0.0,2.0,4.0,1.0,1.0,2.0,2.0,2.0,1.0,4.0,1.0,1.0,0.0,11.0,0.0,0.0,1.0,1.0,2.0,2.0,0.0,1.0,0.0,1.0,1.0,1.0,3.0,1.0,0.0,0.0,1.0,0.0,0.0,2.0,0.0,3.0,0.0,0.0,2.0,1.0,1.0,1.0,1.0,2.0,16.0,1.0,3.0,0.0,1.0,1.0,2.0,1.0,0.0,1.0,2.0,1.0,2.0,0.0,2.0,2.0,1.0,5.0,2.0,0.0,1.0,1.0,2.0,1.0,1.0,1.0,1.0,1.0,1.0,1.0,1.0,18.0,1.0,0.0,1.0,0.0,5.0,0.0,2.0,0.0,2.0,0.0,0.0,2.0,1.0,0.0,1.0,0.0,0.0,1.0,0.0,2.0,3.0,3.0,1.0,3.0,0.0,0.0,1.0,3.0,0.0,1.0,4.0,3.0,1.0,1.0,2.0,1.0,0.0,0.0,0.0,0.0,3.0,1.0,3.0,3.0,2.0,0.0,0.0,0.0,3.0,0.0,3.0,1.0,1.0,0.0,2.0,2.0,1.0,1.0,0.0,0.0,0.0,9.0,0.0,3.0,4.0,1.0,0.0,2.0,0.0,1.0,5.0,2.0,2.0,0.0,2.0,2.0,1.0,0.0,0.0,1.0,3.0,0.0,4.0,1.0,1.0,2.0,0.0,1.0,0.0,0.0,1.0,1.0,17.0,5.0,1.0,0.0,3.0,0.0,0.0,3.0,2.0,5.0,1.0,2.0,3.0,0.0,2.0,4.0,0.0,1.0,2.0,5.0,1.0,2.0,1.0,3.0,2.0,1.0,2.0,1.0,1.0,3.0,3.0,15.0,0.0,0.0,1.0,1.0,2.0,1.0,7.0,4.0,2.0,1.0,1.0,2.0,3.0,2.0,2.0,1.0,2.0,1.0,5.0,2.0,3.0,2.0,0.0,3.0,5.0,1.0,1.0,0.0,2.0,1.0,34.0,1.0,1.0,4.0,0.0,1.0,1.0,1.0,3.0,4.0,1.0,0.0,0.0,1.0,1.0,2.0,2.0,1.0,1.0,3.0,1.0,0.0,3.0,1.0,2.0,2.0,1.0,1.0,1.0,1.0,1.0,11.0,2.0,2.0,3.0,2.0,3.0,0.0,4.0,1.0,3.0,2.0,0.0,0.0,1.0,0.0,0.0,1.0,0.0,3.0,4.0,3.0,0.0,1.0,0.0,0.0,0.0,3.0,2.0,1.0,2.0,0.0,10.0,1.0,1.0,2.0,1.0,0.0,1.0,0.0,2.0,2.0,0.0,2.0,2.0,0.0,2.0,1.0,0.0,1.0,0.0,3.0,0.0,2.0,3.0,0.0,0.0,0.0,1.0,2.0,3.0,2.0,0.0,13.0,1.0,0.0,2.0,0.0,1.0,2.0,0.0,2.0,2.0,2.0,0.0,1.0,0.0,0.0,0.0,3.0,1.0,1.0,0.0,0.0,2.0,2.0,0.0,0.0,0.0,2.0,1.0,2.0,1.0,0.0,3.0,0.0,2.0,0.0,1.0,1.0,0.0,2.0,0.0,1.0,2.0,0.0,3.0,0.0,0.0,1.0,0.0,1.0,0.0,3.0,0.0,0.0,2.0,1.0,1.0,1.0,0.0,2.0,2.0,0.0,2.0,14.0,0
42,2544.6512951053696,100224.33705,2.009438667474773,220.2196965166477,0.22630586080586076,0.24478980556480556,2.56,-0.12291057761510821,18.0,7.0,5.0,5.0,5.0,5.0,2.0,6.0,5.0,4.0,2.0,2.0,0.0,4.0,2.0,4.0,1.0,1.0,1.0,5.0,3.0,4.0,5.0,1.0,5.0,2.0,1.0,2.0,2.0,1.0,0.0,10.0,1.0,6.0,3.0,6.0,1.0,2.0,2.0,3.0,5.0,3.0,4.0,4.0,1.0,1.0,2.0,3.0,2.0,1.0,1.0,3.0,1.0,2.0,7.0,4.0,3.0,2.0,3.0,2.0,1.0,4.0,14.0,4.0,2.0,1.0,2.0,3.0,1.0,1.0,3.0,2.0,1.0,1.0,1.0,2.0,5.0,3.0,0.0,2.0,0.0,5.0,1.0,3.0,2.0,2.0,1.0,4.0,0.0,1.0,1.0,2.0,3.0,8.0,0.0,3.0,0.0,2.0,3.0,1.0,2.0,4.0,1.0,0.0,1.0,3.0,0.0,0.0,5.0,6.0,3.0,2.0,2.0,0.0,5.0,1.0,3.0,3.0,1.0,2.0,6.0,3.0,3.0,1.0,13.0,2.0,2.0,2.0,2.0,2.0,2.0,2.0,1.0,1.0,3.0,4.0,2.0,0.0,1.0,2.0,2.0,1.0,3.0,1.0,0.0,5.0,4.0,0.0,2.0,2.0,4.0,2.0,2.0,1.0,2.0,5.0,1.0,2.0,3.0,3.0,1.0,2.0,3.0,1.0,1.0,0.0,1.0,4.0,0.0,1.0,2.0,2.0,0.0,4.0,0.0,0.0,3.0,0.0,0.0,0.0,2.0,2.0,0.0,1.0,1.0,0.0,10.0,2.0,1.0,1.0,4.0,2.0,0.0,7.0,0.0,0.0,3.0,1.0,0.0,2.0,2.0,1.0,2.0,1.0,1.0,3.0,0.0,0.0,0.0,1.0,4.0,3.0,2.0,0.0,2.0,1.0,1.0,6.0,3.0,2.0,1.0,0.0,1.0,2.0,0.0,2.0,1.0,1.0,1.0,2.0,0.0,1.0,2.0,2.0,3.0,0.0,2.0,1.0,2.0,3.0,7.0,2.0,4.0,1.0,3.0,1.0,0.0,1.0,2.0,1.0,3.0,1.0,1.0,1.0,0.0,3.0,5.0,1.0,0.0,2.0,2.0,1.0,3.0,0.0,4.0,2.0,1.0,3.0,1.0,1.0,2.0,2.0,1.0,1.0,1.0,1.0,2.0,0.0,3.0,2.0,1.0,0.0,8.0,0.0,2.0,2.0,1.0,2.0,2.0,0.0,0.0,0.0,3.0,3.0,5.0,1.0,2.0,2.0,1.0,2.0,0.0,5.0,0.0,2.0,1.0,2.0,1.0,0.0,0.0,3.0,5.0,2.0,1.0,2.0,2.0,1.0,1.0,1.0,0.0,1.0,1.0,1.0,4.0,2.0,3.0,1.0,1.0,5.0,1.0,3.0,5.0,2.0,1.0,2.0,3.0,0.0,1.0,2.0,0.0,2.0,0.0,1.0,2.0,2.0,0.0,2.0,4.0,0.0,1.0,2.0,2.0,1.0,0.0,1.0,5.0,0.0,2.0,0.0,0.0,1.0,3.0,1.0,1.0,4.0,1.0,3.0,1.0,2.0,3.0,4.0,2.0,3.0,15.0,2.0,2.0,1.0,3.0,2.0,0.0,3.0,1.0,3.0,1.0,2.0,0.0,1.0,1.0,1.0,2.0,1.0,5.0,4.0,2.0,4.0,2.0,2.0,2.0,0.0,5.0,1.0,2.0,0.0,2.0,7.0,0.0,1.0,0.0,2.0,3.0,0.0,1.0,0.0,4.0,3.0,1.0,2.0,3.0,4.0,1.0,1.0,5.0,0.0,1.0,3.0,3.0,1.0,1.0,0.0,0.0,1.0,0.0,0.0,1.0,0.0,2.0,0.0,2.0,0.0,3.0,1.0,2.0,0.0,0.0,1.0,1.0,2.0,2.0,1.0,0.0,1.0,2.0,3.0,1.0,2.0,4.0,0.0,0.0,1.0,1.0,2.0,0.0,2.0,4.0,1.0,1.0,4.0,1.0,2.0,2.0,2.0,3.0,0.0,1.0,1.0,4.0,0.0,4.0,3.0,1.0,1.0,3.0,3.0,2.0,0.0,2.0,0.0,6.0,0.0,2.0,1.0,1.0,1.0,2.0,0.0,3.0,1.0,22.0,1.0,2.0,1.0,7.0,3.0,0.0,0.0,2.0,2.0,5.0,3.0,0.0,1.0,2.0,3.0,3.0,2.0,0.0,0.0,0.0,0.0,1.0,0.0,0.0,0.0,3.0,3.0,0.0,0.0,1.0,2.0,1.0,1.0,3.0,3.0,1.0,1.0,1.0,1.0,2.0,2.0,0.0,2.0,3.0,1.0,1.0,3.0,1.0,2.0,1.0,4.0,1.0,0.0,2.0,0.0,0.0,3.0,2.0,1.0,3.0,0.0,6.0,1.0,2.0,0.0,1.0,0.0,4.0,1.0,0.0,3.0,0.0,2.0,3.0,3.0,1.0,4.0,2.0,0.0,3.0,1.0,3.0,2.0,1.0,3.0,3.0,2.0,1.0,3.0,2.0,1.0,1.0,8.0,0.0,0.0,0.0,1.0,2.0,2.0,0.0,2.0,0.0,1.0,4.0,4.0,2.0,4.0,2.0,2.0,2.0,1.0,3.0,1.0,0.0,3.0,2.0,2.0,0.0,2.0,2.0,2.0,3.0,1.0,5.0,2.0,4.0,0.0,1.0,1.0,1.0,2.0,1.0,0.0,4.0,1.0,5.0,0.0,1.0,2.0,0.0,1.0,0.0,2.0,0.0,3.0,0.0,1.0,1.0,2.0,2.0,2.0,1.0,0.0,3.0,12.0,1.0,5.0,1.0,1.0,4.0,1.0,0.0,0.0,3.0,2.0,1.0,0.0,3.0,1.0,1.0,1.0,3.0,2.0,2.0,1.0,4.0,2.0,1.0,3.0,0.0,0.0,0.0,1.0,4.0,2.0,8.0,4.0,0.0,1.0,4.0,0.0,0.0,5.0,5.0,2.0,1.0,0.0,1.0,6.0,0.0,0.0,2.0,1.0,4.0,0.0,1.0,3.0,0.0,4.0,0.0,1.0,1.0,1.0,2.0,1.0,3.0,6.0,2.0,0.0,2.0,5.0,2.0,1.0,9.0,4.0,2.0,3.0,3.0,0.0,5.0,4.0,1.0,4.0,2.0,1.0,3.0,3.0,1.0,2.0,3.0,2.0,2.0,3.0,0.0,2.0,1.0,1.0,15.0,1.0,4.0,2.0,0.0,2.0,1.0,1.0,3.0,2.0,1.0,2.0,1.0,0.0,2.0,2.0,1.0,1.0,2.0,1.0,1.0,1.0,0.0,1.0,0.0,3.0,2.0,1.0,2.0,0.0,2.0,3.0,2.0,2.0,1.0,2.0,2.0,2.0,1.0,2.0,6.0,2.0,1.0,2.0,1.0,0.0,1.0,0.0,0.0,2.0,2.0,3.0,5.0,1.0,3.0,1.0,4.0,3.0,4.0,1.0,4.0,0.0,7.0,3.0,1.0,3.0,3.0,3.0,2.0,1.0,1.0,0.0,1.0,0.0,3.0,3.0,2.0,3.0,1.0,4.0,0.0,1.0,2.0,1.0,6.0,0.0,2.0,2.0,1.0,7.0,4.0,1.0,1.0,7.0,0.0,2.0,0.0,5.0,3.0,0.0,3.0,0.0,0.0,1.0,1.0,0.0,1.0,0.0,2.0,1.0,1.0,0.0,0.0,1.0,0.0,1.0,0.0,0.0,0.0,2.0,0.0,1.0,1.0,0.0,2.0,0.0,3.0,2.0,4.0,1.0,2.0,0.0,3.0,4.0,0.0,1.0,2.0,2.0,1.0,2.0,3.0,0.0,2.0,0.0,1.0,1.0,0.0,0.0,1.0,2.0,1.0,2.0,1.0,1.0,2.0,12.0,0
43,2078.810628408247,108492.61434999997,1.8886700903907214,301.25545016958455,0.2367577422577423,0.13037604617604623,3.65,-0.05526049235410536,21.0,0.0,2.0,1.0,1.0,1.0,1.0,1.0,4.0,1.0,1.0,2.0,0.0,0.0,4.0,2.0,2.0,2.0,0.0,2.0,0.0,0.0,2.0,1.0,1.0,2.0,3.0,2.0,3.0,1.0,0.0,18.0,2.0,4.0,1.0,3.0,1.0,5.0,2.0,1.0,2.0,3.0,2.0,0.0,0.0,3.0,2.0,0.0,0.0,2.0,3.0,0.0,4.0,5.0,4.0,1.0,1.0,4.0,1.0,0.0,1.0,0.0,13.0,1.0,5.0,1.0,1.0,3.0,1.0,0.0,1.0,1.0,0.0,1.0,0.0,2.0,1.0,3.0,3.0,1.0,1.0,0.0,1.0,2.0,1.0,3.0,1.0,0.0,3.0,1.0,0.0,1.0,1.0,23.0,1.0,1.0,1.0,3.0,4.0,0.0,2.0,0.0,1.0,1.0,2.0,2.0,0.0,1.0,3.0,1.0,1.0,0.0,3.0,0.0,2.0,2.0,0.0,4.0,1.0,3.0,0.0,2.0,1.0,0.0,13.0,0.0,1.0,3.0,0.0,1.0,0.0,3.0,4.0,3.0,3.0,2.0,0.0,2.0,1.0,0.0,0.0,1.0,3.0,1.0,1.0,0.0,1.0,1.0,0.0,0.0,0.0,1.0,2.0,1.0,2.0,9.0,2.0,0.0,5.0,0.0,3.0,1.0,3.0,0.0,0.0,0.0,1.0,2.0,0.0,0.0,0.0,1.0,1.0,4.0,0.0,0.0,2.0,2.0,2.0,0.0,3.0,2.0,0.0,1.0,1.0,3.0,8.0,2.0,0.0,1.0,1.0,0.0,2.0,3.0,1.0,0.0,1.0,1.0,2.0,0.0,0.0,1.0,1.0,1.0,0.0,1.0,2.0,1.0,3.0,2.0,1.0,2.0,2.0,2.0,1.0,1.0,3.0,19.0,1.0,1.0,3.0,4.0,4.0,1.0,2.0,2.0,1.0,0.0,0.0,4.0,1.0,1.0,3.0,1.0,2.0,3.0,0.0,2.0,0.0,1.0,4.0,2.0,2.0,2.0,2.0,4.0,1.0,1.0,8.0,1.0,2.0,2.0,1.0,1.0,2.0,2.0,1.0,2.0,1.0,1.0,1.0,2.0,4.0,1.0,1.0,0.0,0.0,3.0,2.0,1.0,1.0,2.0,1.0,0.0,0.0,0.0,1.0,0.0,3.0,7.0,1.0,0.0,3.0,1.0,1.0,2.0,1.0,0.0,0.0,2.0,2.0,0.0,0.0,0.0,3.0,0.0,0.0,1.0,1.0,0.0,0.0,1.0,1.0,1.0,1.0,3.0,0.0,2.0,1.0,0.0,12.0,1.0,1.0,2.0,3.0,0.0,0.0,0.0,1.0,1.0,0.0,0.0,2.0,1.0,2.0,2.0,1.0,2.0,1.0,3.0,0.0,2.0,1.0,2.0,0.0,1.0,0.0,1.0,2.0,2.0,2.0,4.0,2.0,0.0,0.0,2.0,2.0,0.0,1.0,0.0,1.0,2.0,2.0,1.0,3.0,0.0,0.0,2.0,0.0,1.0,0.0,1.0,2.0,2.0,2.0,1.0,2.0,6.0,3.0,4.0,2.0,1.0,30.0,3.0,2.0,2.0,8.0,5.0,1.0,2.0,0.0,1.0,4.0,0.0,0.0,0.0,2.0,2.0,0.0,1.0,2.0,3.0,0.0,0.0,1.0,1.0,2.0,1.0,0.0,0.0,0.0,1.0,2.0,11.0,4.0,0.0,5.0,1.0,0.0,1.0,0.0,0.0,2.0,0.0,1.0,0.0,0.0,0.0,3.0,1.0,4.0,1.0,3.0,1.0,0.0,0.0,4.0,2.0,2.0,0.0,1.0,1.0,3.0,3.0,13.0,1.0,3.0,1.0,3.0,0.0,0.0,0.0,1.0,3.0,2.0,2.0,0.0,1.0,1.0,2.0,1.0,4.0,1.0,2.0,1.0,2.0,0.0,0.0,2.0,1.0,1.0,1.0,1.0,1.0,1.0,17.0,0.0,0.0,2.0,2.0,0.0,0.0,3.0,1.0,5.0,0.0,3.0,2.0,3.0,2.0,1.0,2.0,3.0,2.0,0.0,0.0,2.0,2.0,1.0,0.0,2.0,0.0,4.0,2.0,3.0,3.0,4.0,1.0,0.0,1.0,0.0,1.0,1.0,1.0,1.0,1.0,0.0,1.0,1.0,1.0,1.0,2.0,0.0,1.0,0.0,1.0,2.0,0.0,2.0,2.0,0.0,0.0,2.0,0.0,1.0,1.0,0.0,12.0,2.0,2.0,1.0,3.0,1.0,2.0,1.0,1.0,0.0,1.0,2.0,1.0,1.0,3.0,0.0,1.0,0.0,1.0,1.0,0.0,0.0,1.0,0.0,2.0,3.0,0.0,1.0,1.0,0.0,2.0,18.0,1.0,0.0,2.0,0.0,0.0,3.0,3.0,0.0,0.0,3.0,0.0,4.0,5.0,1.0,2.0,2.0,0.0,1.0,2.0,1.0,2.0,0.0,0.0,0.0,1.0,1.0,1.0,0.0,0.0,1.0,11.0,0.0,0.0,1.0,0.0,1.0,0.0,4.0,0.0,0.0,1.0,0.0,1.0,2.0,0.0,0.0,1.0,1.0,1.0,3.0,3.0,0.0,1.0,0.0,0.0,1.0,0.0,0.0,0.0,1.0,0.0,6.0,0.0,1.0,1.0,1.0,1.0,0.0,0.0,0.0,0.0,0.0,1.0,0.0,1.0,1.0,0.0,1.0,1.0,0.0,0.0,1.0,0.0,3.0,0.0,0.0,0.0,0.0,2.0,0.0,0.0,0.0,0.0,0.0,2.0,1.0,3.0,1.0,2.0,1.0,0.0,3.0,1.0,3.0,5.0,2.0,3.0,1.0,0.0,1.0,0.0,1.0,4.0,1.0,3.0,1.0,3.0,1.0,2.0,1.0,0.0,0.0,2.0,11.0,1.0,3.0,1.0,2.0,1.0,2.0,1.0,2.0,5.0,1.0,0.0,5.0,3.0,0.0,0.0,1.0,1.0,2.0,0.0,1.0,0.0,2.0,1.0,3.0,0.0,1.0,2.0,3.0,0.0,1.0,19.0,1.0,1.0,3.0,1.0,1.0,1.0,2.0,3.0,3.0,1.0,0.0,0.0,1.0,3.0,4.0,0.0,1.0,1.0,3.0,1.0,3.0,3.0,0.0,3.0,2.0,1.0,2.0,1.0,2.0,0.0,21.0,1.0,0.0,2.0,1.0,0.0,4.0,0.0,1.0,1.0,0.0,1.0,0.0,2.0,0.0,0.0,0.0,0.0,0.0,2.0,0.0,2.0,2.0,0.0,0.0,3.0,1.0,2.0,1.0,3.0,2.0,12.0,1.0,1.0,0.0,2.0,2.0,2.0,0.0,1.0,1.0,0.0,0.0,3.0,2.0,1.0,2.0,1.0,5.0,0.0,0.0,1.0,0.0,0.0,1.0,0.0,1.0,0.0,2.0,2.0,1.0,0.0,20.0,1.0,2.0,0.0,2.0,3.0,1.0,3.0,2.0,2.0,2.0,2.0,2.0,1.0,1.0,1.0,1.0,1.0,3.0,1.0,1.0,0.0,1.0,1.0,0.0,1.0,1.0,4.0,1.0,1.0,1.0,14.0,0.0,0.0,2.0,3.0,1.0,2.0,1.0,1.0,2.0,0.0,1.0,1.0,1.0,1.0,4.0,0.0,4.0,3.0,1.0,1.0,1.0,1.0,0.0,0.0,0.0,3.0,0.0,0.0,3.0,0.0,6.0,0.0,1.0,1.0,2.0,1.0,1.0,0.0,2.0,3.0,1.0,1.0,0.0,0.0,3.0,1.0,1.0,0.0,1.0,1.0,0.0,0.0,0.0,0.0,2.0,1.0,0.0,2.0,0.0,1.0,0.0,9.0,0
44,2016.0941266036475,84936.11676136362,1.8892618537392698,435.7725810834881,0.2609810013219103,0.13970734652552835,3.2386363636363638,-0.01936868116921741,8.0,3.0,4.0,3.0,2.0,0.0,4.0,2.0,3.0,1.0,1.0,1.0,1.0,2.0,0.0,0.0,1.0,2.0,3.0,1.0,2.0,1.0,0.0,2.0,1.0,1.0,1.0,2.0,1.0,2.0,0.0,6.0,5.0,1.0,1.0,4.0,2.0,1.0,2.0,1.0,3.0,1.0,0.0,1.0,2.0,1.0,3.0,4.0,1.0,3.0,2.0,5.0,3.0,5.0,5.0,1.0,1.0,1.0,2.0,2.0,2.0,2.0,9.0,1.0,3.0,1.0,1.0,1.0,1.0,2.0,0.0,1.0,3.0,2.0,1.0,4.0,2.0,1.0,1.0,2.0,1.0,3.0,1.0,2.0,0.0,2.0,0.0,0.0,1.0,1.0,1.0,2.0,1.0,7.0,0.0,1.0,0.0,0.0,3.0,0.0,0.0,2.0,1.0,1.0,3.0,1.0,2.0,0.0,0.0,1.0,3.0,3.0,1.0,0.0,2.0,3.0,0.0,0.0,4.0,0.0,0.0,3.0,2.0,0.0,7.0,0.0,0.0,0.0,0.0,0.0,0.0,1.0,2.0,1.0,1.0,0.0,0.0,1.0,0.0,0.0,1.0,0.0,0.0,1.0,0.0,2.0,2.0,0.0,1.0,0.0,1.0,0.0,2.0,0.0,0.0,7.0,2.0,0.0,0.0,5.0,2.0,1.0,3.0,1.0,0.0,0.0,3.0,2.0,1.0,1.0,0.0,1.0,0.0,1.0,2.0,0.0,2.0,0.0,1.0,3.0,1.0,4.0,1.0,0.0,1.0,0.0,0.0,4.0,1.0,1.0,1.0,0.0,1.0,0.0,0.0,0.0,0.0,0.0,0.0,0.0,2.0,0.0,0.0,1.0,0.0,0.0,1.0,0.0,0.0,1.0,2.0,4.0,0.0,1.0,0.0,2.0,2.0,10.0,0.0,0.0,1.0,1.0,6.0,1.0,1.0,0.0,1.0,2.0,3.0,3.0,1.0,0.0,0.0,2.0,2.0,1.0,2.0,0.0,3.0,0.0,0.0,3.0,1.0,1.0,0.0,1.0,0.0,0.0,9.0,0.0,0.0,0.0,2.0,1.0,1.0,3.0,1.0,0.0,0.0,0.0,0.0,2.0,2.0,1.0,1.0,1.0,2.0,1.0,0.0,0.0,0.0,4.0,2.0,1.0,0.0,3.0,0.0,0.0,1.0,4.0,0.0,0.0,1.0,1.0,1.0,0.0,0.0,3.0,0.0,0.0,0.0,1.0,0.0,1.0,1.0,1.0,1.0,2.0,0.0,0.0,2.0,4.0,1.0,1.0,1.0,2.0,0.0,4.0,0.0,0.0,5.0,3.0,2.0,0.0,1.0,0.0,4.0,0.0,0.0,0.0,0.0,0.0,2.0,0.0,1.0,0.0,2.0,0.0,0.0,1.0,3.0,2.0,0.0,0.0,0.0,0.0,0.0,0.0,0.0,1.0,3.0,6.0,2.0,0.0,1.0,1.0,0.0,0.0,0.0,1.0,2.0,2.0,1.0,1.0,0.0,0.0,1.0,1.0,2.0,0.0,4.0,2.0,1.0,4.0,0.0,4.0,0.0,2.0,1.0,1.0,1.0,1.0,15.0,1.0,1.0,1.0,1.0,4.0,1.0,3.0,1.0,1.0,2.0,1.0,0.0,2.0,3.0,4.0,2.0,7.0,2.0,4.0,2.0,1.0,0.0,1.0,2.0,0.0,0.0,1.0,1.0,1.0,0.0,10.0,0.0,0.0,2.0,1.0,2.0,2.0,0.0,1.0,3.0,0.0,2.0,2.0,0.0,1.0,0.0,1.0,3.0,2.0,0.0,0.0,0.0,3.0,0.0,3.0,1.0,0.0,1.0,1.0,3.0,1.0,7.0,0.0,1.0,0.0,0.0,1.0,1.0,1.0,2.0,3.0,1.0,0.0,0.0,4.0,1.0,0.0,4.0,1.0,0.0,1.0,2.0,0.0,0.0,1.0,0.0,0.0,0.0,0.0,1.0,2.0,1.0,6.0,1.0,0.0,1.0,1.0,0.0,5.0,0.0,0.0,2.0,0.0,2.0,2.0,0.0,0.0,2.0,3.0,4.0,2.0,1.0,0.0,0.0,1.0,2.0,0.0,2.0,0.0,2.0,2.0,2.0,2.0,2.0,0.0,3.0,0.0,1.0,3.0,1.0,2.0,3.0,3.0,0.0,0.0,1.0,0.0,1.0,3.0,1.0,0.0,0.0,1.0,0.0,0.0,0.0,0.0,0.0,2.0,4.0,2.0,2.0,0.0,1.0,9.0,0.0,0.0,0.0,0.0,0.0,2.0,1.0,2.0,3.0,0.0,0.0,2.0,1.0,0.0,1.0,1.0,1.0,0.0,1.0,3.0,0.0,1.0,0.0,1.0,2.0,0.0,1.0,0.0,3.0,0.0,3.0,0.0,1.0,0.0,1.0,1.0,1.0,0.0,0.0,4.0,0.0,0.0,1.0,1.0,3.0,2.0,0.0,0.0,0.0,3.0,0.0,1.0,0.0,2.0,1.0,1.0,1.0,1.0,0.0,0.0,0.0,5.0,0.0,0.0,1.0,0.0,0.0,1.0,0.0,0.0,1.0,1.0,0.0,1.0,1.0,1.0,1.0,2.0,2.0,2.0,2.0,0.0,1.0,1.0,0.0,1.0,3.0,0.0,0.0,1.0,0.0,0.0,2.0,0.0,2.0,3.0,1.0,0.0,0.0,0.0,0.0,0.0,0.0,4.0,1.0,0.0,0.0,1.0,0.0,0.0,2.0,2.0,0.0,1.0,4.0,2.0,0.0,3.0,5.0,1.0,0.0,0.0,1.0,8.0,0.0,2.0,0.0,0.0,3.0,1.0,1.0,1.0,1.0,1.0,3.0,2.0,0.0,1.0,1.0,0.0,1.0,0.0,1.0,0.0,1.0,2.0,1.0,1.0,0.0,0.0,1.0,2.0,0.0,0.0,2.0,1.0,1.0,2.0,0.0,2.0,2.0,0.0,2.0,1.0,1.0,1.0,0.0,0.0,2.0,4.0,0.0,0.0,1.0,0.0,3.0,0.0,4.0,2.0,3.0,0.0,0.0,0.0,3.0,0.0,0.0,6.0,2.0,0.0,2.0,4.0,3.0,0.0,2.0,4.0,1.0,3.0,2.0,2.0,0.0,3.0,0.0,1.0,2.0,1.0,1.0,1.0,0.0,1.0,2.0,3.0,1.0,0.0,0.0,0.0,0.0,2.0,10.0,0.0,0.0,0.0,1.0,2.0,2.0,1.0,0.0,5.0,2.0,1.0,0.0,0.0,1.0,3.0,2.0,0.0,2.0,3.0,0.0,0.0,1.0,0.0,0.0,0.0,0.0,1.0,0.0,0.0,0.0,7.0,1.0,0.0,1.0,1.0,0.0,2.0,1.0,2.0,0.0,2.0,1.0,1.0,1.0,2.0,1.0,0.0,1.0,1.0,0.0,1.0,1.0,0.0,1.0,0.0,0.0,3.0,1.0,2.0,0.0,1.0,8.0,3.0,2.0,1.0,3.0,1.0,1.0,0.0,1.0,1.0,0.0,1.0,1.0,0.0,3.0,2.0,4.0,1.0,1.0,1.0,1.0,0.0,2.0,0.0,0.0,1.0,1.0,0.0,5.0,1.0,1.0,3.0,0.0,2.0,2.0,1.0,2.0,1.0,0.0,0.0,0.0,4.0,0.0,0.0,4.0,0.0,1.0,1.0,4.0,1.0,1.0,1.0,2.0,0.0,1.0,0.0,2.0,0.0,0.0,0.0,0.0,1.0,9.0,2.0,5.0,1.0,0.0,0.0,0.0,1.0,0.0,1.0,1.0,1.0,0.0,0.0,2.0,0.0,0.0,3.0,1.0,1.0,1.0,0.0,2.0,1.0,1.0,2.0,1.0,1.0,1.0,2.0,1.0,4.0,0
45,2419.577994731239,123112.83630000007,1.983450197329153,294.07511004561314,0.22838891663891658,0.16996273448773447,3.23,-0.09180411230177665,18.0,2.0,3.0,1.0,2.0,3.0,0.0,4.0,2.0,2.0,3.0,0.0,3.0,0.0,2.0,2.0,0.0,5.0,5.0,1.0,1.0,2.0,2.0,2.0,3.0,2.0,1.0,1.0,2.0,1.0,0.0,14.0,2.0,3.0,2.0,3.0,3.0,2.0,0.0,1.0,4.0,2.0,1.0,5.0,1.0,3.0,3.0,2.0,3.0,0.0,1.0,3.0,0.0,1.0,2.0,8.0,2.0,0.0,2.0,2.0,3.0,1.0,7.0,1.0,2.0,5.0,0.0,0.0,2.0,1.0,0.0,1.0,1.0,0.0,0.0,3.0,2.0,2.0,1.0,0.0,1.0,2.0,0.0,1.0,1.0,2.0,1.0,3.0,2.0,0.0,2.0,2.0,3.0,14.0,0.0,1.0,1.0,1.0,2.0,0.0,2.0,2.0,1.0,0.0,2.0,1.0,0.0,3.0,5.0,0.0,0.0,1.0,1.0,3.0,2.0,3.0,1.0,0.0,0.0,0.0,5.0,0.0,2.0,0.0,4.0,0.0,0.0,0.0,0.0,1.0,0.0,1.0,4.0,2.0,3.0,2.0,1.0,0.0,2.0,1.0,0.0,1.0,0.0,1.0,2.0,2.0,1.0,1.0,3.0,1.0,1.0,4.0,0.0,0.0,0.0,15.0,0.0,1.0,2.0,1.0,1.0,0.0,1.0,3.0,2.0,1.0,2.0,5.0,0.0,2.0,1.0,2.0,0.0,1.0,3.0,3.0,0.0,4.0,3.0,2.0,2.0,1.0,1.0,2.0,1.0,1.0,7.0,2.0,0.0,0.0,2.0,1.0,3.0,0.0,0.0,2.0,1.0,0.0,0.0,1.0,0.0,2.0,1.0,2.0,3.0,1.0,1.0,0.0,2.0,3.0,2.0,3.0,1.0,4.0,3.0,0.0,0.0,6.0,2.0,1.0,1.0,0.0,2.0,1.0,1.0,0.0,2.0,0.0,1.0,0.0,2.0,1.0,3.0,2.0,1.0,0.0,1.0,0.0,1.0,2.0,2.0,5.0,4.0,0.0,0.0,1.0,1.0,0.0,8.0,0.0,0.0,1.0,1.0,2.0,2.0,0.0,0.0,1.0,2.0,2.0,0.0,1.0,2.0,2.0,1.0,0.0,3.0,2.0,1.0,1.0,2.0,1.0,1.0,1.0,0.0,2.0,1.0,1.0,0.0,6.0,0.0,2.0,5.0,0.0,2.0,0.0,0.0,1.0,0.0,2.0,1.0,1.0,2.0,2.0,2.0,1.0,3.0,1.0,1.0,1.0,1.0,3.0,1.0,0.0,1.0,3.0,0.0,1.0,4.0,1.0,5.0,0.0,1.0,2.0,1.0,0.0,0.0,3.0,1.0,1.0,2.0,2.0,2.0,2.0,1.0,1.0,0.0,1.0,2.0,0.0,1.0,2.0,1.0,0.0,0.0,0.0,0.0,1.0,1.0,2.0,0.0,8.0,2.0,1.0,0.0,2.0,0.0,0.0,0.0,1.0,2.0,2.0,1.0,3.0,4.0,1.0,1.0,0.0,0.0,1.0,1.0,4.0,1.0,3.0,2.0,1.0,1.0,3.0,3.0,1.0,3.0,3.0,11.0,6.0,3.0,0.0,5.0,3.0,1.0,3.0,0.0,2.0,2.0,2.0,2.0,0.0,5.0,1.0,4.0,1.0,5.0,3.0,2.0,2.0,1.0,0.0,1.0,1.0,0.0,0.0,2.0,2.0,6.0,11.0,0.0,0.0,2.0,1.0,0.0,1.0,1.0,1.0,0.0,3.0,0.0,1.0,1.0,1.0,4.0,1.0,0.0,0.0,2.0,1.0,2.0,2.0,1.0,2.0,1.0,1.0,1.0,1.0,4.0,1.0,4.0,0.0,2.0,1.0,2.0,2.0,0.0,2.0,0.0,2.0,2.0,1.0,1.0,0.0,1.0,1.0,3.0,2.0,1.0,1.0,0.0,2.0,4.0,1.0,1.0,2.0,2.0,1.0,3.0,0.0,0.0,7.0,1.0,1.0,2.0,1.0,1.0,0.0,0.0,2.0,2.0,3.0,0.0,0.0,1.0,1.0,1.0,2.0,1.0,1.0,1.0,1.0,0.0,0.0,0.0,3.0,0.0,1.0,6.0,1.0,2.0,3.0,2.0,1.0,0.0,1.0,0.0,0.0,1.0,0.0,0.0,1.0,0.0,3.0,1.0,0.0,4.0,3.0,0.0,3.0,2.0,2.0,1.0,0.0,4.0,3.0,1.0,0.0,1.0,3.0,2.0,2.0,2.0,13.0,4.0,1.0,2.0,3.0,3.0,2.0,1.0,1.0,2.0,1.0,0.0,0.0,4.0,3.0,1.0,0.0,2.0,1.0,3.0,0.0,1.0,0.0,1.0,1.0,3.0,2.0,0.0,4.0,0.0,3.0,7.0,0.0,2.0,1.0,1.0,4.0,2.0,0.0,0.0,4.0,0.0,0.0,2.0,3.0,2.0,0.0,1.0,3.0,0.0,1.0,0.0,2.0,1.0,0.0,0.0,0.0,0.0,1.0,1.0,1.0,0.0,9.0,1.0,3.0,1.0,1.0,3.0,1.0,0.0,1.0,2.0,0.0,1.0,1.0,1.0,2.0,2.0,0.0,0.0,0.0,3.0,1.0,0.0,1.0,0.0,2.0,1.0,2.0,0.0,2.0,1.0,1.0,7.0,1.0,0.0,2.0,2.0,1.0,1.0,0.0,0.0,2.0,5.0,1.0,2.0,4.0,2.0,1.0,1.0,0.0,1.0,1.0,3.0,1.0,2.0,0.0,2.0,1.0,2.0,2.0,0.0,1.0,1.0,9.0,1.0,2.0,4.0,0.0,0.0,1.0,3.0,1.0,0.0,2.0,0.0,2.0,1.0,0.0,3.0,0.0,2.0,0.0,0.0,2.0,3.0,2.0,3.0,1.0,0.0,3.0,1.0,1.0,1.0,1.0,8.0,1.0,1.0,3.0,3.0,1.0,2.0,0.0,0.0,3.0,2.0,1.0,0.0,2.0,4.0,2.0,1.0,5.0,0.0,1.0,1.0,1.0,1.0,2.0,0.0,1.0,8.0,1.0,1.0,5.0,0.0,7.0,2.0,2.0,0.0,2.0,0.0,2.0,0.0,0.0,1.0,0.0,2.0,2.0,5.0,2.0,0.0,0.0,4.0,3.0,2.0,2.0,3.0,1.0,0.0,4.0,3.0,1.0,3.0,3.0,5.0,2.0,10.0,1.0,0.0,1.0,5.0,2.0,1.0,5.0,1.0,3.0,3.0,1.0,0.0,1.0,2.0,4.0,1.0,0.0,1.0,1.0,2.0,2.0,1.0,1.0,0.0,4.0,0.0,0.0,2.0,2.0,1.0,10.0,0.0,2.0,1.0,3.0,0.0,1.0,1.0,3.0,1.0,1.0,1.0,2.0,2.0,2.0,1.0,0.0,1.0,0.0,0.0,1.0,1.0,2.0,0.0,2.0,0.0,0.0,2.0,0.0,2.0,0.0,2.0,1.0,1.0,0.0,0.0,0.0,1.0,1.0,1.0,3.0,0.0,1.0,1.0,0.0,1.0,1.0,5.0,0.0,0.0,0.0,2.0,0.0,1.0,0.0,3.0,1.0,2.0,3.0,2.0,2.0,0.0,8.0,1.0,2.0,7.0,2.0,0.0,0.0,2.0,2.0,2.0,5.0,0.0,0.0,1.0,0.0,4.0,4.0,1.0,1.0,1.0,2.0,0.0,0.0,1.0,2.0,3.0,0.0,2.0,3.0,0.0,1.0,15.0,0.0,2.0,2.0,0.0,0.0,0.0,2.0,2.0,3.0,0.0,1.0,2.0,1.0,0.0,1.0,0.0,1.0,0.0,2.0,0.0,0.0,2.0,0.0,2.0,0.0,4.0,1.0,0.0,1.0,1.0,3.0,0
46,3494.2722794530027,205784.34185000003,2.24199094353102,241.17349259065665,0.1584797702297701,0.12566750471750474,3.55,-0.010319701051413244,3.0,1.0,3.0,1.0,4.0,3.0,1.0,2.0,5.0,0.0,1.0,1.0,4.0,2.0,3.0,5.0,1.0,2.0,2.0,6.0,2.0,0.0,1.0,3.0,3.0,2.0,4.0,5.0,4.0,2.0,3.0,16.0,4.0,1.0,6.0,3.0,2.0,3.0,6.0,3.0,5.0,0.0,2.0,2.0,4.0,4.0,4.0,1.0,1.0,1.0,0.0,0.0,2.0,1.0,4.0,3.0,3.0,1.0,2.0,1.0,4.0,5.0,5.0,1.0,1.0,2.0,1.0,3.0,3.0,1.0,1.0,3.0,3.0,0.0,1.0,4.0,1.0,0.0,2.0,1.0,2.0,1.0,2.0,0.0,2.0,4.0,2.0,2.0,3.0,6.0,2.0,6.0,2.0,9.0,2.0,0.0,1.0,3.0,0.0,1.0,2.0,2.0,3.0,1.0,1.0,1.0,0.0,0.0,0.0,1.0,1.0,1.0,3.0,1.0,3.0,1.0,4.0,1.0,3.0,0.0,3.0,2.0,3.0,0.0,10.0,2.0,1.0,1.0,2.0,2.0,2.0,0.0,3.0,1.0,2.0,0.0,2.0,0.0,1.0,2.0,3.0,3.0,3.0,3.0,3.0,2.0,2.0,1.0,0.0,3.0,0.0,5.0,1.0,1.0,2.0,12.0,1.0,2.0,1.0,0.0,2.0,0.0,3.0,1.0,1.0,1.0,2.0,1.0,0.0,0.0,2.0,1.0,1.0,4.0,2.0,0.0,0.0,2.0,1.0,1.0,5.0,1.0,0.0,1.0,1.0,1.0,10.0,2.0,2.0,1.0,1.0,2.0,1.0,2.0,2.0,2.0,2.0,0.0,0.0,2.0,2.0,1.0,1.0,3.0,1.0,4.0,2.0,2.0,2.0,2.0,0.0,2.0,2.0,0.0,1.0,3.0,0.0,10.0,1.0,0.0,2.0,2.0,7.0,2.0,1.0,1.0,1.0,0.0,0.0,1.0,2.0,4.0,3.0,4.0,4.0,3.0,0.0,1.0,3.0,1.0,1.0,3.0,0.0,3.0,1.0,3.0,1.0,4.0,15.0,0.0,1.0,2.0,4.0,0.0,0.0,2.0,2.0,2.0,3.0,2.0,2.0,1.0,1.0,3.0,1.0,2.0,1.0,3.0,1.0,1.0,1.0,5.0,4.0,1.0,1.0,1.0,2.0,0.0,0.0,10.0,1.0,0.0,3.0,0.0,0.0,2.0,1.0,3.0,1.0,1.0,1.0,0.0,2.0,2.0,0.0,1.0,1.0,3.0,1.0,1.0,0.0,3.0,0.0,3.0,2.0,2.0,1.0,4.0,2.0,0.0,11.0,5.0,2.0,0.0,0.0,2.0,0.0,1.0,0.0,0.0,2.0,2.0,0.0,3.0,3.0,2.0,2.0,2.0,0.0,2.0,2.0,2.0,3.0,1.0,2.0,0.0,1.0,1.0,2.0,1.0,0.0,4.0,2.0,3.0,2.0,1.0,1.0,1.0,1.0,1.0,1.0,0.0,5.0,1.0,2.0,2.0,1.0,0.0,1.0,2.0,4.0,0.0,5.0,2.0,4.0,2.0,2.0,3.0,0.0,6.0,2.0,1.0,18.0,0.0,4.0,3.0,4.0,2.0,7.0,2.0,2.0,3.0,5.0,1.0,3.0,6.0,2.0,4.0,3.0,3.0,1.0,1.0,1.0,1.0,0.0,0.0,1.0,1.0,2.0,0.0,2.0,1.0,2.0,6.0,1.0,0.0,0.0,1.0,1.0,3.0,2.0,0.0,2.0,3.0,1.0,1.0,1.0,2.0,4.0,1.0,4.0,3.0,1.0,1.0,1.0,1.0,2.0,2.0,1.0,1.0,1.0,3.0,4.0,2.0,7.0,1.0,5.0,0.0,0.0,0.0,1.0,2.0,3.0,2.0,0.0,2.0,0.0,1.0,4.0,1.0,3.0,6.0,1.0,3.0,2.0,1.0,1.0,1.0,0.0,0.0,3.0,1.0,3.0,0.0,0.0,3.0,2.0,1.0,0.0,2.0,1.0,2.0,2.0,2.0,0.0,0.0,2.0,1.0,1.0,3.0,0.0,1.0,3.0,2.0,1.0,1.0,1.0,2.0,2.0,1.0,1.0,2.0,3.0,0.0,2.0,1.0,8.0,3.0,0.0,0.0,4.0,0.0,1.0,0.0,3.0,1.0,3.0,1.0,2.0,0.0,3.0,1.0,1.0,1.0,1.0,1.0,1.0,0.0,2.0,2.0,0.0,0.0,1.0,2.0,1.0,1.0,0.0,6.0,1.0,1.0,0.0,1.0,1.0,2.0,0.0,4.0,3.0,3.0,2.0,2.0,0.0,1.0,2.0,3.0,0.0,1.0,1.0,1.0,2.0,3.0,3.0,2.0,1.0,1.0,0.0,0.0,2.0,1.0,6.0,2.0,0.0,2.0,2.0,0.0,1.0,1.0,2.0,2.0,1.0,3.0,4.0,3.0,3.0,1.0,2.0,1.0,3.0,2.0,1.0,1.0,0.0,1.0,1.0,1.0,1.0,1.0,0.0,0.0,2.0,9.0,2.0,3.0,1.0,1.0,1.0,1.0,1.0,2.0,2.0,1.0,0.0,1.0,2.0,2.0,1.0,1.0,2.0,1.0,2.0,1.0,1.0,2.0,1.0,0.0,4.0,0.0,2.0,0.0,0.0,2.0,3.0,3.0,0.0,3.0,0.0,1.0,2.0,2.0,2.0,0.0,3.0,1.0,0.0,1.0,2.0,0.0,1.0,0.0,2.0,1.0,0.0,1.0,2.0,1.0,2.0,1.0,1.0,2.0,2.0,2.0,0.0,10.0,2.0,3.0,0.0,2.0,3.0,0.0,4.0,1.0,5.0,4.0,3.0,4.0,3.0,0.0,3.0,2.0,0.0,0.0,1.0,1.0,3.0,2.0,3.0,1.0,1.0,3.0,3.0,3.0,0.0,2.0,14.0,6.0,2.0,2.0,0.0,2.0,0.0,3.0,3.0,3.0,0.0,1.0,2.0,0.0,4.0,0.0,1.0,3.0,2.0,3.0,3.0,2.0,4.0,3.0,4.0,0.0,2.0,3.0,1.0,0.0,4.0,12.0,2.0,2.0,3.0,3.0,3.0,2.0,4.0,2.0,1.0,1.0,0.0,5.0,4.0,2.0,5.0,1.0,1.0,3.0,3.0,2.0,4.0,1.0,0.0,2.0,1.0,0.0,0.0,0.0,3.0,0.0,18.0,2.0,2.0,2.0,1.0,2.0,4.0,5.0,2.0,3.0,2.0,2.0,1.0,1.0,1.0,0.0,3.0,0.0,6.0,2.0,1.0,1.0,2.0,2.0,1.0,2.0,2.0,1.0,3.0,1.0,1.0,9.0,3.0,2.0,2.0,2.0,0.0,0.0,2.0,3.0,2.0,0.0,3.0,3.0,2.0,1.0,3.0,3.0,3.0,1.0,1.0,0.0,1.0,3.0,4.0,1.0,2.0,3.0,2.0,2.0,1.0,2.0,12.0,2.0,3.0,0.0,3.0,1.0,4.0,1.0,0.0,0.0,1.0,2.0,0.0,4.0,0.0,0.0,7.0,5.0,1.0,2.0,0.0,5.0,3.0,1.0,1.0,1.0,3.0,3.0,2.0,0.0,1.0,13.0,1.0,0.0,6.0,3.0,3.0,1.0,4.0,1.0,3.0,2.0,3.0,4.0,2.0,0.0,1.0,0.0,2.0,0.0,0.0,1.0,0.0,1.0,0.0,3.0,2.0,1.0,4.0,3.0,3.0,0.0,10.0,3.0,5.0,1.0,5.0,1.0,3.0,1.0,2.0,1.0,0.0,1.0,2.0,1.0,4.0,1.0,1.0,3.0,0.0,1.0,2.0,0.0,0.0,0.0,2.0,5.0,5.0,2.0,0.0,0.0,0.0,11.0,0
49,2576.019064713518,89158.52630208334,1.8099496939197286,238.19121482926508,0.28496197089947095,0.28926190225669385,2.6354166666666665,-0.13622403590209817,18.0,7.0,4.0,3.0,2.0,1.0,4.0,1.0,7.0,0.0,1.0,3.0,3.0,3.0,3.0,6.0,2.0,7.0,2.0,4.0,1.0,2.0,7.0,5.0,2.0,2.0,0.0,1.0,0.0,3.0,5.0,26.0,2.0,3.0,5.0,5.0,0.0,0.0,3.0,2.0,2.0,3.0,10.0,0.0,2.0,1.0,1.0,1.0,1.0,2.0,2.0,5.0,0.0,4.0,1.0,6.0,7.0,5.0,6.0,1.0,9.0,2.0,18.0,1.0,0.0,3.0,0.0,1.0,1.0,2.0,1.0,0.0,6.0,1.0,0.0,0.0,0.0,2.0,1.0,1.0,1.0,0.0,0.0,3.0,3.0,3.0,0.0,2.0,2.0,1.0,2.0,1.0,0.0,11.0,1.0,0.0,0.0,0.0,1.0,0.0,0.0,0.0,2.0,1.0,6.0,5.0,1.0,1.0,1.0,2.0,0.0,3.0,3.0,6.0,4.0,1.0,2.0,0.0,1.0,2.0,1.0,5.0,0.0,1.0,6.0,0.0,1.0,3.0,0.0,0.0,2.0,0.0,6.0,1.0,4.0,3.0,0.0,2.0,1.0,0.0,1.0,0.0,2.0,2.0,1.0,3.0,0.0,0.0,2.0,2.0,3.0,5.0,2.0,0.0,0.0,5.0,1.0,0.0,1.0,2.0,2.0,1.0,1.0,1.0,1.0,0.0,0.0,1.0,0.0,0.0,1.0,0.0,0.0,0.0,1.0,2.0,1.0,0.0,0.0,3.0,8.0,1.0,0.0,1.0,1.0,0.0,16.0,3.0,0.0,1.0,0.0,2.0,5.0,1.0,3.0,1.0,1.0,1.0,1.0,1.0,1.0,0.0,0.0,1.0,0.0,1.0,1.0,1.0,1.0,1.0,2.0,0.0,1.0,2.0,4.0,1.0,1.0,10.0,0.0,1.0,1.0,1.0,2.0,0.0,5.0,0.0,1.0,0.0,0.0,2.0,0.0,0.0,2.0,2.0,2.0,0.0,1.0,0.0,1.0,1.0,2.0,2.0,2.0,1.0,1.0,0.0,1.0,2.0,14.0,1.0,1.0,0.0,0.0,0.0,0.0,0.0,2.0,0.0,2.0,1.0,1.0,0.0,2.0,1.0,0.0,1.0,6.0,1.0,2.0,2.0,0.0,5.0,3.0,2.0,1.0,0.0,1.0,1.0,1.0,2.0,3.0,1.0,0.0,0.0,3.0,2.0,0.0,0.0,0.0,0.0,0.0,0.0,1.0,0.0,2.0,0.0,1.0,3.0,1.0,0.0,1.0,2.0,1.0,2.0,0.0,2.0,0.0,1.0,0.0,3.0,20.0,1.0,0.0,3.0,0.0,1.0,1.0,2.0,0.0,2.0,3.0,0.0,1.0,2.0,3.0,2.0,1.0,2.0,0.0,1.0,0.0,4.0,0.0,3.0,1.0,0.0,0.0,0.0,0.0,2.0,0.0,5.0,2.0,0.0,0.0,1.0,1.0,0.0,0.0,2.0,1.0,0.0,2.0,0.0,4.0,1.0,4.0,4.0,1.0,3.0,7.0,4.0,6.0,1.0,6.0,1.0,6.0,4.0,1.0,1.0,2.0,5.0,24.0,1.0,1.0,0.0,2.0,4.0,4.0,5.0,1.0,3.0,4.0,1.0,6.0,1.0,3.0,0.0,4.0,1.0,2.0,3.0,1.0,1.0,2.0,0.0,0.0,2.0,1.0,0.0,2.0,1.0,3.0,6.0,0.0,2.0,0.0,1.0,0.0,2.0,0.0,0.0,0.0,3.0,4.0,1.0,4.0,0.0,1.0,1.0,4.0,3.0,0.0,2.0,5.0,1.0,3.0,3.0,0.0,0.0,3.0,1.0,2.0,1.0,17.0,3.0,2.0,1.0,1.0,0.0,2.0,1.0,3.0,1.0,1.0,0.0,6.0,3.0,3.0,0.0,4.0,4.0,3.0,1.0,1.0,1.0,0.0,1.0,0.0,1.0,0.0,0.0,5.0,1.0,1.0,7.0,0.0,3.0,1.0,5.0,0.0,0.0,2.0,1.0,1.0,4.0,2.0,0.0,0.0,2.0,3.0,2.0,1.0,2.0,1.0,2.0,2.0,0.0,0.0,0.0,0.0,0.0,2.0,0.0,0.0,1.0,4.0,1.0,0.0,2.0,0.0,1.0,1.0,0.0,0.0,2.0,2.0,0.0,1.0,0.0,6.0,3.0,4.0,1.0,2.0,1.0,1.0,0.0,1.0,2.0,1.0,0.0,5.0,1.0,2.0,1.0,2.0,12.0,1.0,2.0,1.0,3.0,1.0,2.0,2.0,0.0,0.0,1.0,3.0,1.0,2.0,2.0,0.0,0.0,0.0,0.0,2.0,1.0,0.0,0.0,2.0,1.0,2.0,3.0,1.0,0.0,0.0,0.0,2.0,1.0,0.0,2.0,1.0,0.0,0.0,0.0,0.0,3.0,1.0,1.0,5.0,2.0,3.0,4.0,1.0,0.0,1.0,1.0,2.0,2.0,1.0,2.0,1.0,0.0,1.0,1.0,1.0,2.0,0.0,9.0,2.0,1.0,1.0,0.0,1.0,0.0,3.0,0.0,0.0,5.0,0.0,2.0,1.0,0.0,0.0,1.0,0.0,0.0,1.0,1.0,1.0,0.0,1.0,2.0,4.0,1.0,0.0,2.0,1.0,0.0,4.0,1.0,1.0,1.0,2.0,3.0,2.0,0.0,0.0,1.0,2.0,4.0,1.0,0.0,1.0,1.0,1.0,1.0,0.0,0.0,0.0,0.0,3.0,3.0,0.0,0.0,2.0,1.0,0.0,1.0,1.0,9.0,0.0,5.0,1.0,0.0,2.0,1.0,4.0,0.0,4.0,1.0,2.0,2.0,1.0,1.0,1.0,0.0,0.0,0.0,2.0,2.0,4.0,3.0,4.0,2.0,1.0,1.0,1.0,0.0,0.0,1.0,12.0,2.0,2.0,2.0,2.0,1.0,0.0,1.0,1.0,0.0,0.0,6.0,1.0,2.0,2.0,0.0,1.0,0.0,3.0,1.0,3.0,0.0,0.0,2.0,1.0,8.0,1.0,3.0,1.0,4.0,2.0,18.0,1.0,2.0,1.0,3.0,1.0,3.0,5.0,5.0,2.0,1.0,1.0,2.0,3.0,2.0,0.0,2.0,1.0,0.0,5.0,1.0,1.0,1.0,0.0,0.0,1.0,0.0,2.0,1.0,1.0,4.0,14.0,2.0,1.0,0.0,3.0,4.0,0.0,6.0,4.0,4.0,2.0,0.0,0.0,0.0,1.0,1.0,2.0,0.0,0.0,2.0,0.0,2.0,2.0,0.0,1.0,0.0,3.0,0.0,3.0,0.0,2.0,6.0,1.0,2.0,1.0,2.0,1.0,4.0,0.0,2.0,1.0,1.0,0.0,4.0,7.0,2.0,1.0,4.0,3.0,1.0,7.0,2.0,0.0,4.0,1.0,1.0,3.0,4.0,1.0,1.0,1.0,0.0,15.0,1.0,2.0,1.0,1.0,3.0,2.0,0.0,1.0,0.0,0.0,0.0,2.0,2.0,2.0,4.0,3.0,3.0,1.0,2.0,1.0,1.0,0.0,0.0,1.0,0.0,1.0,2.0,1.0,1.0,0.0,8.0,3.0,0.0,4.0,2.0,1.0,0.0,0.0,1.0,4.0,1.0,2.0,3.0,0.0,2.0,4.0,1.0,3.0,0.0,0.0,2.0,3.0,0.0,0.0,3.0,0.0,2.0,0.0,0.0,4.0,1.0,13.0,1.0,2.0,1.0,0.0,0.0,1.0,2.0,3.0,1.0,1.0,0.0,1.0,1.0,2.0,3.0,3.0,4.0,1.0,2.0,0.0,4.0,0.0,0.0,1.0,2.0,3.0,1.0,3.0,2.0,0.0,7.0,0
50,1935.665226939248,100407.14722222222,1.8678319299176225,403.5457916171714,0.26623984881560653,0.13569284718274618,3.4444444444444446,0.011766361533871237,13.0,3.0,4.0,3.0,1.0,3.0,2.0,4.0,2.0,1.0,2.0,2.0,1.0,2.0,1.0,2.0,2.0,1.0,2.0,3.0,1.0,0.0,4.0,4.0,1.0,0.0,2.0,1.0,2.0,3.0,1.0,17.0,4.0,2.0,4.0,1.0,3.0,1.0,3.0,2.0,2.0,1.0,3.0,5.0,1.0,2.0,0.0,4.0,2.0,0.0,1.0,2.0,1.0,6.0,2.0,2.0,0.0,0.0,1.0,3.0,2.0,1.0,9.0,1.0,1.0,0.0,3.0,2.0,0.0,0.0,0.0,0.0,3.0,2.0,1.0,2.0,0.0,1.0,1.0,0.0,2.0,0.0,0.0,4.0,0.0,1.0,1.0,1.0,0.0,3.0,3.0,2.0,0.0,6.0,2.0,0.0,0.0,2.0,1.0,2.0,2.0,1.0,0.0,1.0,3.0,1.0,0.0,0.0,1.0,1.0,1.0,1.0,5.0,1.0,1.0,0.0,1.0,2.0,1.0,1.0,4.0,5.0,0.0,2.0,3.0,0.0,0.0,1.0,1.0,1.0,1.0,0.0,1.0,2.0,3.0,0.0,0.0,0.0,2.0,0.0,0.0,1.0,1.0,1.0,1.0,2.0,0.0,2.0,0.0,0.0,0.0,2.0,1.0,0.0,0.0,1.0,1.0,0.0,0.0,3.0,1.0,1.0,3.0,1.0,0.0,0.0,0.0,2.0,1.0,0.0,0.0,4.0,2.0,2.0,1.0,0.0,3.0,0.0,4.0,3.0,4.0,4.0,0.0,2.0,1.0,0.0,9.0,1.0,0.0,0.0,0.0,2.0,2.0,1.0,0.0,0.0,0.0,0.0,2.0,1.0,0.0,1.0,2.0,0.0,0.0,0.0,1.0,1.0,3.0,2.0,2.0,3.0,0.0,1.0,0.0,1.0,2.0,11.0,0.0,0.0,0.0,2.0,3.0,2.0,1.0,1.0,0.0,3.0,3.0,1.0,0.0,2.0,0.0,1.0,4.0,1.0,1.0,0.0,0.0,0.0,2.0,6.0,3.0,0.0,1.0,0.0,1.0,0.0,4.0,0.0,1.0,0.0,0.0,0.0,0.0,0.0,0.0,1.0,4.0,1.0,1.0,0.0,1.0,0.0,1.0,2.0,3.0,3.0,0.0,0.0,2.0,2.0,0.0,1.0,0.0,0.0,1.0,1.0,1.0,4.0,1.0,1.0,3.0,0.0,4.0,0.0,1.0,1.0,0.0,0.0,0.0,1.0,1.0,0.0,2.0,0.0,1.0,2.0,2.0,0.0,1.0,4.0,2.0,0.0,2.0,1.0,0.0,0.0,2.0,1.0,11.0,1.0,2.0,2.0,2.0,0.0,0.0,1.0,1.0,1.0,1.0,0.0,1.0,2.0,0.0,1.0,2.0,1.0,1.0,1.0,0.0,1.0,0.0,1.0,4.0,0.0,0.0,1.0,1.0,1.0,2.0,2.0,1.0,1.0,2.0,0.0,1.0,0.0,1.0,0.0,1.0,0.0,0.0,1.0,0.0,0.0,2.0,0.0,4.0,2.0,1.0,1.0,2.0,2.0,0.0,7.0,0.0,2.0,1.0,2.0,2.0,2.0,14.0,2.0,4.0,2.0,2.0,1.0,3.0,0.0,2.0,1.0,2.0,1.0,1.0,2.0,2.0,1.0,2.0,1.0,4.0,0.0,0.0,1.0,3.0,0.0,0.0,4.0,0.0,1.0,1.0,0.0,3.0,7.0,1.0,0.0,1.0,3.0,0.0,0.0,0.0,0.0,0.0,1.0,2.0,4.0,0.0,0.0,3.0,1.0,8.0,1.0,0.0,1.0,2.0,1.0,0.0,2.0,0.0,2.0,1.0,0.0,4.0,2.0,10.0,0.0,1.0,0.0,2.0,1.0,1.0,1.0,1.0,3.0,3.0,1.0,0.0,0.0,3.0,2.0,3.0,1.0,0.0,0.0,0.0,1.0,1.0,1.0,0.0,0.0,0.0,1.0,2.0,2.0,2.0,11.0,1.0,3.0,0.0,2.0,1.0,1.0,1.0,0.0,4.0,1.0,0.0,2.0,0.0,2.0,0.0,3.0,2.0,0.0,1.0,1.0,0.0,0.0,2.0,0.0,2.0,0.0,1.0,0.0,0.0,3.0,4.0,2.0,0.0,1.0,2.0,0.0,2.0,0.0,0.0,0.0,0.0,0.0,0.0,1.0,2.0,2.0,1.0,1.0,1.0,2.0,2.0,0.0,1.0,2.0,1.0,0.0,2.0,2.0,0.0,0.0,3.0,7.0,1.0,0.0,1.0,1.0,0.0,0.0,3.0,2.0,2.0,1.0,0.0,5.0,3.0,0.0,1.0,2.0,0.0,2.0,1.0,0.0,2.0,2.0,1.0,3.0,1.0,1.0,1.0,1.0,0.0,2.0,7.0,2.0,3.0,0.0,0.0,1.0,1.0,0.0,5.0,3.0,1.0,0.0,2.0,0.0,2.0,0.0,0.0,1.0,0.0,1.0,1.0,1.0,3.0,1.0,0.0,1.0,0.0,4.0,0.0,0.0,0.0,17.0,2.0,1.0,3.0,2.0,2.0,4.0,1.0,1.0,0.0,0.0,0.0,1.0,3.0,1.0,1.0,0.0,0.0,3.0,0.0,0.0,1.0,0.0,2.0,0.0,0.0,1.0,0.0,1.0,3.0,1.0,8.0,0.0,0.0,1.0,1.0,4.0,0.0,1.0,1.0,1.0,0.0,3.0,0.0,1.0,1.0,1.0,0.0,1.0,2.0,1.0,0.0,0.0,0.0,0.0,1.0,2.0,2.0,0.0,1.0,3.0,2.0,6.0,0.0,1.0,0.0,0.0,1.0,1.0,1.0,1.0,2.0,3.0,0.0,3.0,0.0,2.0,1.0,1.0,0.0,0.0,1.0,1.0,0.0,1.0,3.0,1.0,0.0,1.0,0.0,4.0,0.0,0.0,9.0,2.0,4.0,0.0,2.0,2.0,1.0,1.0,3.0,2.0,0.0,3.0,3.0,2.0,2.0,1.0,1.0,1.0,1.0,2.0,1.0,0.0,3.0,2.0,2.0,2.0,1.0,2.0,0.0,1.0,0.0,14.0,1.0,2.0,0.0,4.0,1.0,0.0,3.0,1.0,1.0,1.0,1.0,1.0,4.0,0.0,1.0,2.0,0.0,0.0,0.0,0.0,1.0,3.0,0.0,1.0,0.0,3.0,1.0,2.0,0.0,3.0,11.0,0.0,2.0,2.0,1.0,4.0,1.0,2.0,3.0,1.0,0.0,1.0,0.0,0.0,2.0,0.0,1.0,1.0,1.0,2.0,1.0,1.0,0.0,1.0,2.0,1.0,3.0,0.0,2.0,0.0,0.0,11.0,3.0,1.0,1.0,1.0,3.0,0.0,1.0,3.0,0.0,3.0,0.0,1.0,3.0,1.0,1.0,1.0,4.0,1.0,1.0,0.0,1.0,2.0,2.0,0.0,0.0,2.0,1.0,3.0,0.0,1.0,8.0,0.0,2.0,2.0,0.0,3.0,1.0,2.0,0.0,2.0,3.0,1.0,1.0,1.0,0.0,0.0,2.0,0.0,2.0,0.0,1.0,3.0,3.0,2.0,0.0,0.0,2.0,2.0,2.0,0.0,0.0,5.0,0.0,0.0,2.0,3.0,0.0,0.0,1.0,1.0,1.0,1.0,2.0,0.0,2.0,2.0,4.0,0.0,1.0,0.0,2.0,1.0,0.0,2.0,0.0,3.0,3.0,0.0,0.0,1.0,2.0,0.0,7.0,1.0,1.0,0.0,1.0,1.0,1.0,1.0,2.0,2.0,1.0,1.0,3.0,2.0,2.0,0.0,4.0,4.0,2.0,2.0,1.0,1.0,1.0,1.0,1.0,1.0,1.0,1.0,2.0,1.0,0.0,11.0,0
53,2430.216996462903,143842.25767676768,2.196962127710366,326.5243376073062,0.15995892435286369,0.09163602858047304,4.616161616161616,0.028121577799823366,8.0,2.0,3.0,4.0,4.0,1.0,3.0,2.0,1.0,2.0,3.0,4.0,3.0,1.0,3.0,4.0,2.0,0.0,0.0,2.0,1.0,2.0,0.0,3.0,3.0,1.0,2.0,0.0,0.0,3.0,4.0,12.0,6.0,2.0,4.0,1.0,4.0,1.0,1.0,5.0,4.0,3.0,2.0,4.0,0.0,3.0,3.0,0.0,2.0,1.0,1.0,2.0,3.0,3.0,5.0,3.0,1.0,1.0,2.0,3.0,3.0,1.0,6.0,2.0,1.0,0.0,0.0,0.0,3.0,1.0,0.0,2.0,2.0,4.0,1.0,1.0,1.0,1.0,0.0,3.0,1.0,2.0,3.0,1.0,2.0,1.0,0.0,4.0,1.0,1.0,4.0,4.0,1.0,12.0,2.0,1.0,1.0,2.0,2.0,1.0,1.0,2.0,3.0,3.0,3.0,1.0,0.0,3.0,1.0,2.0,1.0,2.0,3.0,2.0,0.0,6.0,3.0,1.0,0.0,3.0,1.0,3.0,0.0,2.0,5.0,0.0,1.0,0.0,3.0,0.0,1.0,1.0,4.0,2.0,2.0,0.0,0.0,1.0,3.0,1.0,0.0,1.0,4.0,3.0,1.0,2.0,0.0,1.0,0.0,2.0,1.0,3.0,1.0,1.0,0.0,4.0,0.0,0.0,1.0,2.0,0.0,2.0,3.0,2.0,1.0,3.0,1.0,2.0,1.0,0.0,0.0,1.0,1.0,6.0,0.0,1.0,1.0,3.0,1.0,0.0,1.0,1.0,0.0,1.0,0.0,2.0,9.0,2.0,1.0,1.0,1.0,0.0,8.0,1.0,3.0,1.0,1.0,0.0,3.0,2.0,0.0,1.0,3.0,2.0,1.0,2.0,2.0,1.0,2.0,1.0,2.0,2.0,0.0,0.0,5.0,1.0,3.0,5.0,1.0,0.0,0.0,1.0,6.0,1.0,1.0,2.0,0.0,1.0,1.0,1.0,1.0,0.0,1.0,2.0,3.0,4.0,0.0,0.0,0.0,0.0,2.0,2.0,0.0,0.0,3.0,1.0,0.0,1.0,6.0,1.0,1.0,0.0,0.0,1.0,2.0,2.0,0.0,1.0,0.0,2.0,0.0,2.0,2.0,0.0,1.0,3.0,1.0,1.0,1.0,2.0,2.0,2.0,0.0,2.0,1.0,3.0,2.0,0.0,1.0,8.0,1.0,1.0,6.0,2.0,1.0,0.0,1.0,1.0,0.0,0.0,2.0,1.0,3.0,4.0,1.0,1.0,1.0,2.0,1.0,0.0,1.0,4.0,1.0,1.0,0.0,2.0,0.0,2.0,0.0,1.0,6.0,4.0,4.0,2.0,1.0,0.0,0.0,1.0,1.0,0.0,1.0,1.0,3.0,2.0,4.0,1.0,1.0,2.0,1.0,1.0,4.0,5.0,4.0,1.0,0.0,0.0,1.0,1.0,1.0,1.0,2.0,8.0,1.0,0.0,1.0,1.0,0.0,1.0,2.0,1.0,2.0,1.0,0.0,3.0,1.0,1.0,0.0,1.0,3.0,1.0,3.0,2.0,2.0,1.0,1.0,6.0,2.0,4.0,1.0,4.0,1.0,3.0,17.0,3.0,3.0,0.0,3.0,2.0,1.0,1.0,3.0,2.0,5.0,1.0,5.0,1.0,3.0,5.0,0.0,5.0,3.0,2.0,1.0,0.0,0.0,2.0,1.0,1.0,2.0,1.0,1.0,0.0,2.0,5.0,1.0,1.0,0.0,3.0,4.0,2.0,2.0,1.0,2.0,4.0,2.0,2.0,3.0,0.0,1.0,2.0,3.0,3.0,0.0,3.0,3.0,1.0,1.0,1.0,2.0,0.0,1.0,1.0,2.0,0.0,7.0,1.0,1.0,0.0,1.0,0.0,1.0,0.0,2.0,3.0,1.0,2.0,0.0,2.0,1.0,1.0,2.0,3.0,0.0,2.0,0.0,1.0,2.0,1.0,0.0,1.0,4.0,0.0,1.0,1.0,0.0,8.0,0.0,2.0,0.0,2.0,0.0,0.0,0.0,1.0,1.0,3.0,1.0,4.0,1.0,2.0,0.0,2.0,2.0,2.0,1.0,0.0,0.0,1.0,1.0,0.0,0.0,0.0,2.0,0.0,0.0,1.0,1.0,0.0,2.0,0.0,1.0,0.0,1.0,1.0,2.0,1.0,1.0,0.0,0.0,1.0,1.0,2.0,2.0,4.0,1.0,1.0,2.0,0.0,0.0,0.0,1.0,2.0,2.0,1.0,1.0,3.0,0.0,4.0,0.0,3.0,1.0,0.0,0.0,0.0,0.0,3.0,2.0,1.0,1.0,0.0,2.0,2.0,0.0,2.0,0.0,1.0,1.0,2.0,0.0,3.0,1.0,0.0,2.0,4.0,1.0,0.0,1.0,0.0,5.0,1.0,0.0,0.0,0.0,1.0,2.0,1.0,1.0,3.0,3.0,0.0,2.0,3.0,1.0,2.0,0.0,2.0,1.0,4.0,0.0,2.0,0.0,0.0,3.0,1.0,0.0,1.0,0.0,0.0,2.0,1.0,1.0,0.0,1.0,2.0,0.0,3.0,3.0,1.0,1.0,1.0,1.0,2.0,1.0,2.0,2.0,2.0,1.0,1.0,2.0,1.0,4.0,2.0,2.0,1.0,0.0,0.0,1.0,0.0,1.0,0.0,3.0,2.0,2.0,1.0,0.0,1.0,1.0,0.0,0.0,2.0,1.0,2.0,4.0,2.0,0.0,2.0,2.0,0.0,1.0,1.0,0.0,1.0,1.0,0.0,2.0,0.0,2.0,0.0,1.0,0.0,1.0,2.0,0.0,3.0,2.0,3.0,0.0,1.0,0.0,0.0,2.0,1.0,2.0,4.0,4.0,3.0,0.0,2.0,2.0,1.0,0.0,0.0,1.0,1.0,0.0,1.0,0.0,4.0,1.0,0.0,1.0,0.0,6.0,4.0,3.0,3.0,0.0,3.0,1.0,0.0,2.0,4.0,3.0,4.0,2.0,2.0,1.0,1.0,0.0,1.0,5.0,2.0,1.0,1.0,2.0,2.0,1.0,1.0,1.0,4.0,4.0,3.0,0.0,18.0,2.0,4.0,2.0,3.0,4.0,1.0,3.0,5.0,1.0,3.0,1.0,0.0,2.0,1.0,1.0,7.0,3.0,2.0,1.0,0.0,2.0,1.0,0.0,2.0,1.0,1.0,2.0,2.0,1.0,0.0,14.0,1.0,0.0,2.0,1.0,1.0,3.0,5.0,1.0,7.0,1.0,0.0,1.0,4.0,0.0,1.0,3.0,3.0,4.0,2.0,2.0,2.0,0.0,2.0,2.0,2.0,2.0,1.0,0.0,2.0,3.0,18.0,2.0,0.0,4.0,2.0,2.0,0.0,1.0,1.0,2.0,1.0,2.0,1.0,2.0,0.0,1.0,0.0,3.0,3.0,1.0,2.0,1.0,0.0,0.0,3.0,0.0,2.0,1.0,2.0,0.0,3.0,3.0,1.0,1.0,1.0,1.0,2.0,2.0,2.0,0.0,0.0,5.0,1.0,2.0,1.0,2.0,2.0,0.0,1.0,0.0,2.0,1.0,3.0,1.0,1.0,2.0,1.0,1.0,5.0,1.0,2.0,1.0,11.0,2.0,0.0,1.0,2.0,1.0,1.0,0.0,0.0,3.0,1.0,1.0,1.0,0.0,2.0,4.0,2.0,1.0,0.0,1.0,1.0,0.0,1.0,3.0,1.0,0.0,2.0,0.0,1.0,3.0,0.0,11.0,1.0,2.0,3.0,2.0,0.0,1.0,2.0,2.0,2.0,0.0,2.0,1.0,0.0,0.0,2.0,3.0,0.0,0.0,2.0,2.0,1.0,1.0,1.0,2.0,0.0,1.0,1.0,2.0,1.0,1.0,10.0,0
54,2506.336948404699,113458.84314432988,2.1085203676072517,327.9294015445985,0.18224401600690246,0.12804924361625394,3.7731958762886597,-0.08751527697938087,9.0,3.0,2.0,1.0,2.0,4.0,1.0,4.0,3.0,1.0,2.0,1.0,2.0,0.0,2.0,1.0,2.0,1.0,1.0,3.0,3.0,5.0,6.0,2.0,1.0,1.0,3.0,2.0,3.0,2.0,2.0,18.0,3.0,3.0,3.0,2.0,1.0,5.0,0.0,2.0,2.0,2.0,2.0,3.0,0.0,1.0,3.0,1.0,2.0,2.0,3.0,2.0,0.0,3.0,1.0,3.0,1.0,0.0,3.0,2.0,2.0,4.0,5.0,2.0,0.0,1.0,0.0,2.0,2.0,4.0,1.0,2.0,1.0,2.0,0.0,0.0,1.0,1.0,1.0,3.0,0.0,2.0,1.0,1.0,4.0,2.0,1.0,0.0,3.0,5.0,2.0,1.0,2.0,7.0,0.0,2.0,2.0,1.0,2.0,1.0,1.0,0.0,0.0,0.0,7.0,3.0,2.0,3.0,3.0,0.0,0.0,1.0,1.0,2.0,3.0,2.0,2.0,1.0,1.0,2.0,0.0,0.0,3.0,1.0,10.0,1.0,1.0,0.0,2.0,1.0,0.0,2.0,1.0,2.0,1.0,1.0,3.0,2.0,1.0,1.0,0.0,1.0,1.0,1.0,1.0,2.0,1.0,1.0,2.0,2.0,3.0,3.0,0.0,1.0,1.0,5.0,1.0,0.0,3.0,0.0,1.0,0.0,0.0,1.0,1.0,2.0,0.0,2.0,2.0,0.0,1.0,0.0,2.0,1.0,1.0,3.0,2.0,3.0,2.0,0.0,2.0,1.0,2.0,1.0,0.0,0.0,4.0,2.0,0.0,0.0,1.0,0.0,1.0,2.0,1.0,1.0,1.0,0.0,0.0,0.0,1.0,0.0,2.0,1.0,2.0,0.0,2.0,3.0,3.0,0.0,0.0,3.0,2.0,3.0,2.0,1.0,1.0,7.0,0.0,1.0,2.0,3.0,3.0,1.0,1.0,1.0,1.0,1.0,2.0,0.0,1.0,1.0,2.0,1.0,3.0,0.0,0.0,4.0,1.0,3.0,2.0,2.0,1.0,0.0,2.0,3.0,1.0,0.0,9.0,0.0,0.0,0.0,5.0,0.0,3.0,2.0,1.0,2.0,1.0,2.0,1.0,2.0,1.0,3.0,4.0,1.0,1.0,1.0,0.0,3.0,3.0,1.0,2.0,0.0,1.0,0.0,2.0,0.0,0.0,1.0,0.0,2.0,4.0,0.0,0.0,2.0,1.0,1.0,0.0,3.0,2.0,0.0,0.0,2.0,0.0,2.0,2.0,1.0,1.0,0.0,2.0,2.0,0.0,2.0,1.0,0.0,0.0,0.0,1.0,1.0,5.0,2.0,1.0,1.0,1.0,0.0,0.0,0.0,1.0,0.0,1.0,0.0,1.0,0.0,3.0,0.0,2.0,1.0,1.0,0.0,6.0,2.0,1.0,1.0,3.0,0.0,1.0,1.0,2.0,1.0,1.0,3.0,3.0,1.0,2.0,1.0,0.0,2.0,0.0,1.0,1.0,2.0,2.0,0.0,1.0,2.0,3.0,0.0,1.0,0.0,2.0,1.0,1.0,3.0,2.0,0.0,1.0,2.0,1.0,0.0,1.0,2.0,6.0,1.0,3.0,0.0,1.0,2.0,0.0,1.0,3.0,1.0,4.0,3.0,1.0,1.0,1.0,3.0,4.0,2.0,2.0,1.0,2.0,2.0,0.0,1.0,0.0,3.0,0.0,0.0,0.0,3.0,4.0,3.0,0.0,0.0,2.0,3.0,2.0,3.0,0.0,0.0,0.0,1.0,0.0,0.0,0.0,1.0,1.0,1.0,4.0,4.0,2.0,2.0,1.0,2.0,1.0,3.0,0.0,1.0,0.0,0.0,1.0,0.0,7.0,1.0,1.0,1.0,0.0,1.0,2.0,4.0,0.0,5.0,3.0,2.0,1.0,0.0,2.0,0.0,1.0,3.0,3.0,0.0,1.0,0.0,0.0,0.0,2.0,0.0,0.0,0.0,1.0,2.0,0.0,2.0,0.0,4.0,0.0,1.0,1.0,0.0,1.0,0.0,5.0,2.0,4.0,2.0,1.0,2.0,1.0,1.0,2.0,0.0,1.0,1.0,3.0,2.0,2.0,2.0,0.0,1.0,3.0,1.0,1.0,2.0,4.0,2.0,2.0,0.0,1.0,1.0,0.0,3.0,1.0,0.0,2.0,2.0,2.0,0.0,1.0,0.0,1.0,4.0,0.0,1.0,1.0,0.0,1.0,2.0,1.0,3.0,1.0,0.0,3.0,0.0,1.0,7.0,2.0,0.0,0.0,0.0,0.0,4.0,5.0,1.0,1.0,3.0,1.0,2.0,3.0,2.0,1.0,2.0,2.0,1.0,3.0,0.0,1.0,1.0,0.0,1.0,1.0,1.0,1.0,0.0,0.0,0.0,5.0,0.0,1.0,0.0,1.0,3.0,2.0,0.0,1.0,2.0,2.0,0.0,5.0,2.0,2.0,2.0,0.0,2.0,0.0,2.0,0.0,0.0,0.0,1.0,3.0,1.0,0.0,0.0,1.0,1.0,2.0,6.0,0.0,2.0,2.0,1.0,1.0,1.0,2.0,0.0,2.0,1.0,2.0,2.0,1.0,0.0,2.0,1.0,1.0,1.0,1.0,1.0,0.0,0.0,0.0,1.0,2.0,0.0,1.0,1.0,1.0,3.0,4.0,1.0,2.0,2.0,3.0,0.0,1.0,2.0,0.0,2.0,2.0,2.0,0.0,1.0,4.0,1.0,1.0,2.0,3.0,1.0,0.0,1.0,0.0,1.0,2.0,2.0,1.0,2.0,1.0,0.0,3.0,2.0,0.0,2.0,1.0,0.0,1.0,2.0,1.0,0.0,5.0,2.0,2.0,2.0,1.0,2.0,0.0,1.0,3.0,0.0,0.0,2.0,1.0,2.0,2.0,2.0,1.0,0.0,0.0,1.0,1.0,1.0,12.0,4.0,2.0,1.0,0.0,1.0,0.0,4.0,1.0,1.0,2.0,3.0,2.0,4.0,1.0,2.0,3.0,3.0,2.0,5.0,1.0,3.0,3.0,3.0,1.0,0.0,1.0,2.0,4.0,1.0,1.0,11.0,2.0,0.0,1.0,1.0,1.0,3.0,1.0,3.0,3.0,6.0,0.0,1.0,2.0,0.0,3.0,0.0,4.0,1.0,1.0,0.0,1.0,6.0,1.0,0.0,2.0,1.0,2.0,3.0,3.0,4.0,19.0,2.0,1.0,0.0,2.0,0.0,3.0,0.0,3.0,1.0,0.0,3.0,0.0,1.0,0.0,2.0,1.0,0.0,0.0,2.0,1.0,0.0,3.0,2.0,0.0,1.0,0.0,0.0,3.0,0.0,0.0,9.0,1.0,2.0,4.0,1.0,0.0,2.0,0.0,1.0,1.0,1.0,2.0,1.0,5.0,3.0,0.0,2.0,3.0,2.0,1.0,0.0,4.0,0.0,4.0,3.0,0.0,1.0,1.0,2.0,1.0,0.0,7.0,1.0,1.0,1.0,1.0,2.0,2.0,0.0,0.0,0.0,1.0,3.0,1.0,1.0,1.0,2.0,2.0,0.0,4.0,0.0,4.0,2.0,0.0,1.0,1.0,2.0,4.0,2.0,1.0,2.0,1.0,9.0,2.0,2.0,5.0,2.0,1.0,3.0,1.0,1.0,1.0,1.0,2.0,1.0,0.0,2.0,2.0,2.0,0.0,2.0,0.0,1.0,0.0,2.0,1.0,1.0,0.0,2.0,0.0,4.0,5.0,4.0,12.0,1.0,1.0,5.0,2.0,0.0,2.0,0.0,0.0,5.0,1.0,2.0,3.0,1.0,0.0,0.0,2.0,2.0,2.0,2.0,1.0,1.0,0.0,3.0,2.0,2.0,1.0,0.0,0.0,1.0,0.0,3.0,0
55,2506.871460926898,149590.00414999996,2.0002606844604487,366.8892772894889,0.22556873681873685,0.14166178451178454,4.46,-0.062321879783332264,9.0,4.0,1.0,1.0,3.0,1.0,1.0,4.0,2.0,1.0,1.0,0.0,3.0,0.0,4.0,1.0,0.0,2.0,3.0,1.0,2.0,4.0,3.0,2.0,4.0,3.0,2.0,4.0,1.0,5.0,1.0,7.0,2.0,3.0,2.0,4.0,0.0,3.0,0.0,2.0,1.0,1.0,2.0,2.0,0.0,4.0,2.0,1.0,7.0,2.0,4.0,2.0,1.0,3.0,4.0,2.0,0.0,4.0,3.0,3.0,5.0,4.0,7.0,0.0,0.0,1.0,2.0,0.0,1.0,1.0,1.0,3.0,1.0,0.0,1.0,2.0,2.0,3.0,1.0,0.0,0.0,0.0,0.0,0.0,1.0,3.0,2.0,1.0,1.0,2.0,2.0,5.0,0.0,10.0,0.0,5.0,0.0,0.0,1.0,3.0,1.0,0.0,3.0,0.0,3.0,2.0,2.0,1.0,0.0,1.0,1.0,1.0,1.0,2.0,2.0,2.0,1.0,1.0,2.0,1.0,2.0,2.0,2.0,1.0,9.0,3.0,2.0,1.0,2.0,1.0,3.0,0.0,0.0,0.0,2.0,0.0,2.0,2.0,0.0,1.0,1.0,0.0,2.0,3.0,1.0,5.0,0.0,1.0,0.0,0.0,2.0,5.0,4.0,1.0,3.0,7.0,1.0,1.0,3.0,0.0,4.0,2.0,1.0,1.0,3.0,1.0,0.0,2.0,1.0,0.0,1.0,0.0,1.0,3.0,4.0,0.0,0.0,0.0,1.0,1.0,0.0,2.0,2.0,0.0,0.0,2.0,4.0,1.0,0.0,0.0,0.0,1.0,1.0,1.0,0.0,1.0,1.0,1.0,1.0,0.0,2.0,2.0,1.0,1.0,2.0,0.0,1.0,2.0,1.0,0.0,3.0,2.0,1.0,1.0,0.0,1.0,0.0,4.0,0.0,0.0,0.0,1.0,2.0,2.0,2.0,0.0,0.0,0.0,1.0,3.0,2.0,1.0,0.0,1.0,1.0,0.0,2.0,2.0,1.0,0.0,5.0,2.0,1.0,2.0,3.0,0.0,0.0,1.0,6.0,1.0,2.0,1.0,1.0,0.0,1.0,0.0,1.0,2.0,0.0,0.0,0.0,3.0,1.0,3.0,2.0,0.0,1.0,1.0,0.0,1.0,1.0,1.0,3.0,4.0,1.0,1.0,0.0,0.0,1.0,6.0,2.0,0.0,1.0,0.0,1.0,0.0,1.0,0.0,0.0,0.0,2.0,1.0,0.0,1.0,2.0,2.0,1.0,1.0,1.0,0.0,1.0,0.0,3.0,3.0,1.0,2.0,0.0,0.0,1.0,2.0,3.0,1.0,0.0,0.0,3.0,3.0,2.0,1.0,2.0,1.0,2.0,1.0,0.0,0.0,2.0,0.0,4.0,1.0,1.0,4.0,1.0,4.0,0.0,3.0,0.0,2.0,1.0,2.0,0.0,0.0,0.0,13.0,1.0,0.0,1.0,3.0,0.0,2.0,1.0,2.0,0.0,2.0,1.0,0.0,1.0,1.0,0.0,1.0,0.0,1.0,2.0,1.0,2.0,3.0,1.0,2.0,0.0,2.0,1.0,2.0,1.0,1.0,7.0,1.0,0.0,0.0,1.0,1.0,1.0,0.0,5.0,0.0,0.0,2.0,0.0,2.0,2.0,2.0,0.0,6.0,4.0,2.0,0.0,0.0,1.0,1.0,2.0,0.0,2.0,1.0,1.0,1.0,2.0,4.0,0.0,1.0,0.0,1.0,1.0,1.0,0.0,0.0,1.0,0.0,2.0,0.0,0.0,3.0,0.0,1.0,4.0,1.0,1.0,4.0,0.0,1.0,2.0,0.0,1.0,0.0,1.0,0.0,3.0,4.0,6.0,1.0,1.0,5.0,2.0,2.0,0.0,1.0,2.0,2.0,2.0,2.0,1.0,0.0,0.0,0.0,3.0,1.0,1.0,2.0,1.0,1.0,1.0,1.0,0.0,0.0,1.0,0.0,6.0,1.0,1.0,5.0,0.0,1.0,2.0,2.0,0.0,3.0,1.0,0.0,5.0,1.0,1.0,3.0,4.0,0.0,2.0,0.0,1.0,0.0,1.0,1.0,1.0,0.0,1.0,0.0,1.0,0.0,2.0,1.0,1.0,0.0,6.0,3.0,0.0,0.0,2.0,1.0,0.0,1.0,0.0,0.0,0.0,2.0,0.0,2.0,0.0,5.0,1.0,0.0,0.0,2.0,0.0,0.0,5.0,2.0,2.0,1.0,1.0,0.0,1.0,2.0,1.0,13.0,3.0,3.0,2.0,0.0,1.0,3.0,1.0,1.0,1.0,3.0,0.0,1.0,2.0,1.0,4.0,0.0,5.0,0.0,0.0,1.0,2.0,0.0,1.0,2.0,0.0,1.0,2.0,2.0,0.0,1.0,3.0,0.0,2.0,1.0,1.0,2.0,1.0,1.0,1.0,4.0,2.0,2.0,4.0,1.0,0.0,0.0,0.0,0.0,0.0,2.0,1.0,2.0,1.0,0.0,1.0,1.0,0.0,2.0,1.0,1.0,1.0,9.0,0.0,2.0,3.0,2.0,1.0,1.0,0.0,1.0,2.0,0.0,1.0,1.0,2.0,1.0,3.0,2.0,3.0,0.0,0.0,1.0,4.0,0.0,1.0,2.0,3.0,2.0,1.0,0.0,1.0,0.0,6.0,1.0,3.0,1.0,1.0,1.0,2.0,0.0,0.0,1.0,1.0,3.0,0.0,1.0,1.0,1.0,1.0,0.0,3.0,1.0,0.0,1.0,0.0,0.0,3.0,0.0,1.0,2.0,0.0,2.0,1.0,8.0,0.0,2.0,1.0,3.0,1.0,2.0,0.0,1.0,2.0,0.0,2.0,2.0,3.0,1.0,0.0,1.0,0.0,1.0,0.0,2.0,1.0,2.0,2.0,0.0,0.0,2.0,2.0,0.0,1.0,0.0,13.0,2.0,2.0,3.0,2.0,2.0,0.0,0.0,3.0,2.0,3.0,3.0,3.0,1.0,1.0,2.0,3.0,0.0,3.0,2.0,0.0,1.0,1.0,2.0,1.0,1.0,0.0,3.0,0.0,0.0,0.0,10.0,1.0,1.0,0.0,3.0,3.0,2.0,2.0,4.0,1.0,4.0,3.0,5.0,3.0,0.0,1.0,0.0,2.0,3.0,1.0,2.0,1.0,4.0,0.0,2.0,2.0,0.0,1.0,0.0,3.0,0.0,12.0,0.0,3.0,0.0,2.0,0.0,0.0,1.0,0.0,0.0,2.0,0.0,2.0,0.0,1.0,1.0,1.0,2.0,1.0,2.0,1.0,6.0,1.0,1.0,0.0,2.0,2.0,2.0,1.0,1.0,2.0,8.0,1.0,2.0,1.0,1.0,3.0,3.0,0.0,1.0,0.0,2.0,1.0,2.0,1.0,3.0,1.0,2.0,0.0,2.0,0.0,1.0,1.0,1.0,1.0,0.0,2.0,1.0,1.0,1.0,1.0,1.0,4.0,1.0,0.0,0.0,4.0,5.0,0.0,1.0,1.0,1.0,2.0,4.0,1.0,1.0,1.0,2.0,3.0,1.0,5.0,0.0,0.0,0.0,5.0,1.0,2.0,1.0,0.0,3.0,2.0,1.0,2.0,6.0,2.0,0.0,1.0,0.0,0.0,1.0,1.0,2.0,0.0,1.0,1.0,2.0,3.0,1.0,1.0,1.0,0.0,2.0,0.0,1.0,1.0,3.0,0.0,1.0,1.0,2.0,0.0,0.0,2.0,0.0,3.0,0.0,2.0,3.0,1.0,1.0,0.0,2.0,0.0,0.0,0.0,0.0,2.0,0.0,2.0,0.0,1.0,1.0,0.0,2.0,2.0,0.0,1.0,1.0,6.0,2.0,1.0,1.0,0.0,4.0,0.0,5.0,0
56,2169.919245871337,88444.79671875002,1.9236450554452018,349.6816932026575,0.23744496244496252,0.17526423711319547,2.8541666666666665,-0.12099415063479063,20.0,1.0,9.0,0.0,2.0,6.0,5.0,3.0,1.0,1.0,1.0,2.0,1.0,2.0,3.0,3.0,4.0,3.0,4.0,1.0,4.0,1.0,5.0,1.0,1.0,0.0,3.0,6.0,3.0,2.0,2.0,7.0,2.0,4.0,0.0,4.0,2.0,0.0,3.0,1.0,3.0,5.0,2.0,2.0,1.0,1.0,1.0,2.0,2.0,4.0,2.0,6.0,1.0,2.0,1.0,4.0,2.0,2.0,1.0,2.0,5.0,4.0,12.0,1.0,0.0,2.0,1.0,0.0,2.0,2.0,3.0,2.0,5.0,2.0,0.0,4.0,2.0,0.0,0.0,1.0,0.0,0.0,2.0,2.0,2.0,3.0,2.0,0.0,0.0,0.0,2.0,2.0,3.0,5.0,2.0,3.0,2.0,0.0,1.0,0.0,0.0,1.0,2.0,1.0,1.0,2.0,0.0,2.0,0.0,1.0,2.0,3.0,1.0,1.0,1.0,1.0,2.0,0.0,1.0,1.0,1.0,1.0,2.0,0.0,5.0,0.0,2.0,0.0,0.0,0.0,0.0,1.0,2.0,0.0,2.0,0.0,1.0,1.0,0.0,1.0,1.0,1.0,2.0,2.0,0.0,2.0,0.0,0.0,0.0,0.0,3.0,2.0,2.0,3.0,0.0,9.0,1.0,1.0,0.0,4.0,3.0,1.0,2.0,1.0,0.0,1.0,4.0,3.0,0.0,0.0,1.0,0.0,1.0,4.0,1.0,2.0,0.0,1.0,1.0,1.0,3.0,2.0,0.0,4.0,0.0,2.0,6.0,2.0,0.0,1.0,0.0,0.0,2.0,1.0,0.0,2.0,0.0,1.0,1.0,2.0,1.0,0.0,1.0,3.0,1.0,1.0,1.0,0.0,0.0,0.0,1.0,2.0,1.0,3.0,1.0,1.0,1.0,4.0,2.0,0.0,0.0,0.0,1.0,0.0,0.0,0.0,1.0,2.0,1.0,0.0,0.0,1.0,2.0,0.0,1.0,1.0,0.0,1.0,1.0,0.0,3.0,3.0,1.0,0.0,2.0,1.0,0.0,0.0,6.0,1.0,0.0,0.0,1.0,0.0,0.0,1.0,0.0,0.0,2.0,1.0,1.0,2.0,1.0,2.0,0.0,2.0,0.0,0.0,1.0,1.0,6.0,3.0,3.0,0.0,0.0,2.0,0.0,1.0,0.0,7.0,0.0,0.0,3.0,0.0,1.0,1.0,0.0,0.0,0.0,2.0,1.0,0.0,5.0,3.0,3.0,0.0,2.0,1.0,1.0,2.0,1.0,3.0,2.0,1.0,1.0,0.0,1.0,1.0,1.0,0.0,10.0,2.0,1.0,1.0,0.0,0.0,1.0,2.0,0.0,1.0,1.0,1.0,2.0,4.0,3.0,2.0,2.0,2.0,0.0,0.0,4.0,3.0,0.0,0.0,1.0,0.0,3.0,2.0,0.0,3.0,1.0,2.0,1.0,1.0,0.0,1.0,1.0,0.0,2.0,1.0,1.0,1.0,1.0,3.0,2.0,0.0,2.0,1.0,1.0,1.0,5.0,1.0,3.0,1.0,0.0,1.0,1.0,3.0,3.0,2.0,2.0,4.0,8.0,1.0,1.0,3.0,2.0,1.0,1.0,3.0,2.0,3.0,0.0,2.0,2.0,3.0,1.0,2.0,1.0,3.0,3.0,2.0,2.0,0.0,1.0,1.0,1.0,1.0,1.0,2.0,2.0,0.0,0.0,5.0,0.0,0.0,1.0,1.0,2.0,3.0,3.0,0.0,2.0,1.0,0.0,0.0,0.0,0.0,1.0,1.0,5.0,1.0,0.0,2.0,0.0,1.0,0.0,1.0,0.0,2.0,0.0,2.0,1.0,0.0,6.0,0.0,1.0,2.0,0.0,0.0,1.0,0.0,0.0,1.0,3.0,0.0,0.0,1.0,0.0,1.0,2.0,1.0,1.0,3.0,0.0,0.0,0.0,0.0,1.0,1.0,1.0,1.0,5.0,0.0,1.0,11.0,1.0,0.0,2.0,0.0,3.0,1.0,2.0,1.0,3.0,6.0,2.0,1.0,0.0,0.0,2.0,3.0,3.0,1.0,1.0,1.0,0.0,2.0,1.0,1.0,2.0,1.0,0.0,1.0,1.0,0.0,8.0,1.0,1.0,1.0,0.0,1.0,0.0,3.0,2.0,0.0,1.0,0.0,1.0,1.0,2.0,3.0,1.0,1.0,1.0,2.0,2.0,0.0,0.0,0.0,0.0,1.0,4.0,3.0,2.0,0.0,0.0,7.0,3.0,0.0,2.0,2.0,1.0,2.0,0.0,0.0,1.0,2.0,1.0,1.0,1.0,7.0,1.0,1.0,1.0,0.0,2.0,2.0,1.0,1.0,0.0,0.0,3.0,2.0,1.0,3.0,0.0,2.0,5.0,0.0,1.0,1.0,1.0,1.0,3.0,1.0,0.0,1.0,1.0,0.0,4.0,3.0,2.0,2.0,1.0,2.0,0.0,1.0,0.0,1.0,4.0,2.0,2.0,0.0,0.0,0.0,0.0,2.0,0.0,4.0,1.0,1.0,1.0,2.0,1.0,0.0,1.0,0.0,0.0,0.0,4.0,2.0,2.0,2.0,2.0,1.0,1.0,0.0,0.0,3.0,0.0,1.0,2.0,3.0,2.0,0.0,0.0,2.0,0.0,0.0,5.0,0.0,1.0,2.0,2.0,0.0,1.0,0.0,0.0,0.0,1.0,2.0,1.0,0.0,1.0,2.0,0.0,0.0,2.0,1.0,0.0,1.0,4.0,1.0,1.0,2.0,1.0,0.0,2.0,0.0,0.0,1.0,0.0,2.0,2.0,0.0,1.0,2.0,0.0,2.0,3.0,2.0,2.0,2.0,1.0,0.0,1.0,0.0,1.0,1.0,2.0,3.0,1.0,3.0,0.0,1.0,1.0,2.0,2.0,0.0,0.0,0.0,5.0,3.0,5.0,1.0,0.0,6.0,3.0,4.0,1.0,4.0,0.0,1.0,1.0,4.0,1.0,0.0,0.0,1.0,1.0,1.0,3.0,1.0,2.0,1.0,5.0,3.0,3.0,4.0,1.0,0.0,6.0,5.0,3.0,0.0,0.0,5.0,2.0,0.0,2.0,2.0,2.0,1.0,2.0,0.0,1.0,2.0,1.0,3.0,2.0,0.0,2.0,0.0,1.0,4.0,1.0,3.0,4.0,3.0,1.0,0.0,2.0,2.0,9.0,2.0,1.0,2.0,1.0,1.0,5.0,0.0,1.0,1.0,0.0,4.0,1.0,0.0,0.0,2.0,3.0,2.0,2.0,1.0,0.0,2.0,0.0,1.0,3.0,0.0,1.0,0.0,1.0,0.0,1.0,6.0,1.0,2.0,0.0,2.0,4.0,0.0,1.0,1.0,0.0,0.0,0.0,1.0,3.0,2.0,1.0,0.0,0.0,1.0,1.0,3.0,1.0,0.0,0.0,0.0,1.0,1.0,1.0,2.0,1.0,0.0,5.0,0.0,1.0,1.0,0.0,3.0,0.0,2.0,0.0,2.0,1.0,1.0,1.0,1.0,3.0,3.0,1.0,0.0,2.0,0.0,2.0,0.0,2.0,3.0,0.0,2.0,3.0,0.0,3.0,2.0,0.0,6.0,0.0,1.0,1.0,1.0,0.0,1.0,0.0,1.0,1.0,0.0,0.0,1.0,1.0,1.0,2.0,2.0,0.0,1.0,0.0,1.0,0.0,1.0,0.0,0.0,3.0,1.0,1.0,2.0,0.0,0.0,4.0,1.0,3.0,1.0,0.0,0.0,1.0,0.0,0.0,0.0,1.0,2.0,1.0,0.0,2.0,1.0,2.0,3.0,0.0,0.0,1.0,0.0,1.0,3.0,2.0,2.0,0.0,1.0,1.0,0.0,1.0,1.0,0
57,3222.5479503691618,109796.03156565658,2.0884945176261085,230.71590852633128,0.2317927863382408,0.26073970922455764,2.2323232323232323,-0.13094177381619715,14.0,3.0,5.0,1.0,6.0,4.0,2.0,4.0,1.0,6.0,3.0,3.0,6.0,3.0,4.0,3.0,1.0,5.0,3.0,1.0,3.0,1.0,1.0,2.0,7.0,3.0,1.0,6.0,2.0,0.0,2.0,6.0,5.0,4.0,3.0,0.0,1.0,3.0,3.0,2.0,2.0,3.0,2.0,3.0,2.0,4.0,4.0,8.0,3.0,2.0,4.0,3.0,2.0,3.0,3.0,2.0,6.0,3.0,0.0,6.0,3.0,3.0,5.0,3.0,0.0,0.0,2.0,1.0,1.0,1.0,1.0,3.0,4.0,0.0,1.0,5.0,4.0,1.0,1.0,0.0,0.0,2.0,4.0,2.0,0.0,3.0,2.0,1.0,3.0,3.0,0.0,4.0,1.0,2.0,0.0,2.0,1.0,1.0,2.0,3.0,2.0,1.0,4.0,0.0,1.0,0.0,2.0,2.0,1.0,1.0,2.0,2.0,1.0,3.0,2.0,2.0,2.0,3.0,1.0,1.0,6.0,4.0,2.0,2.0,2.0,1.0,1.0,0.0,2.0,0.0,1.0,2.0,5.0,0.0,3.0,2.0,1.0,1.0,2.0,1.0,5.0,0.0,2.0,1.0,2.0,1.0,4.0,3.0,0.0,1.0,2.0,4.0,0.0,0.0,4.0,4.0,3.0,1.0,4.0,2.0,0.0,0.0,6.0,0.0,1.0,2.0,0.0,0.0,1.0,3.0,2.0,2.0,1.0,4.0,3.0,2.0,0.0,0.0,3.0,3.0,2.0,3.0,1.0,0.0,2.0,2.0,6.0,0.0,0.0,1.0,0.0,1.0,3.0,0.0,0.0,2.0,3.0,4.0,1.0,4.0,3.0,2.0,4.0,4.0,0.0,1.0,1.0,1.0,0.0,1.0,0.0,4.0,1.0,1.0,1.0,4.0,1.0,4.0,0.0,1.0,3.0,0.0,1.0,6.0,2.0,2.0,1.0,1.0,0.0,3.0,2.0,1.0,1.0,0.0,1.0,1.0,1.0,0.0,1.0,0.0,2.0,3.0,1.0,0.0,1.0,1.0,0.0,1.0,7.0,2.0,6.0,1.0,8.0,1.0,2.0,4.0,3.0,3.0,1.0,2.0,1.0,3.0,1.0,1.0,1.0,0.0,1.0,1.0,2.0,4.0,5.0,2.0,1.0,2.0,0.0,2.0,1.0,0.0,3.0,9.0,2.0,5.0,1.0,0.0,3.0,1.0,1.0,3.0,1.0,2.0,1.0,1.0,2.0,1.0,4.0,1.0,2.0,0.0,4.0,1.0,2.0,3.0,1.0,1.0,2.0,2.0,1.0,0.0,5.0,3.0,6.0,2.0,2.0,1.0,0.0,2.0,2.0,1.0,5.0,1.0,2.0,0.0,2.0,5.0,1.0,1.0,2.0,2.0,2.0,1.0,0.0,3.0,1.0,2.0,3.0,1.0,1.0,2.0,2.0,1.0,1.0,2.0,5.0,1.0,0.0,0.0,2.0,3.0,1.0,1.0,2.0,0.0,1.0,3.0,1.0,1.0,1.0,2.0,1.0,2.0,4.0,1.0,1.0,3.0,4.0,3.0,3.0,3.0,7.0,4.0,1.0,1.0,17.0,4.0,2.0,1.0,2.0,3.0,5.0,7.0,3.0,2.0,4.0,6.0,4.0,4.0,7.0,8.0,10.0,5.0,3.0,0.0,0.0,3.0,0.0,1.0,2.0,2.0,1.0,1.0,3.0,1.0,2.0,2.0,3.0,1.0,0.0,1.0,1.0,0.0,0.0,2.0,2.0,1.0,2.0,2.0,1.0,0.0,1.0,1.0,6.0,1.0,1.0,2.0,4.0,2.0,1.0,1.0,0.0,2.0,2.0,1.0,3.0,1.0,6.0,2.0,0.0,1.0,1.0,1.0,0.0,0.0,1.0,1.0,2.0,2.0,0.0,0.0,3.0,1.0,2.0,5.0,3.0,0.0,2.0,4.0,0.0,1.0,2.0,3.0,1.0,2.0,3.0,1.0,1.0,4.0,1.0,1.0,1.0,1.0,0.0,3.0,5.0,2.0,2.0,2.0,0.0,1.0,0.0,2.0,2.0,1.0,6.0,2.0,3.0,1.0,2.0,1.0,4.0,0.0,1.0,1.0,5.0,1.0,0.0,0.0,9.0,2.0,3.0,1.0,1.0,0.0,1.0,2.0,3.0,4.0,2.0,1.0,1.0,0.0,5.0,3.0,1.0,1.0,2.0,0.0,3.0,2.0,0.0,4.0,2.0,2.0,4.0,0.0,0.0,1.0,0.0,8.0,2.0,2.0,5.0,1.0,3.0,2.0,3.0,4.0,3.0,4.0,5.0,3.0,1.0,3.0,1.0,0.0,1.0,2.0,2.0,1.0,2.0,2.0,4.0,1.0,4.0,0.0,1.0,1.0,3.0,2.0,2.0,1.0,1.0,1.0,1.0,3.0,2.0,2.0,0.0,2.0,3.0,2.0,5.0,3.0,5.0,0.0,0.0,3.0,3.0,0.0,1.0,5.0,2.0,1.0,4.0,0.0,1.0,0.0,1.0,0.0,0.0,7.0,2.0,1.0,0.0,4.0,2.0,1.0,1.0,0.0,2.0,1.0,5.0,3.0,3.0,1.0,1.0,2.0,0.0,3.0,1.0,1.0,1.0,4.0,2.0,0.0,1.0,2.0,3.0,2.0,2.0,1.0,3.0,0.0,2.0,6.0,1.0,2.0,2.0,2.0,2.0,2.0,2.0,4.0,0.0,2.0,1.0,2.0,0.0,1.0,3.0,2.0,2.0,1.0,2.0,2.0,1.0,1.0,2.0,0.0,2.0,1.0,0.0,1.0,0.0,1.0,1.0,1.0,3.0,1.0,1.0,0.0,2.0,5.0,4.0,4.0,6.0,1.0,4.0,0.0,0.0,1.0,1.0,1.0,3.0,1.0,1.0,2.0,5.0,3.0,2.0,0.0,2.0,2.0,10.0,1.0,0.0,1.0,2.0,0.0,0.0,0.0,6.0,4.0,0.0,3.0,1.0,7.0,0.0,4.0,0.0,1.0,4.0,1.0,4.0,2.0,2.0,1.0,4.0,4.0,2.0,1.0,3.0,1.0,2.0,17.0,2.0,1.0,0.0,2.0,3.0,2.0,3.0,4.0,2.0,2.0,0.0,1.0,4.0,1.0,1.0,0.0,1.0,1.0,3.0,5.0,1.0,3.0,2.0,3.0,3.0,3.0,2.0,2.0,2.0,1.0,9.0,0.0,2.0,1.0,0.0,4.0,7.0,1.0,2.0,1.0,2.0,2.0,2.0,5.0,1.0,0.0,1.0,0.0,2.0,1.0,5.0,0.0,1.0,3.0,0.0,1.0,4.0,2.0,0.0,3.0,0.0,8.0,1.0,0.0,0.0,1.0,3.0,6.0,1.0,2.0,3.0,0.0,0.0,0.0,3.0,1.0,2.0,1.0,10.0,1.0,1.0,2.0,2.0,3.0,1.0,2.0,1.0,1.0,2.0,1.0,2.0,0.0,11.0,0.0,1.0,1.0,3.0,1.0,0.0,4.0,2.0,1.0,0.0,1.0,3.0,0.0,1.0,2.0,5.0,0.0,0.0,3.0,0.0,4.0,0.0,1.0,4.0,0.0,4.0,2.0,1.0,2.0,1.0,7.0,1.0,0.0,3.0,1.0,4.0,1.0,0.0,2.0,2.0,1.0,3.0,3.0,3.0,1.0,3.0,1.0,2.0,1.0,0.0,2.0,2.0,4.0,0.0,2.0,1.0,1.0,4.0,0.0,4.0,1.0,5.0,2.0,4.0,6.0,1.0,0.0,1.0,0.0,4.0,0.0,2.0,0.0,1.0,1.0,6.0,2.0,1.0,3.0,1.0,1.0,2.0,0.0,2.0,2.0,2.0,1.0,0.0,2.0,1.0,1.0,2.0,6.0,0
59,2436.7728602722545,86393.11666666667,1.805377493706133,233.7594230271466,0.32805620305620303,0.26873861641538405,2.04040404040404,-0.13833607323614272,42.0,0.0,5.0,5.0,2.0,2.0,3.0,4.0,7.0,0.0,2.0,3.0,2.0,4.0,4.0,3.0,5.0,4.0,5.0,4.0,4.0,4.0,9.0,3.0,5.0,2.0,3.0,2.0,3.0,2.0,0.0,16.0,4.0,2.0,4.0,5.0,2.0,2.0,1.0,4.0,3.0,1.0,3.0,4.0,3.0,2.0,3.0,1.0,0.0,3.0,3.0,6.0,3.0,3.0,3.0,5.0,2.0,3.0,2.0,3.0,4.0,7.0,16.0,1.0,0.0,0.0,2.0,1.0,2.0,0.0,0.0,2.0,4.0,0.0,1.0,0.0,1.0,2.0,2.0,4.0,2.0,1.0,2.0,2.0,1.0,2.0,1.0,3.0,1.0,2.0,5.0,1.0,2.0,9.0,1.0,1.0,1.0,3.0,1.0,4.0,0.0,2.0,1.0,1.0,4.0,0.0,4.0,1.0,4.0,2.0,1.0,2.0,4.0,5.0,0.0,2.0,1.0,1.0,1.0,0.0,1.0,3.0,2.0,0.0,9.0,2.0,0.0,0.0,0.0,1.0,1.0,0.0,3.0,0.0,0.0,1.0,1.0,1.0,2.0,0.0,2.0,1.0,1.0,2.0,1.0,0.0,0.0,1.0,0.0,0.0,2.0,8.0,1.0,1.0,1.0,10.0,0.0,1.0,0.0,1.0,1.0,2.0,0.0,2.0,1.0,0.0,3.0,1.0,0.0,1.0,1.0,2.0,1.0,2.0,2.0,0.0,1.0,1.0,0.0,1.0,1.0,1.0,0.0,2.0,1.0,0.0,16.0,2.0,0.0,1.0,1.0,3.0,1.0,4.0,2.0,2.0,0.0,1.0,1.0,0.0,0.0,1.0,2.0,0.0,1.0,2.0,3.0,2.0,3.0,0.0,6.0,2.0,1.0,0.0,1.0,2.0,0.0,14.0,0.0,1.0,1.0,1.0,0.0,1.0,1.0,2.0,1.0,1.0,2.0,3.0,2.0,3.0,0.0,4.0,5.0,0.0,3.0,1.0,0.0,1.0,6.0,3.0,1.0,0.0,2.0,1.0,1.0,0.0,12.0,1.0,0.0,0.0,0.0,0.0,2.0,1.0,1.0,0.0,1.0,1.0,2.0,1.0,0.0,0.0,1.0,0.0,6.0,3.0,1.0,1.0,7.0,6.0,1.0,3.0,0.0,2.0,0.0,1.0,1.0,10.0,0.0,2.0,2.0,0.0,0.0,1.0,1.0,0.0,2.0,0.0,4.0,0.0,3.0,1.0,0.0,0.0,0.0,2.0,1.0,0.0,1.0,6.0,0.0,2.0,0.0,3.0,0.0,2.0,0.0,1.0,5.0,1.0,0.0,0.0,0.0,0.0,0.0,1.0,1.0,0.0,1.0,0.0,1.0,4.0,0.0,3.0,2.0,1.0,1.0,0.0,4.0,2.0,1.0,0.0,1.0,0.0,1.0,1.0,0.0,1.0,1.0,11.0,0.0,0.0,2.0,2.0,1.0,1.0,1.0,1.0,3.0,0.0,3.0,2.0,2.0,4.0,1.0,0.0,3.0,2.0,2.0,4.0,1.0,5.0,1.0,2.0,4.0,1.0,2.0,2.0,2.0,0.0,15.0,1.0,0.0,1.0,1.0,2.0,6.0,0.0,1.0,1.0,1.0,0.0,0.0,1.0,3.0,2.0,0.0,2.0,7.0,1.0,2.0,0.0,2.0,2.0,0.0,1.0,1.0,1.0,1.0,1.0,2.0,12.0,1.0,0.0,0.0,2.0,1.0,1.0,4.0,0.0,0.0,1.0,0.0,3.0,0.0,4.0,0.0,1.0,2.0,0.0,0.0,3.0,0.0,0.0,2.0,2.0,1.0,1.0,2.0,1.0,2.0,1.0,12.0,1.0,0.0,4.0,2.0,2.0,1.0,2.0,4.0,2.0,1.0,0.0,2.0,4.0,1.0,4.0,6.0,2.0,1.0,0.0,0.0,0.0,2.0,1.0,2.0,1.0,1.0,0.0,1.0,0.0,2.0,7.0,0.0,1.0,2.0,1.0,3.0,1.0,3.0,5.0,3.0,0.0,2.0,6.0,0.0,1.0,3.0,2.0,3.0,1.0,0.0,3.0,0.0,1.0,2.0,1.0,3.0,0.0,0.0,1.0,1.0,3.0,9.0,2.0,0.0,5.0,0.0,0.0,2.0,4.0,1.0,1.0,1.0,1.0,0.0,0.0,4.0,2.0,1.0,3.0,0.0,1.0,1.0,1.0,0.0,0.0,0.0,1.0,1.0,2.0,1.0,1.0,1.0,14.0,2.0,0.0,5.0,2.0,2.0,4.0,3.0,2.0,3.0,2.0,2.0,1.0,2.0,1.0,0.0,3.0,2.0,0.0,3.0,4.0,0.0,2.0,0.0,2.0,7.0,2.0,1.0,1.0,0.0,0.0,17.0,4.0,1.0,0.0,0.0,2.0,1.0,2.0,3.0,4.0,1.0,1.0,6.0,1.0,0.0,1.0,0.0,1.0,0.0,2.0,5.0,1.0,0.0,1.0,2.0,1.0,2.0,1.0,3.0,0.0,3.0,6.0,1.0,1.0,2.0,1.0,1.0,1.0,1.0,0.0,0.0,2.0,3.0,3.0,2.0,1.0,3.0,0.0,0.0,0.0,3.0,2.0,2.0,5.0,2.0,5.0,3.0,3.0,0.0,4.0,1.0,0.0,10.0,2.0,1.0,2.0,2.0,1.0,0.0,0.0,2.0,3.0,2.0,3.0,6.0,2.0,3.0,2.0,1.0,4.0,4.0,0.0,0.0,0.0,1.0,0.0,1.0,0.0,3.0,4.0,1.0,1.0,2.0,17.0,0.0,1.0,3.0,0.0,2.0,0.0,0.0,3.0,6.0,5.0,5.0,1.0,0.0,1.0,4.0,0.0,0.0,1.0,0.0,1.0,1.0,0.0,3.0,1.0,3.0,2.0,1.0,4.0,1.0,0.0,17.0,5.0,4.0,0.0,2.0,1.0,3.0,3.0,6.0,2.0,4.0,5.0,0.0,0.0,4.0,3.0,0.0,1.0,3.0,2.0,2.0,2.0,3.0,5.0,2.0,1.0,2.0,1.0,6.0,2.0,2.0,15.0,2.0,0.0,2.0,2.0,1.0,1.0,7.0,1.0,0.0,2.0,0.0,1.0,0.0,1.0,0.0,2.0,3.0,1.0,1.0,1.0,3.0,4.0,0.0,0.0,0.0,2.0,2.0,5.0,4.0,3.0,17.0,1.0,5.0,3.0,3.0,1.0,1.0,2.0,2.0,5.0,0.0,2.0,2.0,2.0,0.0,2.0,2.0,3.0,1.0,3.0,0.0,0.0,0.0,1.0,1.0,0.0,1.0,2.0,2.0,1.0,0.0,12.0,1.0,1.0,0.0,0.0,2.0,2.0,2.0,3.0,1.0,1.0,2.0,2.0,3.0,2.0,1.0,1.0,3.0,1.0,1.0,4.0,0.0,3.0,0.0,0.0,1.0,4.0,1.0,1.0,7.0,3.0,21.0,1.0,1.0,1.0,3.0,3.0,2.0,1.0,1.0,1.0,0.0,3.0,1.0,4.0,0.0,1.0,2.0,1.0,2.0,2.0,5.0,4.0,4.0,0.0,0.0,3.0,1.0,1.0,4.0,2.0,0.0,14.0,1.0,3.0,1.0,3.0,0.0,4.0,0.0,2.0,2.0,0.0,0.0,1.0,0.0,3.0,2.0,1.0,0.0,0.0,1.0,0.0,1.0,0.0,0.0,2.0,1.0,1.0,1.0,0.0,3.0,1.0,8.0,2.0,1.0,4.0,1.0,0.0,0.0,0.0,0.0,0.0,0.0,1.0,1.0,0.0,2.0,1.0,3.0,6.0,0.0,4.0,1.0,0.0,1.0,1.0,3.0,4.0,2.0,0.0,1.0,3.0,1.0,5.0,0
60,1873.514094419592,70590.75684999998,1.831564991231015,381.6777141918539,0.24441935841935844,0.1819381072631073,2.19,-0.03330166606809804,16.0,1.0,2.0,2.0,0.0,4.0,4.0,5.0,3.0,0.0,2.0,3.0,3.0,2.0,1.0,4.0,1.0,2.0,1.0,3.0,1.0,2.0,1.0,1.0,2.0,2.0,2.0,6.0,2.0,3.0,3.0,13.0,1.0,0.0,2.0,1.0,1.0,2.0,2.0,2.0,5.0,2.0,2.0,4.0,1.0,1.0,4.0,2.0,4.0,1.0,2.0,2.0,1.0,3.0,2.0,1.0,6.0,3.0,0.0,2.0,2.0,0.0,14.0,1.0,0.0,0.0,0.0,0.0,1.0,1.0,1.0,1.0,4.0,3.0,2.0,2.0,1.0,3.0,2.0,2.0,1.0,0.0,3.0,0.0,2.0,0.0,1.0,2.0,1.0,2.0,2.0,3.0,0.0,10.0,1.0,0.0,1.0,0.0,2.0,3.0,0.0,0.0,1.0,2.0,2.0,2.0,1.0,2.0,0.0,2.0,1.0,3.0,0.0,1.0,2.0,1.0,0.0,1.0,0.0,1.0,3.0,1.0,0.0,1.0,7.0,0.0,3.0,0.0,1.0,0.0,0.0,0.0,3.0,0.0,0.0,1.0,1.0,0.0,0.0,0.0,1.0,1.0,0.0,0.0,2.0,2.0,0.0,1.0,0.0,0.0,6.0,1.0,0.0,0.0,2.0,10.0,2.0,2.0,0.0,3.0,0.0,1.0,2.0,1.0,1.0,0.0,2.0,4.0,1.0,1.0,2.0,1.0,0.0,2.0,2.0,2.0,1.0,1.0,0.0,0.0,5.0,1.0,0.0,2.0,0.0,0.0,0.0,3.0,0.0,0.0,1.0,0.0,2.0,1.0,0.0,1.0,0.0,1.0,1.0,0.0,0.0,0.0,1.0,1.0,0.0,1.0,2.0,0.0,1.0,1.0,3.0,0.0,1.0,1.0,1.0,1.0,1.0,7.0,1.0,1.0,0.0,1.0,3.0,0.0,2.0,2.0,3.0,0.0,1.0,0.0,1.0,1.0,1.0,2.0,2.0,3.0,3.0,2.0,1.0,0.0,0.0,1.0,2.0,0.0,2.0,2.0,0.0,1.0,13.0,2.0,3.0,3.0,2.0,1.0,1.0,1.0,0.0,0.0,1.0,1.0,0.0,0.0,3.0,0.0,3.0,1.0,3.0,0.0,2.0,1.0,2.0,0.0,0.0,1.0,1.0,1.0,1.0,0.0,0.0,1.0,1.0,0.0,2.0,1.0,0.0,2.0,0.0,1.0,1.0,0.0,1.0,0.0,3.0,0.0,2.0,0.0,2.0,2.0,0.0,1.0,0.0,8.0,2.0,0.0,2.0,2.0,1.0,0.0,0.0,0.0,11.0,2.0,1.0,1.0,0.0,0.0,0.0,1.0,1.0,0.0,1.0,0.0,1.0,2.0,2.0,0.0,4.0,3.0,1.0,3.0,4.0,2.0,2.0,1.0,2.0,0.0,0.0,2.0,2.0,1.0,1.0,6.0,2.0,0.0,1.0,0.0,1.0,0.0,0.0,1.0,1.0,0.0,0.0,0.0,0.0,1.0,1.0,1.0,0.0,1.0,2.0,1.0,2.0,4.0,1.0,3.0,4.0,5.0,4.0,0.0,1.0,1.0,19.0,2.0,1.0,0.0,1.0,5.0,2.0,4.0,4.0,2.0,1.0,1.0,2.0,2.0,2.0,3.0,0.0,2.0,1.0,3.0,2.0,1.0,0.0,3.0,0.0,1.0,1.0,1.0,1.0,1.0,1.0,8.0,3.0,0.0,1.0,2.0,2.0,3.0,2.0,1.0,1.0,3.0,3.0,0.0,2.0,2.0,3.0,0.0,2.0,2.0,1.0,1.0,0.0,1.0,2.0,1.0,1.0,0.0,1.0,0.0,3.0,2.0,6.0,0.0,1.0,2.0,2.0,1.0,2.0,3.0,2.0,1.0,0.0,1.0,0.0,1.0,3.0,2.0,1.0,1.0,2.0,1.0,1.0,0.0,1.0,1.0,1.0,0.0,3.0,0.0,2.0,1.0,0.0,9.0,1.0,1.0,1.0,1.0,4.0,2.0,0.0,1.0,4.0,0.0,0.0,2.0,1.0,1.0,1.0,5.0,0.0,0.0,1.0,1.0,0.0,1.0,2.0,0.0,0.0,1.0,1.0,0.0,1.0,1.0,2.0,1.0,0.0,1.0,2.0,0.0,0.0,1.0,3.0,3.0,1.0,0.0,0.0,0.0,1.0,2.0,2.0,3.0,0.0,2.0,0.0,0.0,1.0,2.0,3.0,0.0,4.0,1.0,2.0,1.0,0.0,5.0,1.0,0.0,1.0,1.0,1.0,3.0,3.0,2.0,1.0,1.0,1.0,0.0,4.0,4.0,1.0,1.0,0.0,0.0,0.0,2.0,1.0,0.0,1.0,0.0,1.0,4.0,1.0,1.0,1.0,1.0,5.0,0.0,1.0,0.0,0.0,1.0,0.0,2.0,0.0,1.0,1.0,4.0,6.0,1.0,3.0,2.0,0.0,1.0,0.0,0.0,0.0,1.0,1.0,1.0,2.0,2.0,0.0,0.0,0.0,1.0,0.0,2.0,0.0,1.0,0.0,1.0,2.0,0.0,0.0,2.0,1.0,0.0,1.0,4.0,1.0,2.0,0.0,1.0,1.0,3.0,0.0,2.0,1.0,2.0,3.0,2.0,4.0,3.0,1.0,0.0,2.0,0.0,4.0,1.0,1.0,1.0,1.0,1.0,1.0,1.0,0.0,2.0,0.0,3.0,2.0,1.0,1.0,3.0,0.0,0.0,0.0,1.0,0.0,0.0,2.0,2.0,3.0,2.0,0.0,0.0,1.0,1.0,2.0,11.0,1.0,3.0,1.0,0.0,0.0,1.0,0.0,0.0,4.0,1.0,1.0,0.0,1.0,0.0,0.0,1.0,0.0,0.0,0.0,0.0,2.0,1.0,1.0,2.0,0.0,0.0,0.0,0.0,0.0,1.0,7.0,3.0,3.0,1.0,2.0,2.0,2.0,4.0,1.0,1.0,0.0,1.0,0.0,3.0,1.0,1.0,0.0,1.0,2.0,0.0,2.0,2.0,1.0,2.0,1.0,2.0,0.0,0.0,5.0,0.0,4.0,8.0,1.0,0.0,1.0,3.0,0.0,0.0,3.0,5.0,3.0,2.0,1.0,4.0,2.0,3.0,5.0,0.0,0.0,0.0,2.0,3.0,2.0,2.0,0.0,1.0,1.0,1.0,0.0,0.0,1.0,1.0,7.0,1.0,2.0,2.0,2.0,0.0,1.0,0.0,2.0,1.0,1.0,1.0,0.0,0.0,2.0,0.0,3.0,0.0,1.0,0.0,1.0,2.0,3.0,2.0,1.0,0.0,4.0,1.0,1.0,1.0,2.0,2.0,0.0,0.0,0.0,0.0,0.0,6.0,2.0,2.0,0.0,1.0,0.0,2.0,0.0,0.0,1.0,5.0,4.0,3.0,1.0,0.0,0.0,2.0,0.0,2.0,1.0,2.0,1.0,0.0,1.0,0.0,6.0,0.0,2.0,0.0,4.0,2.0,3.0,0.0,0.0,3.0,0.0,1.0,5.0,0.0,2.0,2.0,3.0,0.0,3.0,0.0,1.0,1.0,1.0,1.0,1.0,2.0,2.0,1.0,2.0,1.0,1.0,5.0,1.0,2.0,2.0,1.0,0.0,2.0,1.0,0.0,0.0,1.0,1.0,2.0,1.0,1.0,1.0,1.0,2.0,0.0,0.0,1.0,2.0,1.0,1.0,1.0,0.0,1.0,0.0,0.0,1.0,2.0,2.0,0.0,1.0,2.0,1.0,1.0,0.0,2.0,0.0,0.0,0.0,2.0,3.0,0.0,1.0,2.0,1.0,2.0,1.0,1.0,4.0,1.0,0.0,2.0,2.0,0.0,0.0,2.0,0.0,0.0,1.0,11.0,0
62,1821.8232506491572,65398.12653061223,1.7396570024206872,335.76296431493,0.30948442147421745,0.2408671996937303,2.5,-0.1648164365178152,11.0,4.0,1.0,1.0,4.0,0.0,6.0,1.0,1.0,1.0,0.0,4.0,3.0,2.0,4.0,2.0,0.0,3.0,0.0,1.0,2.0,2.0,1.0,2.0,0.0,1.0,1.0,5.0,1.0,3.0,4.0,9.0,2.0,1.0,3.0,1.0,1.0,1.0,4.0,1.0,3.0,1.0,2.0,3.0,0.0,2.0,1.0,3.0,2.0,3.0,2.0,8.0,0.0,0.0,1.0,2.0,2.0,3.0,2.0,3.0,0.0,2.0,7.0,0.0,1.0,1.0,2.0,2.0,4.0,0.0,0.0,0.0,3.0,2.0,0.0,2.0,1.0,0.0,0.0,2.0,1.0,2.0,0.0,0.0,1.0,1.0,2.0,1.0,1.0,1.0,1.0,3.0,1.0,12.0,0.0,2.0,2.0,1.0,3.0,0.0,1.0,1.0,0.0,1.0,1.0,0.0,1.0,2.0,2.0,1.0,1.0,2.0,0.0,0.0,2.0,2.0,0.0,1.0,1.0,1.0,2.0,3.0,0.0,1.0,7.0,1.0,0.0,0.0,2.0,0.0,1.0,2.0,2.0,2.0,0.0,1.0,1.0,1.0,1.0,0.0,1.0,0.0,0.0,0.0,0.0,0.0,0.0,1.0,0.0,3.0,3.0,0.0,1.0,0.0,0.0,5.0,2.0,0.0,4.0,1.0,1.0,1.0,1.0,0.0,0.0,1.0,0.0,2.0,0.0,0.0,0.0,1.0,1.0,1.0,0.0,1.0,1.0,2.0,2.0,0.0,0.0,4.0,3.0,2.0,0.0,0.0,4.0,2.0,0.0,2.0,0.0,1.0,0.0,1.0,0.0,1.0,1.0,1.0,0.0,0.0,0.0,1.0,0.0,3.0,0.0,2.0,2.0,1.0,3.0,0.0,1.0,3.0,0.0,0.0,0.0,0.0,0.0,3.0,0.0,1.0,0.0,0.0,3.0,2.0,0.0,2.0,2.0,2.0,0.0,0.0,1.0,0.0,0.0,1.0,1.0,1.0,2.0,2.0,0.0,2.0,3.0,3.0,1.0,1.0,0.0,4.0,1.0,0.0,9.0,1.0,1.0,3.0,7.0,2.0,1.0,2.0,2.0,2.0,2.0,1.0,0.0,0.0,2.0,2.0,0.0,2.0,1.0,3.0,0.0,0.0,0.0,2.0,0.0,2.0,0.0,4.0,2.0,0.0,0.0,2.0,2.0,1.0,1.0,2.0,0.0,1.0,1.0,1.0,1.0,0.0,1.0,1.0,0.0,1.0,0.0,0.0,2.0,2.0,1.0,1.0,1.0,2.0,1.0,2.0,0.0,2.0,0.0,1.0,5.0,0.0,3.0,1.0,2.0,2.0,1.0,0.0,2.0,2.0,1.0,1.0,1.0,1.0,0.0,1.0,0.0,0.0,2.0,2.0,0.0,3.0,3.0,3.0,3.0,1.0,1.0,0.0,1.0,1.0,1.0,0.0,2.0,4.0,1.0,0.0,2.0,1.0,2.0,2.0,0.0,1.0,0.0,3.0,1.0,4.0,1.0,0.0,1.0,2.0,2.0,1.0,4.0,3.0,0.0,1.0,3.0,1.0,1.0,1.0,5.0,3.0,3.0,1.0,11.0,2.0,1.0,3.0,3.0,1.0,2.0,1.0,0.0,4.0,2.0,1.0,4.0,1.0,3.0,4.0,0.0,3.0,3.0,1.0,0.0,1.0,2.0,0.0,4.0,0.0,2.0,3.0,0.0,1.0,0.0,13.0,0.0,1.0,1.0,1.0,2.0,1.0,1.0,0.0,1.0,2.0,2.0,3.0,1.0,0.0,3.0,2.0,1.0,1.0,1.0,0.0,1.0,0.0,0.0,2.0,0.0,2.0,0.0,1.0,0.0,2.0,9.0,2.0,0.0,1.0,0.0,0.0,1.0,0.0,1.0,1.0,1.0,1.0,0.0,0.0,2.0,2.0,3.0,1.0,1.0,1.0,2.0,2.0,0.0,0.0,1.0,1.0,0.0,0.0,4.0,0.0,0.0,8.0,2.0,0.0,0.0,2.0,1.0,2.0,1.0,2.0,5.0,0.0,3.0,0.0,1.0,1.0,0.0,0.0,5.0,2.0,0.0,1.0,0.0,0.0,0.0,1.0,3.0,2.0,3.0,3.0,1.0,1.0,11.0,2.0,0.0,0.0,0.0,0.0,0.0,1.0,1.0,0.0,2.0,1.0,0.0,0.0,3.0,3.0,1.0,6.0,1.0,1.0,0.0,3.0,0.0,1.0,1.0,1.0,3.0,1.0,3.0,0.0,0.0,5.0,2.0,0.0,1.0,0.0,1.0,3.0,1.0,0.0,2.0,3.0,2.0,1.0,1.0,1.0,0.0,0.0,1.0,0.0,0.0,1.0,2.0,0.0,1.0,1.0,1.0,3.0,0.0,0.0,0.0,1.0,2.0,1.0,0.0,2.0,0.0,2.0,0.0,2.0,0.0,2.0,0.0,0.0,2.0,2.0,0.0,2.0,0.0,0.0,0.0,2.0,1.0,0.0,1.0,2.0,2.0,0.0,0.0,1.0,0.0,1.0,0.0,10.0,0.0,0.0,1.0,0.0,1.0,1.0,0.0,1.0,2.0,0.0,1.0,2.0,1.0,0.0,2.0,0.0,0.0,0.0,1.0,0.0,1.0,0.0,1.0,0.0,1.0,0.0,1.0,1.0,1.0,0.0,3.0,0.0,2.0,1.0,0.0,0.0,0.0,1.0,1.0,0.0,1.0,3.0,2.0,2.0,0.0,1.0,1.0,1.0,2.0,1.0,2.0,1.0,1.0,2.0,1.0,3.0,0.0,1.0,0.0,1.0,2.0,15.0,0.0,1.0,2.0,2.0,2.0,2.0,0.0,1.0,3.0,0.0,2.0,1.0,0.0,0.0,0.0,0.0,3.0,0.0,1.0,2.0,4.0,0.0,0.0,1.0,0.0,2.0,0.0,0.0,1.0,0.0,1.0,1.0,2.0,0.0,1.0,2.0,0.0,1.0,4.0,1.0,2.0,1.0,2.0,3.0,2.0,0.0,1.0,0.0,2.0,3.0,0.0,1.0,1.0,0.0,2.0,3.0,0.0,1.0,0.0,0.0,3.0,8.0,0.0,0.0,1.0,0.0,0.0,1.0,2.0,1.0,1.0,4.0,0.0,0.0,1.0,1.0,0.0,3.0,0.0,3.0,1.0,1.0,2.0,3.0,0.0,1.0,1.0,1.0,0.0,2.0,0.0,0.0,5.0,2.0,0.0,0.0,0.0,0.0,0.0,0.0,1.0,1.0,0.0,1.0,1.0,1.0,1.0,1.0,1.0,1.0,4.0,1.0,0.0,0.0,1.0,2.0,2.0,0.0,0.0,3.0,1.0,0.0,0.0,7.0,0.0,0.0,2.0,0.0,1.0,3.0,1.0,0.0,0.0,0.0,1.0,1.0,0.0,1.0,2.0,3.0,3.0,1.0,0.0,2.0,2.0,2.0,1.0,0.0,0.0,2.0,5.0,1.0,1.0,0.0,8.0,2.0,0.0,0.0,2.0,7.0,0.0,0.0,1.0,0.0,0.0,1.0,4.0,1.0,3.0,1.0,6.0,1.0,2.0,1.0,0.0,2.0,1.0,2.0,0.0,1.0,2.0,2.0,1.0,1.0,2.0,3.0,0.0,0.0,3.0,1.0,1.0,0.0,0.0,1.0,2.0,2.0,0.0,4.0,1.0,1.0,2.0,0.0,0.0,1.0,0.0,0.0,0.0,2.0,0.0,0.0,1.0,1.0,1.0,0.0,2.0,0.0,7.0,1.0,4.0,2.0,0.0,0.0,1.0,0.0,0.0,2.0,0.0,0.0,3.0,1.0,1.0,1.0,2.0,2.0,2.0,2.0,1.0,0.0,1.0,1.0,1.0,0.0,2.0,0.0,0.0,1.0,1.0,5.0,0
63,2556.5678057161404,103325.52530612245,1.939565308263715,313.34083227512565,0.22501155307277754,0.18105532977981958,2.7244897959183674,-0.16917419844729692,20.0,0.0,5.0,3.0,4.0,1.0,2.0,2.0,5.0,2.0,4.0,0.0,3.0,3.0,4.0,2.0,1.0,1.0,1.0,0.0,3.0,5.0,3.0,3.0,2.0,2.0,4.0,3.0,3.0,1.0,3.0,12.0,4.0,1.0,0.0,1.0,1.0,2.0,4.0,8.0,4.0,8.0,5.0,0.0,1.0,3.0,0.0,3.0,0.0,5.0,3.0,4.0,1.0,4.0,2.0,2.0,2.0,3.0,0.0,5.0,4.0,5.0,11.0,0.0,0.0,0.0,0.0,3.0,1.0,1.0,1.0,2.0,1.0,0.0,2.0,1.0,4.0,1.0,0.0,5.0,0.0,3.0,3.0,0.0,0.0,1.0,0.0,2.0,0.0,2.0,2.0,0.0,0.0,5.0,2.0,1.0,0.0,1.0,1.0,2.0,1.0,1.0,2.0,0.0,2.0,0.0,1.0,0.0,1.0,2.0,5.0,1.0,0.0,0.0,1.0,0.0,2.0,0.0,1.0,1.0,2.0,2.0,0.0,2.0,4.0,4.0,0.0,0.0,2.0,0.0,1.0,1.0,1.0,1.0,1.0,1.0,0.0,3.0,0.0,1.0,2.0,0.0,2.0,2.0,1.0,0.0,3.0,2.0,6.0,1.0,4.0,3.0,0.0,1.0,3.0,8.0,1.0,0.0,1.0,4.0,0.0,1.0,2.0,1.0,1.0,0.0,2.0,1.0,0.0,1.0,0.0,1.0,5.0,1.0,0.0,0.0,1.0,1.0,2.0,0.0,2.0,1.0,0.0,0.0,0.0,1.0,11.0,2.0,0.0,1.0,2.0,1.0,2.0,2.0,0.0,0.0,3.0,0.0,0.0,0.0,2.0,0.0,1.0,2.0,1.0,2.0,3.0,2.0,0.0,1.0,1.0,4.0,1.0,2.0,3.0,0.0,0.0,12.0,0.0,1.0,2.0,1.0,4.0,1.0,2.0,3.0,2.0,0.0,0.0,0.0,1.0,1.0,0.0,2.0,1.0,0.0,3.0,2.0,1.0,3.0,3.0,3.0,2.0,1.0,3.0,1.0,0.0,1.0,4.0,3.0,1.0,0.0,0.0,1.0,0.0,1.0,0.0,0.0,1.0,0.0,2.0,2.0,1.0,2.0,3.0,2.0,1.0,1.0,1.0,0.0,3.0,5.0,1.0,3.0,4.0,1.0,2.0,2.0,2.0,8.0,0.0,3.0,1.0,0.0,3.0,1.0,0.0,0.0,0.0,2.0,2.0,3.0,1.0,2.0,0.0,2.0,2.0,2.0,1.0,1.0,3.0,7.0,0.0,0.0,2.0,0.0,0.0,1.0,1.0,1.0,0.0,1.0,1.0,1.0,1.0,1.0,0.0,1.0,0.0,0.0,0.0,1.0,1.0,0.0,1.0,1.0,1.0,1.0,2.0,2.0,1.0,8.0,0.0,0.0,0.0,0.0,1.0,0.0,0.0,0.0,1.0,8.0,1.0,1.0,1.0,0.0,0.0,2.0,1.0,4.0,3.0,4.0,1.0,2.0,5.0,1.0,0.0,1.0,0.0,2.0,5.0,5.0,4.0,1.0,1.0,1.0,3.0,2.0,3.0,1.0,0.0,1.0,6.0,1.0,1.0,1.0,3.0,1.0,2.0,3.0,0.0,0.0,2.0,2.0,1.0,2.0,0.0,5.0,1.0,1.0,3.0,1.0,0.0,0.0,1.0,1.0,1.0,0.0,1.0,0.0,0.0,3.0,1.0,3.0,0.0,0.0,0.0,1.0,1.0,1.0,1.0,0.0,0.0,1.0,1.0,1.0,2.0,1.0,1.0,0.0,2.0,2.0,2.0,2.0,3.0,4.0,2.0,0.0,1.0,4.0,0.0,1.0,3.0,0.0,10.0,1.0,3.0,0.0,1.0,3.0,3.0,0.0,1.0,3.0,3.0,0.0,0.0,4.0,2.0,2.0,1.0,0.0,2.0,1.0,0.0,2.0,0.0,3.0,2.0,0.0,1.0,3.0,1.0,2.0,2.0,2.0,1.0,0.0,2.0,0.0,1.0,2.0,0.0,2.0,1.0,1.0,1.0,0.0,0.0,4.0,1.0,3.0,3.0,0.0,1.0,1.0,2.0,0.0,1.0,1.0,1.0,0.0,5.0,0.0,1.0,3.0,7.0,0.0,2.0,1.0,2.0,0.0,1.0,1.0,2.0,0.0,3.0,2.0,2.0,2.0,1.0,3.0,1.0,0.0,1.0,0.0,1.0,0.0,1.0,0.0,1.0,2.0,1.0,2.0,0.0,1.0,1.0,3.0,1.0,2.0,0.0,1.0,0.0,0.0,1.0,1.0,0.0,0.0,1.0,0.0,2.0,2.0,1.0,1.0,0.0,2.0,3.0,1.0,0.0,0.0,1.0,0.0,1.0,0.0,3.0,0.0,1.0,0.0,4.0,1.0,1.0,0.0,3.0,0.0,2.0,0.0,0.0,1.0,4.0,1.0,1.0,4.0,2.0,1.0,0.0,1.0,2.0,2.0,0.0,6.0,2.0,0.0,3.0,0.0,1.0,1.0,0.0,1.0,2.0,4.0,2.0,1.0,0.0,1.0,2.0,2.0,4.0,2.0,1.0,1.0,2.0,1.0,0.0,2.0,4.0,2.0,1.0,3.0,1.0,1.0,1.0,0.0,1.0,2.0,5.0,1.0,1.0,0.0,1.0,1.0,8.0,1.0,1.0,2.0,6.0,1.0,2.0,2.0,0.0,2.0,1.0,2.0,1.0,0.0,2.0,1.0,0.0,2.0,1.0,1.0,2.0,1.0,2.0,0.0,2.0,2.0,4.0,2.0,1.0,0.0,1.0,9.0,0.0,3.0,0.0,1.0,1.0,3.0,1.0,1.0,2.0,1.0,1.0,2.0,2.0,1.0,1.0,2.0,0.0,2.0,0.0,2.0,1.0,1.0,2.0,3.0,1.0,0.0,2.0,2.0,0.0,2.0,7.0,1.0,0.0,1.0,1.0,0.0,2.0,2.0,5.0,3.0,1.0,2.0,1.0,1.0,3.0,1.0,1.0,3.0,1.0,2.0,1.0,1.0,4.0,0.0,4.0,1.0,1.0,3.0,1.0,2.0,1.0,11.0,2.0,0.0,2.0,1.0,1.0,0.0,3.0,4.0,0.0,0.0,0.0,3.0,0.0,1.0,2.0,2.0,1.0,6.0,2.0,2.0,2.0,4.0,0.0,1.0,2.0,1.0,3.0,0.0,0.0,2.0,15.0,0.0,0.0,0.0,2.0,0.0,4.0,2.0,3.0,0.0,0.0,0.0,1.0,1.0,0.0,0.0,0.0,0.0,0.0,0.0,2.0,0.0,0.0,1.0,2.0,0.0,1.0,2.0,0.0,4.0,0.0,5.0,0.0,0.0,0.0,1.0,2.0,0.0,3.0,2.0,1.0,0.0,1.0,2.0,0.0,4.0,1.0,0.0,0.0,0.0,1.0,1.0,2.0,1.0,2.0,3.0,1.0,1.0,2.0,2.0,1.0,0.0,9.0,0.0,3.0,4.0,3.0,3.0,2.0,1.0,1.0,2.0,2.0,3.0,0.0,0.0,1.0,0.0,2.0,0.0,2.0,1.0,5.0,2.0,3.0,1.0,5.0,0.0,3.0,0.0,2.0,0.0,1.0,10.0,1.0,1.0,2.0,2.0,0.0,0.0,0.0,4.0,1.0,0.0,3.0,1.0,1.0,0.0,4.0,1.0,4.0,0.0,0.0,0.0,1.0,2.0,0.0,1.0,1.0,1.0,1.0,1.0,0.0,5.0,5.0,3.0,4.0,3.0,3.0,2.0,2.0,1.0,0.0,4.0,2.0,0.0,0.0,0.0,2.0,0.0,2.0,3.0,1.0,1.0,1.0,1.0,2.0,0.0,3.0,4.0,1.0,0.0,1.0,1.0,0.0,5.0,0
64,3048.4612781380642,221013.12302083336,2.1406294504795165,233.44150980660996,0.17448230299792797,0.10324496876580214,4.15625,0.008287173658748747,9.0,3.0,3.0,1.0,1.0,1.0,1.0,0.0,2.0,2.0,1.0,1.0,1.0,3.0,1.0,0.0,1.0,2.0,1.0,0.0,3.0,2.0,2.0,2.0,1.0,0.0,1.0,3.0,1.0,2.0,0.0,8.0,1.0,2.0,3.0,2.0,3.0,1.0,3.0,1.0,1.0,4.0,2.0,4.0,0.0,1.0,1.0,4.0,2.0,1.0,2.0,2.0,0.0,2.0,5.0,0.0,0.0,2.0,0.0,1.0,4.0,1.0,15.0,0.0,1.0,4.0,1.0,0.0,1.0,0.0,0.0,1.0,2.0,4.0,0.0,3.0,0.0,1.0,1.0,1.0,0.0,2.0,3.0,2.0,2.0,3.0,1.0,1.0,1.0,0.0,1.0,1.0,1.0,10.0,0.0,3.0,1.0,2.0,2.0,1.0,1.0,0.0,2.0,1.0,1.0,1.0,1.0,1.0,0.0,2.0,1.0,1.0,1.0,5.0,4.0,1.0,1.0,0.0,2.0,1.0,3.0,4.0,1.0,0.0,5.0,1.0,2.0,1.0,0.0,1.0,0.0,0.0,3.0,0.0,0.0,1.0,0.0,0.0,1.0,3.0,0.0,1.0,0.0,0.0,1.0,1.0,2.0,6.0,1.0,1.0,2.0,3.0,1.0,0.0,1.0,17.0,2.0,3.0,0.0,1.0,1.0,1.0,5.0,0.0,2.0,3.0,2.0,1.0,1.0,3.0,4.0,3.0,0.0,4.0,0.0,2.0,1.0,1.0,0.0,0.0,0.0,2.0,1.0,2.0,0.0,1.0,6.0,2.0,1.0,0.0,0.0,2.0,3.0,1.0,1.0,1.0,0.0,0.0,1.0,0.0,2.0,1.0,3.0,1.0,3.0,0.0,3.0,2.0,0.0,1.0,2.0,3.0,0.0,1.0,0.0,1.0,1.0,7.0,1.0,1.0,2.0,1.0,4.0,3.0,0.0,0.0,0.0,1.0,1.0,0.0,2.0,0.0,0.0,0.0,4.0,3.0,2.0,1.0,2.0,0.0,1.0,1.0,1.0,0.0,0.0,1.0,0.0,1.0,7.0,1.0,1.0,0.0,2.0,3.0,2.0,1.0,2.0,0.0,1.0,2.0,1.0,1.0,3.0,2.0,4.0,2.0,1.0,4.0,2.0,2.0,1.0,1.0,1.0,0.0,1.0,1.0,1.0,1.0,1.0,12.0,0.0,1.0,2.0,1.0,1.0,0.0,1.0,1.0,0.0,2.0,3.0,2.0,2.0,1.0,2.0,0.0,2.0,2.0,0.0,0.0,0.0,1.0,2.0,1.0,0.0,0.0,0.0,1.0,1.0,1.0,6.0,0.0,2.0,0.0,4.0,0.0,0.0,3.0,1.0,0.0,1.0,1.0,0.0,3.0,0.0,2.0,0.0,0.0,1.0,1.0,0.0,2.0,3.0,3.0,1.0,2.0,1.0,4.0,1.0,0.0,0.0,9.0,2.0,0.0,0.0,1.0,2.0,1.0,0.0,1.0,0.0,1.0,1.0,2.0,2.0,3.0,1.0,3.0,1.0,2.0,2.0,2.0,1.0,1.0,2.0,2.0,2.0,1.0,3.0,3.0,2.0,1.0,14.0,2.0,2.0,3.0,1.0,1.0,2.0,2.0,0.0,2.0,4.0,0.0,1.0,4.0,0.0,2.0,5.0,3.0,3.0,2.0,2.0,4.0,1.0,0.0,1.0,0.0,1.0,0.0,0.0,5.0,1.0,12.0,1.0,2.0,4.0,1.0,0.0,0.0,2.0,1.0,0.0,1.0,3.0,3.0,2.0,0.0,0.0,1.0,1.0,0.0,1.0,2.0,0.0,1.0,1.0,0.0,2.0,1.0,1.0,1.0,1.0,0.0,11.0,0.0,0.0,1.0,2.0,0.0,1.0,0.0,0.0,2.0,2.0,2.0,1.0,5.0,0.0,4.0,3.0,4.0,2.0,3.0,1.0,3.0,0.0,1.0,1.0,1.0,1.0,1.0,1.0,1.0,1.0,10.0,0.0,2.0,3.0,2.0,0.0,0.0,0.0,3.0,3.0,0.0,1.0,1.0,0.0,2.0,2.0,0.0,0.0,3.0,2.0,2.0,0.0,0.0,0.0,1.0,0.0,4.0,1.0,0.0,0.0,3.0,11.0,0.0,4.0,0.0,0.0,0.0,1.0,0.0,1.0,0.0,2.0,2.0,0.0,3.0,1.0,0.0,1.0,2.0,1.0,1.0,1.0,2.0,2.0,1.0,0.0,2.0,5.0,1.0,0.0,3.0,0.0,14.0,3.0,0.0,3.0,0.0,0.0,0.0,3.0,3.0,0.0,5.0,0.0,2.0,0.0,0.0,2.0,0.0,2.0,1.0,2.0,1.0,2.0,0.0,1.0,2.0,1.0,0.0,2.0,3.0,0.0,1.0,15.0,1.0,2.0,3.0,2.0,1.0,2.0,1.0,2.0,3.0,1.0,0.0,1.0,0.0,0.0,0.0,1.0,2.0,0.0,1.0,1.0,2.0,1.0,0.0,2.0,0.0,1.0,0.0,4.0,0.0,0.0,9.0,2.0,0.0,2.0,0.0,1.0,0.0,0.0,3.0,1.0,3.0,2.0,2.0,0.0,0.0,1.0,2.0,2.0,3.0,1.0,3.0,0.0,1.0,0.0,0.0,1.0,1.0,1.0,5.0,2.0,0.0,14.0,1.0,1.0,1.0,3.0,1.0,2.0,1.0,2.0,1.0,0.0,4.0,3.0,1.0,2.0,0.0,1.0,1.0,0.0,2.0,2.0,1.0,1.0,3.0,1.0,0.0,1.0,0.0,0.0,1.0,1.0,4.0,0.0,2.0,2.0,1.0,4.0,1.0,3.0,2.0,2.0,1.0,0.0,0.0,0.0,2.0,2.0,1.0,1.0,1.0,1.0,2.0,0.0,1.0,1.0,2.0,1.0,2.0,0.0,0.0,0.0,2.0,11.0,2.0,2.0,0.0,2.0,1.0,1.0,3.0,1.0,2.0,2.0,5.0,0.0,1.0,2.0,2.0,3.0,2.0,1.0,2.0,2.0,3.0,1.0,0.0,2.0,1.0,0.0,2.0,0.0,3.0,3.0,8.0,0.0,1.0,2.0,3.0,1.0,1.0,1.0,2.0,3.0,3.0,4.0,2.0,1.0,1.0,5.0,0.0,4.0,0.0,1.0,1.0,2.0,2.0,1.0,2.0,4.0,2.0,2.0,3.0,0.0,2.0,14.0,0.0,5.0,1.0,4.0,3.0,1.0,4.0,1.0,0.0,1.0,4.0,2.0,0.0,0.0,1.0,0.0,3.0,2.0,2.0,0.0,1.0,1.0,2.0,2.0,0.0,1.0,1.0,1.0,3.0,1.0,13.0,1.0,0.0,2.0,3.0,1.0,0.0,2.0,1.0,4.0,1.0,0.0,1.0,1.0,3.0,0.0,1.0,0.0,2.0,2.0,1.0,2.0,3.0,1.0,0.0,1.0,0.0,2.0,3.0,3.0,0.0,5.0,6.0,1.0,1.0,4.0,1.0,1.0,0.0,1.0,4.0,2.0,2.0,3.0,1.0,2.0,1.0,6.0,3.0,3.0,3.0,1.0,2.0,2.0,2.0,1.0,1.0,1.0,3.0,3.0,2.0,4.0,12.0,2.0,1.0,3.0,2.0,1.0,2.0,1.0,1.0,0.0,1.0,1.0,0.0,0.0,1.0,1.0,0.0,1.0,2.0,1.0,2.0,1.0,0.0,4.0,5.0,0.0,0.0,1.0,3.0,0.0,1.0,14.0,0.0,0.0,2.0,3.0,2.0,2.0,1.0,2.0,2.0,2.0,0.0,3.0,1.0,1.0,2.0,1.0,4.0,1.0,1.0,2.0,1.0,1.0,1.0,1.0,1.0,2.0,2.0,0.0,2.0,1.0,7.0,0
65,2795.2813103581957,139467.82975,2.0591834449897886,404.04590590057865,0.176793956043956,0.13898036315536316,3.78,-0.10773142758426943,6.0,4.0,2.0,2.0,2.0,0.0,3.0,2.0,4.0,2.0,1.0,4.0,1.0,1.0,1.0,3.0,3.0,1.0,2.0,3.0,2.0,1.0,2.0,3.0,1.0,1.0,3.0,3.0,2.0,0.0,3.0,7.0,3.0,3.0,0.0,2.0,2.0,3.0,3.0,2.0,3.0,1.0,4.0,2.0,0.0,0.0,0.0,3.0,5.0,2.0,2.0,3.0,3.0,0.0,6.0,0.0,4.0,2.0,0.0,1.0,1.0,1.0,3.0,2.0,3.0,1.0,2.0,1.0,1.0,1.0,1.0,2.0,0.0,2.0,3.0,2.0,1.0,0.0,0.0,1.0,0.0,0.0,0.0,0.0,2.0,1.0,0.0,1.0,0.0,2.0,5.0,3.0,1.0,4.0,1.0,1.0,0.0,0.0,3.0,1.0,0.0,1.0,1.0,0.0,5.0,1.0,1.0,1.0,2.0,0.0,2.0,1.0,4.0,1.0,2.0,0.0,2.0,1.0,2.0,0.0,0.0,3.0,0.0,1.0,1.0,0.0,1.0,0.0,2.0,1.0,2.0,1.0,4.0,1.0,1.0,0.0,1.0,0.0,2.0,0.0,0.0,3.0,1.0,0.0,0.0,1.0,0.0,1.0,0.0,0.0,0.0,2.0,1.0,0.0,0.0,1.0,0.0,0.0,2.0,2.0,1.0,1.0,2.0,0.0,1.0,0.0,1.0,1.0,1.0,2.0,1.0,2.0,0.0,0.0,1.0,1.0,1.0,2.0,4.0,3.0,3.0,1.0,2.0,1.0,0.0,1.0,3.0,2.0,0.0,3.0,1.0,1.0,2.0,1.0,0.0,1.0,0.0,1.0,1.0,1.0,0.0,0.0,2.0,1.0,0.0,2.0,1.0,0.0,0.0,1.0,1.0,2.0,1.0,1.0,0.0,0.0,0.0,5.0,2.0,1.0,0.0,0.0,5.0,0.0,1.0,1.0,1.0,1.0,0.0,1.0,3.0,0.0,2.0,1.0,2.0,1.0,1.0,1.0,2.0,1.0,7.0,2.0,1.0,2.0,0.0,0.0,1.0,1.0,4.0,2.0,0.0,1.0,0.0,2.0,2.0,0.0,1.0,1.0,0.0,2.0,0.0,2.0,0.0,1.0,2.0,0.0,3.0,3.0,1.0,3.0,2.0,3.0,0.0,1.0,3.0,1.0,1.0,1.0,2.0,3.0,0.0,1.0,2.0,2.0,0.0,3.0,1.0,0.0,2.0,1.0,0.0,3.0,2.0,1.0,1.0,1.0,2.0,1.0,0.0,2.0,1.0,3.0,0.0,0.0,1.0,0.0,2.0,0.0,0.0,3.0,3.0,1.0,3.0,1.0,2.0,0.0,0.0,0.0,1.0,0.0,0.0,1.0,2.0,3.0,1.0,0.0,0.0,1.0,0.0,1.0,2.0,1.0,0.0,0.0,1.0,0.0,0.0,2.0,0.0,0.0,0.0,1.0,4.0,0.0,3.0,1.0,1.0,0.0,1.0,0.0,0.0,4.0,0.0,1.0,6.0,1.0,0.0,2.0,0.0,1.0,1.0,2.0,3.0,6.0,4.0,1.0,1.0,2.0,2.0,1.0,1.0,3.0,9.0,1.0,4.0,1.0,2.0,3.0,3.0,3.0,3.0,2.0,2.0,1.0,4.0,1.0,2.0,2.0,2.0,3.0,2.0,3.0,1.0,2.0,0.0,2.0,1.0,1.0,1.0,1.0,1.0,0.0,2.0,2.0,0.0,0.0,1.0,1.0,3.0,1.0,1.0,1.0,0.0,0.0,3.0,1.0,0.0,2.0,2.0,1.0,2.0,2.0,0.0,4.0,0.0,0.0,0.0,1.0,1.0,2.0,1.0,2.0,3.0,1.0,7.0,2.0,0.0,1.0,1.0,4.0,3.0,1.0,1.0,0.0,1.0,1.0,1.0,1.0,1.0,0.0,0.0,3.0,0.0,2.0,0.0,0.0,1.0,2.0,2.0,0.0,0.0,0.0,1.0,1.0,2.0,1.0,1.0,0.0,2.0,1.0,1.0,1.0,1.0,1.0,2.0,1.0,0.0,0.0,2.0,1.0,0.0,3.0,2.0,0.0,0.0,1.0,2.0,0.0,0.0,1.0,1.0,0.0,2.0,0.0,0.0,1.0,3.0,1.0,1.0,2.0,0.0,0.0,1.0,1.0,0.0,2.0,1.0,0.0,1.0,1.0,2.0,1.0,0.0,0.0,1.0,0.0,1.0,1.0,1.0,1.0,0.0,2.0,0.0,1.0,1.0,0.0,0.0,4.0,1.0,0.0,1.0,4.0,0.0,1.0,1.0,1.0,0.0,1.0,2.0,2.0,2.0,3.0,0.0,1.0,0.0,3.0,1.0,2.0,1.0,1.0,1.0,0.0,5.0,0.0,2.0,2.0,0.0,1.0,1.0,0.0,6.0,0.0,2.0,2.0,1.0,0.0,0.0,2.0,1.0,1.0,2.0,3.0,2.0,0.0,1.0,1.0,2.0,0.0,2.0,0.0,2.0,0.0,2.0,0.0,1.0,0.0,0.0,0.0,1.0,2.0,1.0,1.0,3.0,3.0,3.0,2.0,0.0,2.0,0.0,1.0,4.0,2.0,0.0,0.0,1.0,2.0,2.0,0.0,0.0,1.0,3.0,0.0,2.0,2.0,0.0,3.0,0.0,1.0,3.0,2.0,2.0,2.0,1.0,3.0,0.0,2.0,2.0,0.0,0.0,1.0,3.0,1.0,1.0,3.0,0.0,3.0,0.0,1.0,0.0,4.0,0.0,3.0,5.0,2.0,1.0,1.0,2.0,1.0,0.0,0.0,3.0,5.0,1.0,4.0,0.0,1.0,1.0,0.0,1.0,1.0,3.0,3.0,2.0,1.0,0.0,3.0,1.0,2.0,1.0,0.0,0.0,1.0,2.0,0.0,1.0,0.0,0.0,3.0,1.0,1.0,0.0,1.0,4.0,1.0,1.0,3.0,3.0,0.0,0.0,2.0,5.0,1.0,1.0,2.0,1.0,0.0,3.0,1.0,0.0,2.0,0.0,0.0,2.0,2.0,0.0,2.0,1.0,0.0,1.0,0.0,3.0,3.0,1.0,5.0,0.0,2.0,3.0,0.0,1.0,1.0,3.0,3.0,0.0,1.0,0.0,1.0,1.0,1.0,3.0,1.0,3.0,2.0,2.0,0.0,2.0,1.0,0.0,0.0,1.0,2.0,2.0,2.0,1.0,4.0,8.0,1.0,3.0,3.0,0.0,1.0,3.0,2.0,0.0,1.0,1.0,2.0,0.0,1.0,1.0,0.0,1.0,1.0,0.0,3.0,1.0,1.0,1.0,1.0,1.0,1.0,3.0,1.0,1.0,0.0,1.0,3.0,1.0,1.0,1.0,0.0,0.0,2.0,2.0,1.0,2.0,2.0,1.0,1.0,1.0,2.0,3.0,1.0,1.0,1.0,0.0,0.0,2.0,2.0,0.0,2.0,1.0,0.0,1.0,0.0,2.0,0.0,2.0,0.0,2.0,3.0,0.0,2.0,1.0,0.0,0.0,2.0,0.0,3.0,2.0,3.0,0.0,0.0,3.0,2.0,2.0,0.0,2.0,1.0,2.0,1.0,0.0,0.0,0.0,1.0,0.0,1.0,1.0,4.0,3.0,2.0,0.0,1.0,2.0,1.0,1.0,2.0,0.0,1.0,1.0,1.0,0.0,1.0,3.0,2.0,0.0,2.0,1.0,0.0,2.0,1.0,0.0,2.0,1.0,2.0,0.0,0.0,0.0,1.0,2.0,3.0,2.0,0.0,3.0,4.0,3.0,1.0,0.0,0.0,2.0,0.0,1.0,1.0,3.0,4.0,1.0,0.0,0.0,2.0,0.0,1.0,0.0,2.0,1.0,2.0,1.0,3.0,0.0,1.0,1.0,1.0,0
66,1834.1432552632778,102455.98434343432,1.8923103396307699,295.34788661604733,0.24122900107748613,0.14334617215930348,4.161616161616162,-0.031982470424989626,22.0,2.0,1.0,2.0,3.0,1.0,4.0,1.0,1.0,1.0,1.0,3.0,1.0,2.0,4.0,3.0,0.0,1.0,3.0,4.0,3.0,2.0,1.0,4.0,0.0,2.0,1.0,4.0,3.0,3.0,2.0,17.0,3.0,2.0,3.0,1.0,1.0,2.0,1.0,3.0,1.0,2.0,0.0,4.0,2.0,0.0,1.0,3.0,2.0,1.0,2.0,2.0,1.0,2.0,2.0,1.0,1.0,2.0,5.0,1.0,1.0,4.0,4.0,0.0,0.0,1.0,0.0,3.0,0.0,0.0,0.0,3.0,2.0,0.0,0.0,1.0,2.0,1.0,0.0,3.0,2.0,1.0,1.0,0.0,2.0,1.0,0.0,3.0,0.0,1.0,1.0,2.0,1.0,8.0,1.0,0.0,3.0,0.0,0.0,3.0,0.0,1.0,1.0,1.0,1.0,1.0,0.0,1.0,1.0,3.0,0.0,2.0,1.0,0.0,2.0,0.0,2.0,0.0,4.0,0.0,3.0,1.0,3.0,0.0,17.0,0.0,1.0,0.0,2.0,1.0,2.0,4.0,2.0,1.0,1.0,1.0,3.0,0.0,1.0,2.0,1.0,2.0,0.0,2.0,1.0,0.0,0.0,1.0,0.0,1.0,2.0,1.0,0.0,0.0,1.0,9.0,0.0,0.0,0.0,0.0,1.0,1.0,4.0,0.0,3.0,0.0,0.0,0.0,0.0,0.0,1.0,0.0,1.0,2.0,2.0,2.0,1.0,1.0,1.0,0.0,3.0,4.0,0.0,0.0,1.0,1.0,10.0,0.0,1.0,0.0,0.0,1.0,3.0,1.0,0.0,2.0,0.0,0.0,0.0,2.0,1.0,2.0,2.0,1.0,1.0,0.0,2.0,0.0,0.0,2.0,1.0,3.0,3.0,0.0,1.0,0.0,0.0,9.0,1.0,1.0,1.0,0.0,2.0,2.0,0.0,0.0,0.0,2.0,0.0,2.0,1.0,0.0,1.0,1.0,1.0,1.0,1.0,0.0,0.0,0.0,3.0,0.0,1.0,2.0,1.0,2.0,1.0,2.0,21.0,0.0,1.0,2.0,2.0,1.0,0.0,2.0,2.0,1.0,0.0,1.0,0.0,1.0,1.0,3.0,1.0,0.0,0.0,1.0,1.0,0.0,0.0,1.0,1.0,1.0,0.0,1.0,2.0,0.0,0.0,5.0,0.0,2.0,1.0,0.0,1.0,0.0,0.0,1.0,1.0,2.0,1.0,4.0,0.0,1.0,0.0,1.0,1.0,2.0,2.0,0.0,0.0,2.0,0.0,0.0,1.0,1.0,0.0,1.0,2.0,0.0,8.0,2.0,1.0,2.0,3.0,1.0,0.0,1.0,2.0,2.0,2.0,1.0,1.0,1.0,1.0,1.0,0.0,1.0,1.0,4.0,3.0,3.0,0.0,2.0,2.0,1.0,1.0,0.0,3.0,1.0,1.0,11.0,0.0,2.0,0.0,0.0,3.0,1.0,1.0,2.0,0.0,0.0,1.0,4.0,2.0,2.0,0.0,1.0,1.0,2.0,1.0,1.0,3.0,2.0,2.0,4.0,1.0,2.0,2.0,5.0,2.0,1.0,6.0,0.0,2.0,2.0,0.0,1.0,4.0,2.0,1.0,0.0,4.0,2.0,1.0,2.0,1.0,3.0,3.0,1.0,4.0,5.0,0.0,4.0,0.0,0.0,1.0,1.0,0.0,0.0,1.0,2.0,4.0,3.0,0.0,0.0,1.0,0.0,0.0,0.0,0.0,0.0,0.0,2.0,0.0,3.0,2.0,0.0,1.0,1.0,4.0,0.0,0.0,0.0,1.0,0.0,1.0,0.0,1.0,0.0,0.0,2.0,3.0,1.0,8.0,2.0,1.0,1.0,1.0,2.0,1.0,1.0,2.0,3.0,1.0,0.0,0.0,0.0,2.0,1.0,3.0,1.0,0.0,1.0,1.0,0.0,0.0,1.0,4.0,1.0,3.0,1.0,2.0,2.0,0.0,2.0,1.0,0.0,3.0,0.0,2.0,0.0,1.0,1.0,1.0,0.0,1.0,2.0,0.0,0.0,1.0,3.0,2.0,0.0,1.0,0.0,3.0,0.0,0.0,0.0,3.0,0.0,1.0,2.0,1.0,1.0,3.0,1.0,1.0,0.0,1.0,0.0,1.0,2.0,0.0,0.0,0.0,3.0,1.0,0.0,4.0,3.0,2.0,0.0,0.0,0.0,1.0,1.0,1.0,0.0,0.0,0.0,1.0,0.0,0.0,2.0,0.0,7.0,0.0,0.0,1.0,2.0,0.0,1.0,1.0,1.0,0.0,2.0,2.0,0.0,1.0,0.0,0.0,2.0,1.0,1.0,1.0,2.0,0.0,1.0,1.0,1.0,3.0,0.0,0.0,1.0,2.0,0.0,10.0,1.0,0.0,1.0,0.0,0.0,3.0,2.0,1.0,0.0,4.0,2.0,3.0,0.0,4.0,2.0,3.0,0.0,0.0,1.0,0.0,1.0,2.0,3.0,2.0,2.0,1.0,0.0,0.0,1.0,0.0,5.0,0.0,3.0,1.0,3.0,1.0,2.0,1.0,1.0,1.0,0.0,2.0,2.0,1.0,2.0,1.0,1.0,1.0,1.0,1.0,1.0,2.0,0.0,1.0,1.0,2.0,1.0,2.0,0.0,1.0,0.0,8.0,0.0,3.0,0.0,2.0,1.0,0.0,0.0,2.0,0.0,2.0,2.0,1.0,1.0,0.0,1.0,0.0,0.0,2.0,1.0,1.0,1.0,2.0,2.0,0.0,0.0,0.0,1.0,1.0,3.0,1.0,5.0,1.0,2.0,1.0,1.0,1.0,1.0,1.0,1.0,1.0,3.0,0.0,1.0,3.0,2.0,1.0,0.0,1.0,1.0,0.0,0.0,2.0,0.0,1.0,1.0,0.0,2.0,1.0,0.0,0.0,1.0,11.0,3.0,0.0,3.0,1.0,2.0,0.0,1.0,3.0,2.0,1.0,1.0,4.0,1.0,2.0,2.0,1.0,2.0,3.0,1.0,3.0,1.0,2.0,1.0,2.0,1.0,2.0,3.0,1.0,0.0,2.0,12.0,0.0,0.0,0.0,2.0,1.0,3.0,0.0,3.0,2.0,0.0,1.0,1.0,0.0,0.0,1.0,1.0,2.0,1.0,2.0,1.0,4.0,2.0,1.0,1.0,0.0,2.0,1.0,0.0,1.0,1.0,20.0,0.0,0.0,2.0,0.0,0.0,2.0,2.0,0.0,2.0,0.0,2.0,0.0,2.0,1.0,0.0,0.0,1.0,2.0,1.0,1.0,0.0,3.0,1.0,2.0,0.0,1.0,1.0,1.0,1.0,1.0,5.0,0.0,0.0,0.0,0.0,1.0,0.0,1.0,1.0,0.0,1.0,1.0,1.0,1.0,0.0,2.0,2.0,1.0,0.0,0.0,1.0,1.0,1.0,0.0,0.0,1.0,0.0,1.0,1.0,1.0,0.0,11.0,0.0,0.0,1.0,4.0,2.0,0.0,0.0,0.0,0.0,0.0,0.0,3.0,1.0,2.0,1.0,3.0,0.0,1.0,6.0,1.0,1.0,4.0,1.0,2.0,0.0,0.0,4.0,0.0,0.0,0.0,21.0,0.0,0.0,3.0,0.0,1.0,3.0,2.0,1.0,2.0,1.0,2.0,1.0,1.0,1.0,3.0,2.0,1.0,0.0,1.0,1.0,0.0,0.0,3.0,2.0,1.0,0.0,1.0,0.0,3.0,0.0,11.0,1.0,3.0,1.0,1.0,0.0,2.0,0.0,2.0,1.0,0.0,0.0,1.0,0.0,1.0,1.0,1.0,1.0,1.0,0.0,0.0,0.0,1.0,3.0,1.0,0.0,1.0,1.0,0.0,2.0,1.0,12.0,0
68,2466.3843017678214,98129.58144999994,2.134930913111192,245.74337163911082,0.18822918747918738,0.17850402837902835,2.81,-0.05420734396050248,14.0,1.0,5.0,6.0,2.0,5.0,3.0,1.0,4.0,2.0,2.0,2.0,5.0,5.0,3.0,1.0,2.0,6.0,6.0,2.0,0.0,4.0,2.0,0.0,4.0,3.0,6.0,7.0,3.0,1.0,1.0,22.0,7.0,4.0,4.0,3.0,1.0,1.0,3.0,4.0,3.0,2.0,1.0,4.0,5.0,3.0,3.0,2.0,4.0,4.0,5.0,7.0,3.0,5.0,1.0,7.0,8.0,4.0,4.0,5.0,3.0,4.0,11.0,0.0,0.0,2.0,1.0,1.0,4.0,2.0,0.0,2.0,3.0,2.0,1.0,5.0,0.0,2.0,1.0,2.0,0.0,3.0,1.0,2.0,2.0,0.0,1.0,2.0,2.0,1.0,6.0,2.0,2.0,15.0,0.0,2.0,0.0,0.0,1.0,1.0,1.0,1.0,5.0,0.0,3.0,1.0,2.0,2.0,1.0,1.0,3.0,1.0,3.0,2.0,4.0,1.0,1.0,1.0,0.0,0.0,1.0,4.0,0.0,0.0,11.0,1.0,1.0,0.0,2.0,1.0,2.0,0.0,3.0,2.0,3.0,2.0,1.0,0.0,1.0,1.0,0.0,1.0,0.0,3.0,1.0,0.0,1.0,1.0,0.0,1.0,3.0,4.0,2.0,2.0,1.0,6.0,3.0,1.0,2.0,2.0,3.0,1.0,1.0,1.0,1.0,1.0,0.0,0.0,0.0,2.0,1.0,1.0,1.0,4.0,2.0,0.0,0.0,2.0,2.0,3.0,5.0,3.0,1.0,2.0,1.0,1.0,7.0,2.0,0.0,0.0,0.0,0.0,1.0,1.0,2.0,1.0,1.0,0.0,0.0,1.0,1.0,1.0,1.0,1.0,3.0,1.0,1.0,1.0,0.0,0.0,3.0,4.0,0.0,1.0,0.0,1.0,0.0,11.0,2.0,0.0,3.0,2.0,3.0,2.0,1.0,4.0,1.0,2.0,1.0,0.0,1.0,0.0,1.0,2.0,3.0,0.0,0.0,2.0,2.0,0.0,1.0,0.0,4.0,1.0,1.0,0.0,1.0,0.0,7.0,0.0,2.0,4.0,3.0,1.0,1.0,2.0,1.0,2.0,1.0,2.0,0.0,2.0,0.0,2.0,3.0,5.0,2.0,1.0,3.0,3.0,5.0,4.0,3.0,0.0,1.0,2.0,1.0,1.0,2.0,7.0,2.0,1.0,5.0,1.0,0.0,2.0,0.0,2.0,1.0,2.0,2.0,1.0,1.0,1.0,2.0,4.0,0.0,0.0,0.0,1.0,1.0,4.0,2.0,0.0,0.0,1.0,1.0,1.0,0.0,0.0,8.0,1.0,1.0,1.0,1.0,4.0,0.0,2.0,2.0,2.0,1.0,1.0,3.0,5.0,1.0,1.0,1.0,1.0,1.0,2.0,5.0,2.0,1.0,2.0,1.0,0.0,0.0,2.0,2.0,1.0,1.0,7.0,0.0,1.0,0.0,3.0,1.0,2.0,0.0,0.0,0.0,1.0,3.0,1.0,1.0,1.0,1.0,2.0,1.0,0.0,3.0,4.0,1.0,3.0,1.0,2.0,1.0,3.0,1.0,4.0,3.0,1.0,14.0,1.0,2.0,4.0,4.0,4.0,2.0,2.0,1.0,4.0,3.0,2.0,4.0,4.0,3.0,4.0,0.0,1.0,2.0,4.0,0.0,1.0,3.0,1.0,1.0,0.0,2.0,0.0,3.0,1.0,3.0,6.0,1.0,0.0,1.0,3.0,1.0,0.0,0.0,0.0,1.0,5.0,0.0,1.0,1.0,1.0,2.0,2.0,3.0,2.0,0.0,1.0,0.0,3.0,0.0,2.0,2.0,2.0,1.0,1.0,5.0,1.0,13.0,2.0,3.0,1.0,3.0,2.0,0.0,6.0,2.0,1.0,3.0,0.0,1.0,6.0,0.0,3.0,7.0,5.0,2.0,4.0,2.0,2.0,2.0,1.0,0.0,2.0,1.0,3.0,2.0,1.0,4.0,9.0,2.0,1.0,1.0,1.0,1.0,1.0,1.0,1.0,5.0,1.0,0.0,2.0,0.0,3.0,1.0,6.0,1.0,0.0,0.0,2.0,2.0,1.0,0.0,0.0,1.0,2.0,4.0,0.0,0.0,2.0,8.0,2.0,1.0,1.0,1.0,1.0,0.0,2.0,0.0,2.0,1.0,0.0,1.0,3.0,2.0,6.0,0.0,5.0,4.0,2.0,0.0,2.0,1.0,3.0,0.0,0.0,3.0,2.0,2.0,1.0,0.0,8.0,1.0,0.0,0.0,1.0,0.0,1.0,0.0,3.0,2.0,6.0,2.0,1.0,3.0,3.0,0.0,0.0,1.0,0.0,3.0,2.0,2.0,1.0,1.0,0.0,0.0,1.0,2.0,0.0,0.0,0.0,4.0,1.0,1.0,0.0,1.0,1.0,1.0,2.0,2.0,5.0,1.0,2.0,6.0,4.0,5.0,0.0,0.0,0.0,2.0,2.0,1.0,1.0,0.0,1.0,3.0,0.0,0.0,0.0,1.0,1.0,0.0,7.0,0.0,0.0,2.0,1.0,2.0,3.0,1.0,1.0,2.0,1.0,2.0,3.0,0.0,1.0,0.0,0.0,0.0,1.0,1.0,1.0,0.0,1.0,2.0,0.0,1.0,1.0,0.0,2.0,3.0,1.0,8.0,1.0,1.0,1.0,0.0,2.0,1.0,2.0,0.0,0.0,1.0,8.0,0.0,2.0,1.0,1.0,3.0,3.0,1.0,1.0,1.0,1.0,4.0,1.0,0.0,0.0,0.0,0.0,0.0,3.0,1.0,6.0,2.0,3.0,3.0,2.0,1.0,2.0,2.0,1.0,3.0,1.0,1.0,3.0,1.0,0.0,1.0,1.0,0.0,0.0,1.0,0.0,1.0,1.0,4.0,0.0,0.0,0.0,0.0,1.0,1.0,3.0,15.0,4.0,3.0,3.0,2.0,2.0,0.0,2.0,2.0,4.0,2.0,0.0,4.0,4.0,0.0,1.0,1.0,6.0,1.0,2.0,1.0,1.0,5.0,2.0,6.0,4.0,0.0,1.0,0.0,1.0,1.0,11.0,1.0,1.0,0.0,4.0,2.0,1.0,5.0,2.0,0.0,1.0,0.0,3.0,2.0,0.0,2.0,3.0,1.0,3.0,3.0,3.0,2.0,8.0,2.0,1.0,1.0,0.0,4.0,2.0,0.0,1.0,16.0,1.0,0.0,2.0,0.0,2.0,6.0,4.0,1.0,2.0,2.0,2.0,0.0,3.0,1.0,5.0,0.0,0.0,4.0,4.0,1.0,0.0,1.0,3.0,0.0,1.0,0.0,2.0,1.0,2.0,2.0,11.0,0.0,1.0,0.0,4.0,3.0,5.0,3.0,2.0,0.0,1.0,0.0,2.0,2.0,2.0,1.0,0.0,3.0,1.0,1.0,1.0,1.0,1.0,4.0,1.0,2.0,1.0,2.0,1.0,0.0,0.0,6.0,1.0,0.0,1.0,4.0,9.0,2.0,1.0,2.0,4.0,2.0,2.0,4.0,0.0,5.0,2.0,0.0,0.0,6.0,1.0,2.0,3.0,0.0,1.0,1.0,0.0,3.0,1.0,2.0,2.0,2.0,5.0,0.0,2.0,2.0,2.0,2.0,1.0,0.0,0.0,1.0,0.0,1.0,1.0,1.0,1.0,1.0,2.0,1.0,3.0,0.0,1.0,0.0,3.0,0.0,1.0,0.0,2.0,0.0,0.0,2.0,0.0,9.0,3.0,4.0,4.0,2.0,2.0,1.0,1.0,0.0,5.0,4.0,3.0,1.0,0.0,2.0,0.0,3.0,4.0,1.0,1.0,1.0,2.0,1.0,1.0,0.0,1.0,1.0,2.0,1.0,0.0,1.0,11.0,0
70,1571.5714182286843,66805.42125,1.7694056375309777,313.4368771866248,0.30302009102009103,0.19865566378066377,3.28,-0.11886205973046565,13.0,5.0,2.0,1.0,1.0,8.0,1.0,4.0,1.0,3.0,4.0,0.0,3.0,1.0,0.0,0.0,1.0,8.0,3.0,4.0,1.0,3.0,0.0,3.0,2.0,1.0,1.0,1.0,0.0,6.0,3.0,19.0,5.0,4.0,2.0,0.0,0.0,0.0,2.0,5.0,3.0,1.0,3.0,2.0,1.0,2.0,2.0,3.0,0.0,0.0,1.0,6.0,3.0,2.0,0.0,1.0,2.0,0.0,2.0,6.0,1.0,5.0,13.0,0.0,2.0,0.0,0.0,0.0,1.0,2.0,1.0,1.0,1.0,2.0,3.0,2.0,0.0,3.0,0.0,3.0,2.0,4.0,0.0,0.0,1.0,2.0,1.0,0.0,0.0,0.0,2.0,2.0,0.0,12.0,1.0,1.0,2.0,0.0,2.0,0.0,2.0,0.0,2.0,0.0,2.0,1.0,0.0,2.0,2.0,1.0,0.0,3.0,1.0,4.0,1.0,0.0,1.0,0.0,0.0,0.0,6.0,3.0,0.0,2.0,9.0,1.0,2.0,1.0,1.0,0.0,1.0,0.0,1.0,1.0,1.0,1.0,1.0,1.0,1.0,0.0,3.0,0.0,1.0,2.0,3.0,1.0,0.0,0.0,1.0,0.0,3.0,2.0,0.0,1.0,0.0,11.0,0.0,0.0,0.0,1.0,0.0,2.0,3.0,1.0,1.0,1.0,2.0,4.0,0.0,2.0,0.0,3.0,0.0,3.0,1.0,2.0,2.0,3.0,2.0,0.0,1.0,2.0,0.0,1.0,1.0,0.0,5.0,1.0,0.0,0.0,1.0,1.0,1.0,1.0,0.0,0.0,2.0,0.0,1.0,1.0,1.0,1.0,0.0,2.0,1.0,0.0,2.0,0.0,1.0,0.0,4.0,3.0,1.0,0.0,1.0,2.0,0.0,8.0,2.0,0.0,0.0,0.0,2.0,2.0,2.0,2.0,0.0,1.0,2.0,0.0,1.0,0.0,1.0,3.0,3.0,1.0,1.0,0.0,1.0,0.0,3.0,2.0,2.0,0.0,1.0,1.0,0.0,0.0,11.0,0.0,0.0,0.0,3.0,0.0,1.0,1.0,0.0,3.0,2.0,2.0,0.0,0.0,1.0,5.0,1.0,1.0,0.0,4.0,0.0,3.0,2.0,3.0,0.0,3.0,0.0,0.0,0.0,3.0,0.0,11.0,2.0,0.0,2.0,0.0,0.0,0.0,0.0,2.0,1.0,2.0,1.0,1.0,3.0,1.0,1.0,0.0,1.0,0.0,2.0,1.0,2.0,2.0,3.0,2.0,1.0,3.0,2.0,2.0,1.0,0.0,12.0,1.0,3.0,0.0,1.0,1.0,0.0,1.0,1.0,1.0,0.0,0.0,0.0,0.0,1.0,2.0,0.0,1.0,2.0,0.0,0.0,1.0,0.0,0.0,1.0,0.0,0.0,1.0,1.0,0.0,2.0,10.0,1.0,0.0,0.0,0.0,1.0,0.0,1.0,1.0,0.0,0.0,0.0,1.0,1.0,0.0,0.0,2.0,1.0,2.0,3.0,0.0,0.0,2.0,1.0,3.0,1.0,7.0,2.0,3.0,2.0,1.0,13.0,3.0,1.0,1.0,0.0,3.0,0.0,2.0,1.0,3.0,2.0,3.0,0.0,0.0,2.0,3.0,2.0,1.0,1.0,5.0,0.0,0.0,0.0,1.0,1.0,3.0,0.0,1.0,0.0,1.0,1.0,3.0,1.0,1.0,1.0,0.0,0.0,0.0,0.0,0.0,0.0,0.0,0.0,2.0,2.0,2.0,1.0,1.0,5.0,0.0,1.0,1.0,2.0,1.0,1.0,0.0,0.0,0.0,2.0,0.0,2.0,1.0,2.0,1.0,1.0,0.0,1.0,0.0,0.0,1.0,2.0,2.0,1.0,1.0,1.0,0.0,2.0,1.0,0.0,1.0,0.0,0.0,3.0,1.0,1.0,2.0,1.0,0.0,2.0,1.0,0.0,0.0,2.0,9.0,2.0,0.0,0.0,1.0,0.0,1.0,1.0,0.0,5.0,0.0,0.0,0.0,0.0,0.0,1.0,3.0,2.0,1.0,1.0,0.0,0.0,0.0,1.0,2.0,0.0,0.0,1.0,1.0,0.0,0.0,7.0,1.0,0.0,1.0,0.0,0.0,3.0,0.0,2.0,4.0,0.0,0.0,1.0,0.0,6.0,2.0,1.0,2.0,1.0,4.0,0.0,1.0,2.0,3.0,1.0,0.0,4.0,2.0,1.0,0.0,2.0,7.0,3.0,0.0,2.0,0.0,0.0,2.0,1.0,1.0,0.0,2.0,2.0,0.0,0.0,1.0,2.0,2.0,0.0,3.0,3.0,0.0,3.0,2.0,0.0,0.0,0.0,2.0,0.0,0.0,0.0,1.0,8.0,0.0,2.0,1.0,0.0,1.0,0.0,0.0,1.0,2.0,1.0,3.0,2.0,2.0,3.0,1.0,2.0,1.0,2.0,2.0,1.0,0.0,0.0,1.0,2.0,0.0,0.0,2.0,1.0,0.0,1.0,6.0,1.0,0.0,0.0,4.0,1.0,0.0,1.0,0.0,0.0,0.0,0.0,0.0,0.0,1.0,2.0,1.0,1.0,0.0,0.0,2.0,0.0,1.0,2.0,0.0,4.0,2.0,0.0,1.0,0.0,2.0,7.0,0.0,1.0,1.0,3.0,0.0,1.0,4.0,0.0,0.0,6.0,4.0,1.0,2.0,3.0,2.0,0.0,1.0,1.0,0.0,1.0,1.0,2.0,1.0,0.0,0.0,0.0,1.0,1.0,0.0,1.0,8.0,0.0,2.0,1.0,0.0,0.0,1.0,1.0,3.0,3.0,3.0,2.0,0.0,0.0,0.0,0.0,0.0,0.0,1.0,0.0,1.0,4.0,1.0,2.0,0.0,0.0,1.0,0.0,1.0,3.0,0.0,2.0,0.0,2.0,1.0,1.0,1.0,1.0,2.0,3.0,2.0,2.0,4.0,2.0,1.0,0.0,3.0,1.0,2.0,1.0,1.0,0.0,0.0,3.0,0.0,1.0,2.0,5.0,1.0,3.0,2.0,2.0,21.0,1.0,0.0,1.0,2.0,2.0,2.0,2.0,2.0,1.0,1.0,4.0,0.0,1.0,1.0,1.0,2.0,3.0,0.0,1.0,0.0,0.0,2.0,2.0,1.0,3.0,2.0,2.0,2.0,2.0,1.0,8.0,1.0,0.0,0.0,2.0,0.0,2.0,0.0,4.0,0.0,0.0,1.0,0.0,0.0,2.0,0.0,1.0,1.0,2.0,1.0,0.0,0.0,1.0,0.0,1.0,1.0,2.0,0.0,1.0,2.0,2.0,4.0,0.0,1.0,1.0,0.0,1.0,0.0,3.0,1.0,0.0,1.0,0.0,0.0,0.0,0.0,0.0,0.0,2.0,1.0,1.0,1.0,0.0,1.0,0.0,1.0,1.0,1.0,1.0,1.0,0.0,0.0,6.0,3.0,1.0,1.0,1.0,1.0,1.0,0.0,2.0,2.0,1.0,0.0,5.0,1.0,1.0,2.0,2.0,1.0,1.0,1.0,3.0,0.0,0.0,0.0,1.0,0.0,0.0,1.0,3.0,2.0,0.0,9.0,3.0,0.0,1.0,1.0,1.0,0.0,1.0,1.0,2.0,2.0,1.0,1.0,2.0,0.0,2.0,0.0,2.0,0.0,1.0,3.0,1.0,0.0,0.0,2.0,1.0,2.0,1.0,2.0,1.0,2.0,9.0,0.0,4.0,4.0,0.0,0.0,0.0,0.0,1.0,1.0,4.0,0.0,1.0,0.0,0.0,1.0,0.0,3.0,0.0,2.0,0.0,1.0,0.0,2.0,4.0,1.0,0.0,1.0,0.0,1.0,1.0,12.0,0
71,2242.097880848138,104012.38400000003,2.003158400824971,251.37183920637332,0.22201340326340321,0.16813570226070226,3.47,-0.03983823805411845,16.0,1.0,2.0,2.0,3.0,1.0,2.0,0.0,3.0,3.0,3.0,1.0,4.0,1.0,1.0,2.0,1.0,2.0,2.0,1.0,1.0,2.0,3.0,2.0,0.0,1.0,2.0,5.0,3.0,6.0,2.0,36.0,3.0,7.0,4.0,1.0,1.0,3.0,4.0,6.0,2.0,0.0,2.0,2.0,2.0,0.0,5.0,4.0,3.0,1.0,2.0,4.0,5.0,4.0,3.0,4.0,3.0,6.0,3.0,2.0,2.0,6.0,17.0,1.0,0.0,0.0,0.0,1.0,1.0,3.0,0.0,2.0,3.0,0.0,0.0,1.0,1.0,2.0,0.0,0.0,1.0,0.0,0.0,3.0,1.0,1.0,0.0,2.0,3.0,1.0,0.0,5.0,1.0,19.0,2.0,0.0,0.0,1.0,0.0,0.0,2.0,1.0,3.0,2.0,4.0,3.0,1.0,1.0,0.0,2.0,2.0,0.0,5.0,3.0,3.0,0.0,3.0,1.0,2.0,1.0,2.0,4.0,1.0,0.0,14.0,0.0,0.0,0.0,1.0,0.0,1.0,0.0,2.0,0.0,3.0,0.0,1.0,1.0,1.0,0.0,2.0,0.0,4.0,1.0,3.0,1.0,1.0,0.0,1.0,0.0,1.0,4.0,3.0,0.0,1.0,11.0,0.0,1.0,2.0,0.0,4.0,0.0,3.0,2.0,2.0,0.0,0.0,1.0,0.0,0.0,3.0,1.0,0.0,4.0,0.0,2.0,2.0,2.0,0.0,0.0,2.0,4.0,1.0,0.0,1.0,1.0,15.0,4.0,0.0,2.0,1.0,0.0,4.0,2.0,0.0,1.0,1.0,1.0,0.0,1.0,1.0,2.0,1.0,2.0,1.0,0.0,1.0,0.0,1.0,2.0,2.0,3.0,1.0,3.0,0.0,3.0,0.0,10.0,0.0,0.0,2.0,0.0,3.0,0.0,0.0,4.0,1.0,3.0,1.0,1.0,1.0,1.0,0.0,3.0,4.0,0.0,1.0,0.0,0.0,2.0,1.0,2.0,1.0,3.0,0.0,0.0,0.0,1.0,9.0,1.0,1.0,0.0,4.0,2.0,1.0,0.0,1.0,1.0,1.0,2.0,1.0,1.0,1.0,0.0,1.0,3.0,2.0,1.0,1.0,1.0,3.0,5.0,0.0,1.0,0.0,0.0,2.0,0.0,0.0,11.0,2.0,0.0,1.0,1.0,1.0,1.0,1.0,4.0,3.0,0.0,0.0,3.0,2.0,2.0,2.0,0.0,0.0,0.0,3.0,0.0,1.0,1.0,0.0,1.0,2.0,1.0,1.0,1.0,1.0,1.0,9.0,0.0,2.0,1.0,1.0,1.0,0.0,1.0,1.0,1.0,1.0,1.0,3.0,1.0,1.0,0.0,0.0,1.0,0.0,1.0,1.0,3.0,0.0,2.0,1.0,1.0,0.0,0.0,0.0,1.0,0.0,1.0,1.0,1.0,1.0,1.0,0.0,1.0,2.0,1.0,1.0,3.0,1.0,2.0,1.0,0.0,0.0,1.0,1.0,0.0,3.0,4.0,2.0,3.0,3.0,4.0,3.0,5.0,2.0,4.0,2.0,3.0,24.0,2.0,2.0,2.0,2.0,5.0,5.0,3.0,2.0,2.0,1.0,0.0,2.0,5.0,0.0,2.0,2.0,7.0,1.0,6.0,0.0,1.0,0.0,1.0,0.0,3.0,3.0,0.0,1.0,1.0,2.0,7.0,0.0,0.0,0.0,0.0,1.0,1.0,0.0,1.0,0.0,2.0,3.0,3.0,0.0,1.0,3.0,1.0,2.0,2.0,0.0,2.0,0.0,3.0,1.0,0.0,1.0,0.0,0.0,2.0,1.0,2.0,9.0,1.0,2.0,0.0,2.0,0.0,0.0,2.0,3.0,2.0,4.0,1.0,4.0,3.0,0.0,2.0,6.0,2.0,0.0,1.0,0.0,1.0,0.0,0.0,1.0,0.0,0.0,0.0,5.0,0.0,0.0,8.0,2.0,1.0,2.0,0.0,1.0,1.0,0.0,3.0,3.0,1.0,0.0,1.0,0.0,0.0,0.0,2.0,0.0,1.0,1.0,0.0,4.0,1.0,1.0,1.0,1.0,1.0,6.0,2.0,1.0,2.0,10.0,2.0,1.0,0.0,2.0,0.0,0.0,0.0,0.0,5.0,1.0,0.0,1.0,0.0,2.0,4.0,1.0,3.0,2.0,2.0,1.0,2.0,3.0,1.0,0.0,1.0,4.0,3.0,0.0,0.0,2.0,16.0,1.0,0.0,2.0,1.0,1.0,4.0,0.0,4.0,2.0,2.0,1.0,1.0,2.0,3.0,1.0,4.0,1.0,1.0,1.0,3.0,1.0,0.0,0.0,1.0,4.0,1.0,3.0,0.0,1.0,0.0,10.0,1.0,1.0,0.0,1.0,2.0,1.0,2.0,0.0,1.0,1.0,3.0,2.0,0.0,5.0,0.0,1.0,1.0,0.0,0.0,0.0,2.0,1.0,1.0,1.0,1.0,1.0,0.0,0.0,0.0,2.0,7.0,1.0,2.0,0.0,0.0,0.0,0.0,0.0,2.0,1.0,0.0,1.0,1.0,2.0,2.0,2.0,3.0,1.0,2.0,2.0,1.0,0.0,0.0,5.0,0.0,1.0,0.0,1.0,1.0,0.0,2.0,7.0,0.0,4.0,0.0,1.0,1.0,1.0,3.0,1.0,0.0,1.0,1.0,2.0,2.0,2.0,2.0,2.0,1.0,0.0,4.0,0.0,1.0,2.0,0.0,3.0,2.0,1.0,1.0,0.0,1.0,1.0,12.0,1.0,2.0,3.0,0.0,0.0,1.0,0.0,1.0,5.0,4.0,2.0,0.0,1.0,1.0,1.0,2.0,1.0,1.0,0.0,1.0,5.0,2.0,2.0,1.0,0.0,2.0,2.0,0.0,1.0,2.0,12.0,5.0,1.0,0.0,1.0,4.0,0.0,2.0,2.0,3.0,1.0,2.0,2.0,1.0,5.0,0.0,1.0,2.0,0.0,3.0,2.0,2.0,1.0,1.0,5.0,2.0,0.0,0.0,1.0,4.0,3.0,20.0,2.0,2.0,3.0,0.0,4.0,1.0,1.0,4.0,2.0,3.0,0.0,0.0,2.0,3.0,2.0,2.0,1.0,4.0,1.0,2.0,2.0,3.0,0.0,1.0,1.0,1.0,4.0,2.0,5.0,1.0,18.0,1.0,0.0,0.0,2.0,1.0,5.0,2.0,0.0,1.0,0.0,3.0,0.0,0.0,2.0,0.0,2.0,1.0,4.0,1.0,0.0,1.0,1.0,4.0,0.0,2.0,2.0,0.0,0.0,1.0,4.0,15.0,1.0,1.0,0.0,0.0,1.0,3.0,1.0,0.0,1.0,0.0,2.0,1.0,1.0,0.0,0.0,1.0,1.0,2.0,2.0,1.0,2.0,4.0,3.0,0.0,1.0,1.0,3.0,3.0,0.0,0.0,8.0,0.0,2.0,0.0,3.0,3.0,0.0,2.0,0.0,4.0,1.0,1.0,1.0,1.0,1.0,0.0,4.0,0.0,4.0,2.0,2.0,2.0,3.0,2.0,0.0,0.0,0.0,0.0,0.0,0.0,4.0,14.0,1.0,0.0,3.0,2.0,2.0,1.0,0.0,1.0,3.0,1.0,0.0,1.0,0.0,2.0,1.0,1.0,3.0,0.0,0.0,1.0,2.0,1.0,2.0,0.0,0.0,2.0,5.0,1.0,4.0,1.0,12.0,0.0,4.0,4.0,1.0,0.0,0.0,2.0,4.0,2.0,0.0,0.0,0.0,0.0,2.0,0.0,1.0,1.0,1.0,2.0,1.0,0.0,1.0,1.0,2.0,1.0,2.0,0.0,0.0,0.0,3.0,23.0,0
72,3189.94544096224,218128.97509999998,2.1911538660940657,228.4385217880655,0.16132088744588743,0.08976228956228956,4.6,0.029273248026883646,31.0,1.0,9.0,2.0,4.0,2.0,1.0,1.0,2.0,1.0,3.0,1.0,5.0,2.0,6.0,4.0,1.0,4.0,3.0,1.0,1.0,1.0,2.0,2.0,3.0,6.0,1.0,5.0,3.0,5.0,5.0,19.0,3.0,3.0,4.0,1.0,2.0,2.0,2.0,2.0,3.0,2.0,2.0,1.0,1.0,1.0,1.0,2.0,0.0,1.0,2.0,4.0,3.0,2.0,2.0,2.0,2.0,3.0,3.0,1.0,4.0,2.0,16.0,1.0,1.0,0.0,0.0,0.0,1.0,0.0,0.0,2.0,2.0,1.0,1.0,2.0,3.0,4.0,1.0,3.0,2.0,1.0,1.0,3.0,1.0,4.0,3.0,1.0,1.0,3.0,1.0,1.0,2.0,14.0,1.0,1.0,1.0,0.0,1.0,0.0,2.0,1.0,1.0,4.0,4.0,2.0,3.0,2.0,1.0,0.0,1.0,0.0,4.0,1.0,4.0,4.0,3.0,0.0,4.0,1.0,4.0,0.0,0.0,1.0,12.0,3.0,3.0,2.0,2.0,2.0,4.0,1.0,3.0,3.0,0.0,1.0,0.0,2.0,1.0,0.0,0.0,2.0,3.0,1.0,2.0,3.0,0.0,2.0,1.0,0.0,2.0,0.0,2.0,1.0,0.0,12.0,0.0,0.0,3.0,1.0,2.0,2.0,4.0,0.0,0.0,0.0,3.0,3.0,0.0,0.0,0.0,1.0,0.0,1.0,2.0,2.0,1.0,3.0,0.0,1.0,2.0,4.0,1.0,0.0,2.0,2.0,12.0,1.0,0.0,0.0,4.0,0.0,1.0,2.0,1.0,0.0,1.0,1.0,0.0,0.0,1.0,0.0,2.0,0.0,2.0,0.0,2.0,2.0,2.0,1.0,3.0,4.0,1.0,1.0,1.0,1.0,0.0,17.0,0.0,0.0,0.0,0.0,3.0,2.0,0.0,1.0,0.0,3.0,3.0,2.0,2.0,0.0,1.0,4.0,0.0,1.0,0.0,1.0,5.0,2.0,2.0,0.0,1.0,2.0,1.0,1.0,0.0,1.0,14.0,0.0,0.0,2.0,3.0,0.0,1.0,0.0,0.0,1.0,0.0,1.0,2.0,3.0,0.0,2.0,0.0,4.0,4.0,1.0,0.0,1.0,3.0,1.0,1.0,2.0,3.0,2.0,1.0,2.0,2.0,21.0,2.0,0.0,2.0,0.0,1.0,3.0,1.0,1.0,0.0,0.0,0.0,3.0,2.0,1.0,1.0,4.0,2.0,0.0,1.0,2.0,1.0,4.0,2.0,2.0,1.0,1.0,1.0,4.0,3.0,2.0,20.0,5.0,2.0,1.0,0.0,0.0,0.0,1.0,0.0,0.0,0.0,0.0,3.0,0.0,4.0,2.0,1.0,1.0,0.0,2.0,0.0,5.0,3.0,4.0,1.0,0.0,1.0,1.0,1.0,1.0,2.0,13.0,1.0,0.0,1.0,4.0,1.0,0.0,0.0,1.0,0.0,0.0,0.0,1.0,4.0,1.0,1.0,1.0,1.0,2.0,3.0,5.0,2.0,3.0,3.0,2.0,0.0,2.0,0.0,4.0,0.0,4.0,21.0,5.0,3.0,1.0,1.0,1.0,2.0,4.0,2.0,4.0,4.0,2.0,1.0,5.0,2.0,5.0,3.0,3.0,2.0,2.0,3.0,3.0,0.0,0.0,2.0,0.0,1.0,1.0,3.0,1.0,5.0,6.0,0.0,0.0,1.0,2.0,1.0,0.0,4.0,0.0,0.0,2.0,1.0,2.0,0.0,2.0,2.0,0.0,6.0,0.0,2.0,1.0,3.0,0.0,0.0,1.0,1.0,1.0,1.0,1.0,3.0,0.0,8.0,0.0,1.0,0.0,0.0,2.0,0.0,2.0,1.0,2.0,3.0,0.0,1.0,3.0,3.0,0.0,5.0,3.0,0.0,1.0,1.0,3.0,3.0,1.0,3.0,4.0,1.0,3.0,1.0,1.0,0.0,14.0,1.0,1.0,1.0,3.0,0.0,0.0,1.0,1.0,5.0,1.0,0.0,0.0,1.0,1.0,3.0,2.0,1.0,1.0,3.0,0.0,3.0,0.0,1.0,0.0,0.0,0.0,3.0,2.0,0.0,5.0,10.0,2.0,0.0,0.0,1.0,1.0,2.0,1.0,1.0,1.0,0.0,0.0,1.0,0.0,3.0,3.0,1.0,3.0,0.0,4.0,0.0,1.0,1.0,3.0,1.0,1.0,3.0,2.0,1.0,0.0,0.0,12.0,1.0,2.0,2.0,0.0,0.0,2.0,0.0,1.0,2.0,4.0,2.0,2.0,4.0,0.0,1.0,0.0,0.0,0.0,0.0,3.0,0.0,1.0,1.0,1.0,2.0,1.0,1.0,2.0,0.0,0.0,4.0,0.0,1.0,1.0,1.0,1.0,2.0,1.0,0.0,1.0,0.0,1.0,5.0,0.0,0.0,1.0,1.0,1.0,0.0,0.0,1.0,1.0,1.0,0.0,2.0,2.0,1.0,2.0,3.0,2.0,0.0,11.0,0.0,2.0,0.0,1.0,1.0,2.0,2.0,1.0,0.0,0.0,3.0,2.0,3.0,2.0,1.0,0.0,1.0,2.0,0.0,1.0,2.0,1.0,0.0,2.0,1.0,3.0,0.0,1.0,0.0,0.0,8.0,0.0,0.0,0.0,1.0,3.0,2.0,1.0,0.0,0.0,3.0,0.0,0.0,2.0,2.0,1.0,0.0,1.0,2.0,0.0,0.0,1.0,2.0,0.0,2.0,1.0,0.0,1.0,0.0,1.0,3.0,12.0,1.0,3.0,0.0,3.0,3.0,2.0,0.0,2.0,2.0,2.0,0.0,3.0,3.0,1.0,2.0,2.0,1.0,1.0,0.0,0.0,3.0,0.0,4.0,1.0,1.0,0.0,1.0,0.0,1.0,2.0,17.0,3.0,4.0,1.0,1.0,0.0,1.0,4.0,0.0,3.0,3.0,2.0,1.0,0.0,2.0,2.0,1.0,0.0,0.0,2.0,4.0,1.0,3.0,5.0,2.0,2.0,0.0,1.0,1.0,1.0,4.0,22.0,1.0,1.0,1.0,3.0,1.0,3.0,1.0,3.0,1.0,1.0,2.0,4.0,3.0,2.0,0.0,1.0,2.0,3.0,5.0,0.0,0.0,0.0,1.0,2.0,3.0,2.0,0.0,3.0,0.0,4.0,31.0,0.0,4.0,6.0,3.0,2.0,5.0,6.0,1.0,2.0,2.0,2.0,0.0,3.0,2.0,0.0,3.0,0.0,2.0,3.0,2.0,0.0,0.0,2.0,1.0,3.0,3.0,1.0,1.0,1.0,5.0,26.0,2.0,2.0,2.0,3.0,1.0,1.0,1.0,0.0,0.0,0.0,1.0,1.0,0.0,4.0,2.0,2.0,5.0,0.0,1.0,4.0,1.0,1.0,1.0,1.0,2.0,2.0,4.0,3.0,1.0,1.0,11.0,3.0,1.0,1.0,2.0,5.0,1.0,4.0,3.0,0.0,3.0,1.0,1.0,7.0,1.0,0.0,2.0,2.0,1.0,1.0,4.0,1.0,3.0,0.0,0.0,1.0,1.0,1.0,3.0,1.0,2.0,16.0,5.0,1.0,4.0,1.0,1.0,0.0,2.0,1.0,3.0,3.0,0.0,0.0,2.0,1.0,3.0,2.0,2.0,1.0,2.0,0.0,3.0,4.0,0.0,1.0,0.0,4.0,2.0,2.0,2.0,3.0,17.0,0.0,4.0,2.0,2.0,1.0,0.0,1.0,1.0,2.0,1.0,5.0,1.0,1.0,2.0,1.0,0.0,2.0,2.0,3.0,0.0,0.0,1.0,0.0,3.0,1.0,2.0,1.0,1.0,1.0,3.0,14.0,0
73,2301.414621027783,134357.12825000004,2.170634085543106,239.49272511101353,0.1675784215784215,0.1010888740888741,3.94,-0.005642243175476823,20.0,1.0,3.0,3.0,2.0,3.0,3.0,1.0,2.0,0.0,0.0,1.0,2.0,4.0,2.0,3.0,2.0,2.0,1.0,5.0,3.0,3.0,1.0,5.0,2.0,0.0,3.0,4.0,3.0,4.0,3.0,23.0,3.0,1.0,2.0,1.0,1.0,4.0,1.0,3.0,1.0,1.0,1.0,1.0,1.0,3.0,3.0,3.0,2.0,3.0,4.0,6.0,4.0,4.0,2.0,1.0,1.0,3.0,1.0,3.0,2.0,1.0,10.0,2.0,0.0,1.0,0.0,2.0,1.0,4.0,1.0,1.0,1.0,2.0,1.0,2.0,2.0,1.0,0.0,1.0,3.0,1.0,2.0,1.0,0.0,1.0,1.0,3.0,0.0,2.0,2.0,3.0,2.0,9.0,1.0,1.0,1.0,2.0,2.0,2.0,0.0,1.0,0.0,0.0,5.0,3.0,2.0,4.0,2.0,1.0,2.0,2.0,1.0,3.0,4.0,0.0,1.0,2.0,1.0,1.0,1.0,2.0,1.0,0.0,7.0,1.0,1.0,1.0,4.0,1.0,1.0,0.0,4.0,3.0,0.0,1.0,1.0,2.0,3.0,2.0,3.0,0.0,0.0,2.0,4.0,1.0,1.0,0.0,0.0,0.0,5.0,3.0,0.0,2.0,1.0,14.0,0.0,1.0,1.0,2.0,4.0,1.0,0.0,2.0,1.0,1.0,0.0,1.0,0.0,0.0,1.0,3.0,2.0,4.0,4.0,4.0,1.0,1.0,1.0,2.0,1.0,2.0,1.0,1.0,0.0,3.0,6.0,2.0,0.0,0.0,0.0,0.0,2.0,1.0,1.0,1.0,0.0,1.0,1.0,1.0,0.0,1.0,2.0,2.0,0.0,2.0,4.0,0.0,0.0,0.0,1.0,4.0,2.0,1.0,1.0,1.0,1.0,13.0,2.0,1.0,0.0,2.0,3.0,2.0,3.0,2.0,0.0,3.0,0.0,0.0,2.0,1.0,1.0,4.0,6.0,1.0,2.0,1.0,4.0,0.0,3.0,2.0,1.0,1.0,1.0,1.0,0.0,1.0,6.0,0.0,0.0,0.0,3.0,2.0,1.0,0.0,1.0,1.0,2.0,2.0,1.0,1.0,0.0,1.0,1.0,2.0,0.0,1.0,0.0,1.0,3.0,4.0,3.0,1.0,2.0,2.0,1.0,1.0,1.0,6.0,1.0,1.0,2.0,0.0,0.0,2.0,0.0,1.0,1.0,1.0,0.0,1.0,1.0,1.0,0.0,2.0,1.0,2.0,1.0,1.0,3.0,2.0,0.0,2.0,1.0,1.0,1.0,2.0,1.0,0.0,7.0,2.0,0.0,1.0,0.0,3.0,1.0,2.0,0.0,2.0,1.0,1.0,3.0,3.0,1.0,1.0,1.0,2.0,1.0,0.0,2.0,6.0,2.0,4.0,0.0,0.0,0.0,0.0,0.0,0.0,1.0,11.0,0.0,1.0,0.0,0.0,2.0,2.0,1.0,3.0,2.0,1.0,1.0,0.0,2.0,1.0,1.0,0.0,1.0,1.0,2.0,1.0,2.0,2.0,0.0,2.0,4.0,3.0,1.0,3.0,1.0,1.0,18.0,3.0,3.0,0.0,2.0,2.0,3.0,6.0,0.0,0.0,2.0,1.0,2.0,2.0,1.0,3.0,3.0,0.0,1.0,5.0,3.0,0.0,3.0,0.0,1.0,2.0,2.0,3.0,3.0,0.0,3.0,12.0,1.0,0.0,3.0,3.0,1.0,0.0,0.0,0.0,1.0,0.0,4.0,3.0,2.0,2.0,1.0,2.0,3.0,4.0,0.0,3.0,4.0,1.0,2.0,0.0,1.0,2.0,0.0,0.0,2.0,0.0,3.0,0.0,3.0,0.0,1.0,2.0,3.0,3.0,0.0,3.0,4.0,1.0,1.0,1.0,4.0,1.0,3.0,4.0,1.0,2.0,4.0,0.0,0.0,3.0,0.0,1.0,2.0,1.0,4.0,2.0,0.0,11.0,0.0,1.0,1.0,2.0,1.0,0.0,0.0,1.0,4.0,0.0,0.0,0.0,2.0,2.0,2.0,6.0,0.0,0.0,1.0,2.0,2.0,0.0,1.0,0.0,5.0,1.0,2.0,3.0,1.0,1.0,8.0,0.0,2.0,0.0,0.0,0.0,0.0,4.0,1.0,0.0,0.0,1.0,0.0,0.0,3.0,2.0,0.0,4.0,0.0,1.0,2.0,1.0,0.0,2.0,0.0,2.0,2.0,2.0,1.0,1.0,0.0,9.0,0.0,1.0,0.0,3.0,1.0,2.0,4.0,2.0,1.0,1.0,2.0,3.0,2.0,2.0,2.0,1.0,1.0,1.0,3.0,3.0,1.0,0.0,1.0,0.0,2.0,3.0,1.0,2.0,1.0,1.0,13.0,0.0,1.0,1.0,2.0,1.0,3.0,1.0,2.0,0.0,0.0,1.0,2.0,5.0,3.0,1.0,1.0,0.0,1.0,0.0,0.0,1.0,1.0,1.0,3.0,0.0,2.0,1.0,1.0,0.0,1.0,6.0,3.0,1.0,2.0,6.0,1.0,0.0,0.0,2.0,4.0,0.0,4.0,1.0,1.0,0.0,3.0,1.0,1.0,4.0,0.0,0.0,0.0,4.0,2.0,3.0,3.0,2.0,0.0,0.0,1.0,1.0,12.0,3.0,1.0,2.0,0.0,1.0,1.0,1.0,2.0,4.0,4.0,1.0,0.0,2.0,2.0,3.0,0.0,4.0,2.0,2.0,1.0,0.0,3.0,1.0,3.0,2.0,0.0,4.0,0.0,1.0,1.0,8.0,3.0,2.0,0.0,0.0,0.0,2.0,0.0,0.0,1.0,0.0,1.0,2.0,2.0,3.0,0.0,2.0,0.0,2.0,3.0,2.0,0.0,1.0,3.0,2.0,2.0,1.0,5.0,0.0,1.0,2.0,7.0,0.0,0.0,1.0,0.0,2.0,5.0,2.0,4.0,0.0,1.0,6.0,2.0,10.0,0.0,3.0,1.0,0.0,4.0,2.0,2.0,2.0,2.0,0.0,1.0,4.0,2.0,1.0,2.0,0.0,2.0,15.0,2.0,1.0,2.0,2.0,0.0,3.0,2.0,2.0,3.0,2.0,1.0,1.0,1.0,1.0,2.0,0.0,1.0,1.0,1.0,4.0,4.0,3.0,2.0,1.0,3.0,2.0,2.0,2.0,4.0,2.0,21.0,2.0,3.0,2.0,1.0,1.0,5.0,0.0,1.0,3.0,3.0,3.0,1.0,1.0,0.0,0.0,0.0,0.0,5.0,1.0,0.0,2.0,0.0,0.0,1.0,1.0,0.0,2.0,1.0,2.0,0.0,10.0,0.0,3.0,2.0,0.0,1.0,2.0,1.0,0.0,1.0,4.0,0.0,3.0,0.0,1.0,1.0,0.0,2.0,0.0,1.0,1.0,1.0,0.0,0.0,0.0,5.0,0.0,1.0,1.0,2.0,3.0,8.0,2.0,0.0,1.0,2.0,1.0,2.0,1.0,0.0,0.0,1.0,2.0,2.0,3.0,1.0,2.0,2.0,1.0,4.0,0.0,2.0,1.0,2.0,2.0,2.0,3.0,2.0,1.0,0.0,0.0,0.0,14.0,5.0,0.0,0.0,1.0,1.0,2.0,1.0,0.0,1.0,0.0,1.0,2.0,2.0,5.0,1.0,4.0,4.0,0.0,0.0,1.0,1.0,2.0,0.0,1.0,4.0,3.0,1.0,2.0,2.0,1.0,18.0,1.0,1.0,0.0,0.0,2.0,0.0,1.0,0.0,2.0,1.0,2.0,3.0,2.0,1.0,0.0,1.0,3.0,2.0,1.0,2.0,1.0,3.0,1.0,1.0,0.0,2.0,2.0,2.0,0.0,0.0,6.0,0
77,3329.0189349768507,142027.69249999998,2.1565026821164586,234.7572055992254,0.18068228993228985,0.19779926092426092,2.82,-0.12945284720108274,12.0,7.0,2.0,6.0,2.0,6.0,6.0,7.0,2.0,3.0,0.0,4.0,4.0,2.0,4.0,5.0,3.0,4.0,1.0,4.0,1.0,2.0,2.0,3.0,4.0,4.0,3.0,4.0,5.0,1.0,3.0,11.0,2.0,2.0,2.0,1.0,3.0,1.0,7.0,1.0,3.0,3.0,2.0,4.0,2.0,6.0,3.0,1.0,1.0,4.0,2.0,4.0,3.0,4.0,3.0,2.0,4.0,2.0,7.0,3.0,1.0,4.0,6.0,2.0,0.0,3.0,1.0,1.0,3.0,2.0,3.0,2.0,0.0,1.0,0.0,4.0,1.0,1.0,2.0,3.0,4.0,2.0,3.0,3.0,3.0,1.0,4.0,1.0,2.0,2.0,6.0,5.0,2.0,9.0,2.0,2.0,1.0,2.0,0.0,1.0,2.0,3.0,1.0,2.0,2.0,3.0,0.0,1.0,3.0,3.0,1.0,0.0,1.0,2.0,3.0,0.0,4.0,1.0,1.0,1.0,3.0,1.0,2.0,1.0,7.0,2.0,0.0,0.0,0.0,0.0,1.0,0.0,1.0,1.0,3.0,2.0,2.0,0.0,1.0,1.0,3.0,0.0,2.0,1.0,0.0,0.0,1.0,1.0,1.0,0.0,3.0,5.0,1.0,1.0,1.0,3.0,0.0,1.0,2.0,3.0,2.0,1.0,0.0,1.0,3.0,2.0,1.0,3.0,0.0,0.0,0.0,1.0,0.0,6.0,1.0,1.0,2.0,2.0,2.0,2.0,3.0,2.0,1.0,0.0,1.0,0.0,5.0,0.0,1.0,1.0,1.0,2.0,3.0,0.0,1.0,0.0,0.0,0.0,3.0,0.0,0.0,0.0,1.0,2.0,2.0,4.0,3.0,0.0,1.0,2.0,4.0,4.0,2.0,4.0,2.0,0.0,2.0,4.0,2.0,2.0,1.0,0.0,1.0,0.0,0.0,0.0,1.0,2.0,1.0,3.0,2.0,2.0,3.0,3.0,1.0,1.0,3.0,1.0,1.0,0.0,3.0,7.0,5.0,4.0,0.0,3.0,0.0,0.0,4.0,2.0,0.0,0.0,2.0,1.0,1.0,3.0,0.0,0.0,1.0,1.0,1.0,3.0,1.0,1.0,0.0,3.0,2.0,0.0,0.0,3.0,3.0,2.0,2.0,1.0,1.0,5.0,0.0,2.0,2.0,8.0,2.0,2.0,4.0,1.0,1.0,1.0,1.0,4.0,1.0,1.0,1.0,1.0,4.0,2.0,2.0,2.0,3.0,1.0,0.0,0.0,7.0,3.0,3.0,1.0,0.0,0.0,0.0,3.0,0.0,1.0,7.0,2.0,5.0,1.0,1.0,1.0,1.0,3.0,2.0,1.0,4.0,0.0,4.0,2.0,0.0,2.0,1.0,1.0,0.0,2.0,3.0,1.0,3.0,0.0,1.0,2.0,0.0,2.0,1.0,0.0,1.0,14.0,1.0,2.0,1.0,2.0,2.0,1.0,1.0,1.0,2.0,2.0,2.0,2.0,5.0,1.0,3.0,1.0,1.0,0.0,5.0,3.0,2.0,2.0,2.0,2.0,1.0,2.0,1.0,3.0,2.0,2.0,6.0,5.0,4.0,0.0,3.0,5.0,3.0,1.0,0.0,1.0,4.0,4.0,1.0,4.0,4.0,4.0,1.0,1.0,1.0,2.0,5.0,2.0,1.0,1.0,1.0,2.0,1.0,0.0,1.0,0.0,1.0,2.0,0.0,0.0,0.0,3.0,1.0,2.0,1.0,0.0,3.0,0.0,4.0,3.0,2.0,2.0,2.0,2.0,5.0,5.0,0.0,3.0,3.0,2.0,2.0,2.0,1.0,1.0,2.0,0.0,2.0,0.0,7.0,1.0,1.0,0.0,6.0,2.0,1.0,2.0,1.0,1.0,2.0,2.0,2.0,2.0,2.0,1.0,6.0,0.0,3.0,1.0,1.0,2.0,1.0,2.0,3.0,1.0,0.0,1.0,5.0,2.0,0.0,7.0,4.0,3.0,1.0,2.0,1.0,2.0,4.0,1.0,4.0,2.0,2.0,1.0,2.0,1.0,3.0,2.0,3.0,0.0,0.0,0.0,0.0,1.0,2.0,2.0,4.0,1.0,3.0,0.0,0.0,2.0,1.0,2.0,1.0,1.0,4.0,1.0,1.0,3.0,1.0,1.0,2.0,1.0,0.0,2.0,2.0,4.0,0.0,1.0,0.0,2.0,2.0,1.0,1.0,0.0,0.0,0.0,3.0,1.0,4.0,3.0,2.0,7.0,1.0,3.0,1.0,2.0,1.0,2.0,2.0,1.0,1.0,2.0,2.0,0.0,5.0,1.0,1.0,2.0,1.0,2.0,1.0,2.0,0.0,1.0,4.0,0.0,0.0,1.0,1.0,2.0,1.0,0.0,5.0,1.0,1.0,1.0,2.0,2.0,3.0,2.0,2.0,2.0,0.0,1.0,3.0,2.0,2.0,0.0,0.0,1.0,1.0,0.0,1.0,3.0,3.0,1.0,5.0,2.0,3.0,2.0,1.0,1.0,2.0,3.0,2.0,0.0,5.0,4.0,0.0,0.0,0.0,3.0,3.0,0.0,2.0,4.0,1.0,2.0,3.0,3.0,1.0,1.0,1.0,3.0,5.0,3.0,2.0,3.0,2.0,3.0,2.0,0.0,0.0,0.0,2.0,0.0,0.0,4.0,2.0,0.0,0.0,1.0,0.0,1.0,1.0,3.0,3.0,1.0,1.0,1.0,0.0,1.0,1.0,2.0,1.0,3.0,1.0,1.0,4.0,3.0,1.0,1.0,0.0,0.0,1.0,6.0,0.0,2.0,1.0,2.0,1.0,2.0,2.0,0.0,4.0,4.0,3.0,4.0,0.0,1.0,3.0,2.0,0.0,2.0,3.0,3.0,6.0,2.0,1.0,2.0,2.0,0.0,0.0,3.0,1.0,1.0,9.0,8.0,1.0,3.0,1.0,2.0,0.0,3.0,4.0,1.0,3.0,4.0,1.0,2.0,0.0,1.0,3.0,3.0,2.0,0.0,6.0,2.0,4.0,3.0,3.0,2.0,1.0,4.0,1.0,2.0,3.0,10.0,1.0,1.0,2.0,5.0,6.0,4.0,3.0,0.0,2.0,1.0,1.0,0.0,5.0,3.0,2.0,0.0,3.0,5.0,1.0,0.0,4.0,1.0,2.0,1.0,3.0,1.0,2.0,2.0,2.0,5.0,8.0,0.0,1.0,1.0,0.0,1.0,3.0,6.0,0.0,1.0,1.0,1.0,0.0,2.0,0.0,6.0,2.0,1.0,2.0,1.0,2.0,0.0,1.0,2.0,1.0,2.0,3.0,0.0,2.0,2.0,0.0,12.0,0.0,1.0,1.0,2.0,2.0,2.0,2.0,4.0,2.0,2.0,1.0,1.0,3.0,1.0,2.0,1.0,3.0,1.0,2.0,6.0,1.0,0.0,0.0,1.0,3.0,2.0,2.0,3.0,2.0,0.0,9.0,3.0,2.0,4.0,6.0,2.0,2.0,2.0,0.0,0.0,1.0,3.0,2.0,2.0,0.0,2.0,3.0,4.0,1.0,0.0,1.0,2.0,0.0,2.0,0.0,4.0,5.0,0.0,2.0,0.0,2.0,7.0,4.0,0.0,7.0,2.0,2.0,1.0,0.0,1.0,1.0,2.0,0.0,5.0,0.0,1.0,2.0,1.0,2.0,0.0,0.0,1.0,2.0,2.0,2.0,0.0,4.0,1.0,0.0,1.0,2.0,4.0,10.0,3.0,0.0,1.0,0.0,2.0,1.0,0.0,0.0,1.0,5.0,2.0,1.0,1.0,3.0,1.0,1.0,1.0,2.0,1.0,3.0,1.0,4.0,3.0,0.0,1.0,2.0,2.0,1.0,1.0,1.0,6.0,0
79,2388.0712683211814,166002.4931632653,2.0240688468872254,439.03247028331816,0.1745757643716827,0.0708762288354125,4.510204081632653,0.08775797306774442,6.0,0.0,1.0,0.0,1.0,3.0,1.0,2.0,5.0,2.0,1.0,0.0,1.0,1.0,4.0,0.0,2.0,1.0,1.0,3.0,1.0,1.0,5.0,1.0,3.0,0.0,3.0,0.0,3.0,1.0,1.0,11.0,0.0,0.0,2.0,0.0,1.0,1.0,2.0,1.0,3.0,0.0,2.0,0.0,2.0,1.0,0.0,3.0,1.0,3.0,2.0,2.0,2.0,1.0,4.0,3.0,1.0,2.0,1.0,0.0,4.0,0.0,8.0,1.0,1.0,1.0,1.0,0.0,1.0,0.0,2.0,0.0,1.0,1.0,1.0,0.0,2.0,1.0,0.0,1.0,1.0,0.0,4.0,1.0,1.0,2.0,1.0,1.0,2.0,3.0,0.0,1.0,2.0,5.0,1.0,0.0,0.0,1.0,0.0,0.0,1.0,1.0,5.0,1.0,1.0,2.0,1.0,0.0,2.0,1.0,1.0,2.0,0.0,0.0,2.0,1.0,0.0,1.0,1.0,0.0,2.0,2.0,0.0,4.0,9.0,2.0,1.0,2.0,1.0,1.0,1.0,1.0,4.0,2.0,1.0,1.0,0.0,0.0,0.0,2.0,0.0,0.0,4.0,1.0,1.0,0.0,1.0,0.0,0.0,2.0,0.0,2.0,0.0,1.0,0.0,5.0,1.0,0.0,0.0,0.0,1.0,0.0,3.0,1.0,1.0,0.0,0.0,2.0,0.0,1.0,0.0,2.0,2.0,0.0,3.0,0.0,1.0,2.0,2.0,1.0,3.0,1.0,0.0,0.0,1.0,1.0,2.0,1.0,0.0,0.0,2.0,0.0,1.0,1.0,0.0,1.0,1.0,0.0,0.0,2.0,2.0,0.0,1.0,0.0,1.0,0.0,0.0,1.0,1.0,0.0,2.0,0.0,2.0,0.0,2.0,1.0,2.0,4.0,0.0,1.0,4.0,2.0,2.0,2.0,0.0,1.0,1.0,1.0,1.0,0.0,2.0,0.0,1.0,2.0,3.0,1.0,1.0,2.0,2.0,1.0,2.0,2.0,0.0,1.0,1.0,0.0,0.0,1.0,4.0,0.0,2.0,2.0,0.0,0.0,2.0,3.0,2.0,0.0,1.0,0.0,2.0,0.0,0.0,1.0,1.0,2.0,2.0,1.0,3.0,2.0,1.0,1.0,2.0,1.0,2.0,1.0,0.0,3.0,0.0,7.0,1.0,1.0,1.0,0.0,2.0,0.0,1.0,0.0,1.0,1.0,0.0,3.0,1.0,1.0,3.0,2.0,0.0,0.0,0.0,0.0,1.0,3.0,2.0,2.0,0.0,1.0,1.0,3.0,1.0,2.0,3.0,1.0,1.0,1.0,1.0,0.0,2.0,0.0,0.0,3.0,1.0,2.0,1.0,2.0,2.0,1.0,3.0,1.0,0.0,1.0,3.0,2.0,1.0,0.0,2.0,0.0,0.0,0.0,1.0,0.0,2.0,2.0,0.0,0.0,1.0,1.0,0.0,2.0,1.0,1.0,0.0,0.0,1.0,0.0,1.0,0.0,0.0,1.0,1.0,0.0,0.0,2.0,0.0,2.0,1.0,3.0,4.0,2.0,2.0,4.0,1.0,0.0,5.0,0.0,2.0,1.0,2.0,0.0,1.0,2.0,1.0,0.0,1.0,1.0,1.0,5.0,2.0,5.0,2.0,2.0,0.0,1.0,2.0,0.0,0.0,1.0,1.0,1.0,0.0,0.0,0.0,1.0,2.0,2.0,0.0,0.0,0.0,1.0,0.0,0.0,0.0,0.0,0.0,3.0,1.0,4.0,1.0,2.0,0.0,0.0,3.0,1.0,1.0,1.0,2.0,3.0,1.0,1.0,1.0,0.0,2.0,0.0,2.0,1.0,6.0,1.0,0.0,1.0,3.0,1.0,2.0,2.0,0.0,0.0,2.0,2.0,2.0,2.0,0.0,3.0,4.0,0.0,2.0,1.0,0.0,0.0,2.0,1.0,1.0,0.0,0.0,1.0,0.0,0.0,2.0,11.0,1.0,5.0,2.0,0.0,1.0,0.0,0.0,0.0,2.0,2.0,1.0,2.0,0.0,0.0,0.0,0.0,3.0,2.0,0.0,1.0,0.0,1.0,1.0,0.0,1.0,0.0,0.0,0.0,0.0,2.0,3.0,1.0,0.0,3.0,2.0,1.0,0.0,2.0,1.0,3.0,1.0,1.0,1.0,0.0,1.0,3.0,0.0,1.0,0.0,1.0,0.0,1.0,1.0,0.0,1.0,0.0,2.0,2.0,1.0,2.0,0.0,4.0,1.0,2.0,0.0,5.0,2.0,1.0,2.0,2.0,1.0,3.0,1.0,1.0,2.0,3.0,1.0,1.0,0.0,0.0,1.0,2.0,0.0,0.0,1.0,0.0,1.0,0.0,0.0,0.0,0.0,1.0,2.0,0.0,0.0,0.0,1.0,0.0,4.0,1.0,0.0,0.0,1.0,2.0,1.0,1.0,0.0,2.0,1.0,0.0,3.0,1.0,0.0,1.0,0.0,0.0,3.0,0.0,2.0,1.0,0.0,1.0,0.0,6.0,0.0,1.0,4.0,2.0,3.0,1.0,2.0,2.0,0.0,0.0,2.0,3.0,1.0,0.0,1.0,1.0,0.0,4.0,0.0,1.0,0.0,2.0,0.0,0.0,2.0,1.0,0.0,1.0,0.0,0.0,4.0,1.0,1.0,1.0,0.0,2.0,1.0,0.0,0.0,1.0,3.0,0.0,2.0,0.0,2.0,1.0,0.0,1.0,3.0,1.0,0.0,0.0,3.0,0.0,1.0,0.0,0.0,4.0,0.0,1.0,1.0,5.0,1.0,0.0,0.0,0.0,1.0,0.0,2.0,0.0,0.0,0.0,4.0,0.0,1.0,1.0,0.0,0.0,0.0,0.0,1.0,1.0,4.0,2.0,2.0,1.0,1.0,4.0,1.0,0.0,1.0,2.0,8.0,4.0,1.0,4.0,3.0,0.0,1.0,2.0,2.0,0.0,0.0,1.0,3.0,0.0,0.0,1.0,1.0,1.0,0.0,0.0,1.0,2.0,1.0,2.0,3.0,2.0,0.0,1.0,2.0,2.0,2.0,5.0,1.0,3.0,0.0,1.0,1.0,2.0,3.0,1.0,2.0,3.0,1.0,1.0,0.0,3.0,2.0,4.0,3.0,0.0,2.0,1.0,5.0,1.0,0.0,1.0,0.0,3.0,2.0,0.0,2.0,4.0,11.0,0.0,1.0,0.0,1.0,0.0,4.0,5.0,0.0,2.0,3.0,0.0,1.0,1.0,1.0,2.0,2.0,1.0,2.0,1.0,2.0,1.0,3.0,2.0,2.0,0.0,0.0,0.0,1.0,4.0,0.0,3.0,3.0,2.0,1.0,1.0,1.0,0.0,1.0,0.0,1.0,3.0,0.0,2.0,4.0,3.0,4.0,2.0,2.0,0.0,1.0,3.0,1.0,2.0,1.0,0.0,0.0,0.0,1.0,0.0,1.0,1.0,6.0,0.0,0.0,2.0,1.0,4.0,2.0,0.0,3.0,0.0,0.0,1.0,2.0,1.0,0.0,2.0,3.0,1.0,1.0,1.0,2.0,1.0,2.0,0.0,1.0,0.0,1.0,0.0,0.0,0.0,0.0,2.0,2.0,2.0,2.0,2.0,2.0,1.0,2.0,0.0,0.0,0.0,2.0,1.0,2.0,2.0,0.0,1.0,2.0,0.0,0.0,0.0,1.0,1.0,1.0,0.0,1.0,2.0,1.0,2.0,2.0,1.0,4.0,1.0,0.0,1.0,1.0,1.0,1.0,0.0,0.0,2.0,1.0,3.0,1.0,1.0,1.0,0.0,0.0,3.0,2.0,0.0,0.0,0.0,0.0,1.0,1.0,1.0,1.0,3.0,2.0,0.0,3.0,8.0,0
80,3198.6711409347977,246122.68151515146,2.209131553850643,255.2131736522088,0.15160919327585984,0.07186934277843371,5.313131313131313,0.0816494717914882,11.0,2.0,1.0,1.0,3.0,1.0,0.0,1.0,2.0,2.0,1.0,1.0,8.0,1.0,1.0,3.0,2.0,2.0,2.0,2.0,1.0,0.0,6.0,3.0,5.0,1.0,2.0,0.0,4.0,1.0,1.0,21.0,3.0,1.0,3.0,1.0,3.0,2.0,1.0,3.0,3.0,2.0,0.0,2.0,3.0,3.0,2.0,3.0,0.0,0.0,3.0,3.0,0.0,2.0,3.0,3.0,4.0,2.0,1.0,2.0,2.0,3.0,12.0,3.0,3.0,0.0,2.0,2.0,0.0,1.0,1.0,1.0,2.0,0.0,4.0,1.0,0.0,1.0,1.0,2.0,2.0,2.0,0.0,2.0,1.0,2.0,0.0,1.0,0.0,2.0,2.0,0.0,1.0,22.0,0.0,2.0,1.0,1.0,0.0,0.0,3.0,2.0,2.0,4.0,0.0,1.0,2.0,2.0,2.0,2.0,2.0,2.0,2.0,3.0,2.0,6.0,0.0,0.0,1.0,1.0,4.0,3.0,1.0,0.0,11.0,2.0,3.0,0.0,1.0,1.0,0.0,2.0,0.0,3.0,1.0,1.0,0.0,1.0,3.0,1.0,3.0,0.0,2.0,4.0,3.0,0.0,2.0,0.0,1.0,1.0,1.0,3.0,1.0,1.0,3.0,19.0,2.0,3.0,0.0,2.0,0.0,0.0,2.0,1.0,0.0,3.0,1.0,1.0,2.0,0.0,0.0,2.0,0.0,1.0,1.0,1.0,4.0,2.0,0.0,2.0,2.0,4.0,1.0,1.0,1.0,4.0,9.0,1.0,0.0,0.0,0.0,0.0,3.0,0.0,2.0,1.0,1.0,0.0,0.0,2.0,0.0,0.0,1.0,1.0,1.0,3.0,1.0,1.0,0.0,3.0,0.0,4.0,2.0,1.0,1.0,0.0,0.0,17.0,1.0,0.0,0.0,1.0,2.0,0.0,2.0,1.0,1.0,1.0,1.0,4.0,2.0,0.0,4.0,6.0,3.0,0.0,0.0,3.0,2.0,1.0,2.0,2.0,2.0,3.0,3.0,1.0,0.0,1.0,3.0,0.0,1.0,0.0,0.0,2.0,1.0,0.0,0.0,0.0,3.0,0.0,2.0,1.0,3.0,3.0,1.0,2.0,1.0,1.0,0.0,3.0,2.0,0.0,0.0,1.0,1.0,1.0,0.0,0.0,0.0,8.0,1.0,1.0,2.0,1.0,3.0,0.0,2.0,1.0,3.0,2.0,1.0,0.0,0.0,2.0,1.0,4.0,1.0,0.0,0.0,1.0,4.0,3.0,1.0,2.0,2.0,1.0,1.0,2.0,2.0,1.0,11.0,2.0,1.0,2.0,2.0,1.0,1.0,0.0,1.0,0.0,0.0,0.0,3.0,2.0,0.0,1.0,1.0,1.0,2.0,1.0,2.0,1.0,2.0,4.0,4.0,2.0,1.0,1.0,0.0,0.0,1.0,7.0,2.0,0.0,0.0,1.0,1.0,0.0,0.0,0.0,0.0,1.0,1.0,0.0,0.0,0.0,2.0,2.0,3.0,0.0,1.0,3.0,1.0,2.0,4.0,7.0,1.0,4.0,5.0,2.0,2.0,1.0,24.0,5.0,2.0,2.0,2.0,3.0,2.0,3.0,2.0,0.0,0.0,0.0,1.0,0.0,1.0,2.0,4.0,4.0,3.0,3.0,3.0,1.0,1.0,1.0,1.0,1.0,2.0,1.0,0.0,0.0,2.0,8.0,0.0,0.0,1.0,2.0,1.0,1.0,1.0,2.0,1.0,4.0,1.0,1.0,0.0,2.0,3.0,1.0,1.0,4.0,1.0,1.0,1.0,1.0,0.0,1.0,3.0,2.0,3.0,2.0,1.0,0.0,14.0,0.0,1.0,0.0,2.0,0.0,1.0,0.0,0.0,3.0,2.0,1.0,2.0,2.0,2.0,2.0,3.0,2.0,0.0,3.0,1.0,0.0,1.0,2.0,1.0,1.0,0.0,2.0,2.0,0.0,1.0,9.0,0.0,1.0,3.0,1.0,0.0,2.0,1.0,0.0,4.0,2.0,2.0,2.0,0.0,0.0,3.0,2.0,0.0,3.0,0.0,0.0,0.0,2.0,1.0,1.0,0.0,0.0,2.0,2.0,1.0,2.0,6.0,1.0,0.0,0.0,2.0,0.0,0.0,1.0,1.0,4.0,0.0,2.0,0.0,1.0,1.0,1.0,2.0,2.0,1.0,2.0,1.0,1.0,2.0,0.0,1.0,0.0,4.0,0.0,0.0,2.0,1.0,6.0,1.0,2.0,0.0,4.0,0.0,0.0,1.0,3.0,0.0,1.0,1.0,1.0,0.0,3.0,1.0,0.0,2.0,1.0,2.0,3.0,2.0,4.0,2.0,1.0,3.0,1.0,0.0,0.0,1.0,2.0,3.0,0.0,1.0,1.0,2.0,0.0,2.0,2.0,1.0,0.0,1.0,4.0,0.0,0.0,3.0,1.0,0.0,2.0,2.0,1.0,1.0,0.0,1.0,0.0,3.0,1.0,2.0,2.0,0.0,3.0,0.0,10.0,1.0,0.0,1.0,3.0,3.0,0.0,2.0,2.0,1.0,1.0,0.0,3.0,0.0,2.0,0.0,0.0,0.0,2.0,1.0,1.0,1.0,1.0,2.0,1.0,1.0,1.0,2.0,0.0,2.0,3.0,16.0,1.0,1.0,0.0,4.0,1.0,2.0,1.0,1.0,0.0,5.0,2.0,1.0,1.0,0.0,3.0,1.0,0.0,2.0,2.0,0.0,1.0,3.0,0.0,3.0,2.0,1.0,0.0,0.0,2.0,0.0,7.0,0.0,3.0,1.0,0.0,3.0,0.0,2.0,1.0,4.0,0.0,0.0,3.0,2.0,1.0,0.0,3.0,1.0,0.0,2.0,1.0,4.0,0.0,2.0,0.0,0.0,0.0,1.0,1.0,1.0,1.0,4.0,2.0,3.0,1.0,3.0,1.0,1.0,1.0,1.0,2.0,5.0,2.0,5.0,1.0,1.0,1.0,2.0,1.0,6.0,2.0,2.0,1.0,1.0,1.0,2.0,1.0,1.0,0.0,2.0,0.0,1.0,21.0,1.0,2.0,4.0,3.0,0.0,0.0,1.0,1.0,2.0,0.0,0.0,1.0,3.0,4.0,2.0,0.0,2.0,1.0,1.0,1.0,2.0,3.0,3.0,4.0,1.0,0.0,2.0,6.0,3.0,2.0,19.0,0.0,3.0,1.0,1.0,4.0,2.0,1.0,2.0,2.0,0.0,1.0,2.0,2.0,0.0,3.0,3.0,2.0,2.0,0.0,1.0,3.0,1.0,1.0,1.0,2.0,1.0,1.0,1.0,1.0,3.0,21.0,3.0,3.0,1.0,4.0,4.0,1.0,0.0,1.0,1.0,1.0,2.0,0.0,3.0,1.0,3.0,3.0,2.0,4.0,1.0,1.0,0.0,0.0,3.0,1.0,1.0,2.0,1.0,1.0,2.0,4.0,23.0,0.0,2.0,2.0,3.0,3.0,1.0,1.0,0.0,2.0,1.0,0.0,0.0,2.0,0.0,2.0,2.0,3.0,1.0,1.0,1.0,1.0,2.0,1.0,1.0,3.0,1.0,1.0,0.0,1.0,0.0,9.0,2.0,0.0,1.0,0.0,2.0,0.0,1.0,0.0,1.0,1.0,3.0,0.0,2.0,0.0,2.0,5.0,0.0,0.0,1.0,0.0,1.0,3.0,1.0,4.0,2.0,0.0,3.0,1.0,2.0,0.0,20.0,1.0,4.0,3.0,2.0,4.0,0.0,0.0,2.0,1.0,0.0,0.0,1.0,0.0,5.0,0.0,2.0,1.0,0.0,4.0,3.0,1.0,1.0,1.0,2.0,1.0,1.0,3.0,1.0,1.0,1.0,20.0,0
81,3189.8354369176727,187946.41169999994,2.318829165597964,202.04638855864118,0.1550403779227308,0.13003941428941426,4.21,0.023299759212558738,23.0,4.0,8.0,2.0,1.0,3.0,3.0,1.0,5.0,1.0,3.0,2.0,0.0,4.0,4.0,2.0,2.0,1.0,3.0,3.0,0.0,1.0,4.0,2.0,4.0,0.0,4.0,4.0,4.0,4.0,1.0,19.0,3.0,3.0,2.0,1.0,2.0,1.0,6.0,2.0,9.0,6.0,3.0,6.0,3.0,2.0,0.0,3.0,3.0,5.0,2.0,5.0,4.0,5.0,3.0,2.0,1.0,3.0,4.0,4.0,8.0,5.0,14.0,2.0,1.0,1.0,2.0,1.0,1.0,1.0,1.0,2.0,4.0,1.0,3.0,2.0,1.0,1.0,2.0,4.0,2.0,3.0,1.0,0.0,2.0,0.0,2.0,4.0,1.0,1.0,4.0,2.0,2.0,12.0,1.0,0.0,0.0,1.0,3.0,1.0,2.0,2.0,2.0,2.0,3.0,4.0,4.0,3.0,3.0,2.0,2.0,3.0,1.0,4.0,1.0,1.0,1.0,2.0,3.0,3.0,4.0,3.0,3.0,0.0,11.0,0.0,0.0,2.0,1.0,1.0,1.0,1.0,2.0,4.0,0.0,2.0,2.0,1.0,2.0,1.0,1.0,1.0,2.0,3.0,3.0,3.0,0.0,2.0,1.0,1.0,2.0,1.0,0.0,2.0,0.0,13.0,1.0,3.0,2.0,3.0,1.0,1.0,3.0,2.0,2.0,1.0,2.0,1.0,1.0,1.0,1.0,2.0,4.0,3.0,1.0,2.0,1.0,2.0,2.0,1.0,0.0,3.0,2.0,2.0,2.0,0.0,9.0,2.0,1.0,2.0,2.0,0.0,2.0,0.0,0.0,0.0,2.0,0.0,1.0,1.0,2.0,0.0,4.0,3.0,3.0,3.0,2.0,2.0,0.0,3.0,1.0,2.0,0.0,3.0,0.0,6.0,2.0,9.0,0.0,1.0,3.0,3.0,2.0,2.0,2.0,3.0,0.0,1.0,3.0,3.0,1.0,2.0,2.0,2.0,4.0,0.0,0.0,1.0,0.0,1.0,6.0,2.0,2.0,0.0,2.0,3.0,2.0,1.0,15.0,1.0,4.0,1.0,1.0,4.0,0.0,4.0,0.0,2.0,3.0,1.0,1.0,2.0,5.0,1.0,4.0,3.0,4.0,1.0,3.0,0.0,2.0,5.0,0.0,3.0,0.0,3.0,1.0,1.0,0.0,8.0,1.0,1.0,6.0,0.0,1.0,1.0,0.0,1.0,0.0,0.0,1.0,1.0,1.0,0.0,2.0,1.0,2.0,3.0,3.0,3.0,4.0,5.0,3.0,2.0,2.0,2.0,3.0,2.0,1.0,1.0,18.0,3.0,1.0,1.0,2.0,3.0,1.0,3.0,3.0,2.0,2.0,0.0,3.0,3.0,5.0,0.0,2.0,2.0,2.0,3.0,2.0,2.0,1.0,3.0,4.0,2.0,0.0,0.0,0.0,1.0,1.0,10.0,2.0,0.0,0.0,1.0,1.0,2.0,1.0,0.0,1.0,2.0,2.0,4.0,2.0,0.0,1.0,3.0,0.0,3.0,6.0,5.0,0.0,2.0,2.0,2.0,4.0,4.0,2.0,5.0,2.0,0.0,27.0,1.0,3.0,2.0,2.0,4.0,2.0,2.0,3.0,4.0,2.0,4.0,3.0,1.0,2.0,1.0,4.0,2.0,4.0,6.0,2.0,1.0,2.0,1.0,2.0,2.0,1.0,0.0,2.0,1.0,3.0,11.0,0.0,0.0,0.0,3.0,0.0,1.0,2.0,0.0,2.0,1.0,2.0,2.0,2.0,3.0,3.0,4.0,3.0,1.0,2.0,3.0,0.0,2.0,2.0,3.0,2.0,0.0,1.0,0.0,2.0,3.0,12.0,0.0,2.0,1.0,1.0,1.0,0.0,3.0,4.0,1.0,1.0,1.0,2.0,3.0,2.0,2.0,3.0,3.0,0.0,2.0,2.0,2.0,1.0,1.0,2.0,0.0,1.0,1.0,4.0,0.0,1.0,10.0,0.0,1.0,2.0,0.0,2.0,3.0,5.0,1.0,0.0,4.0,0.0,3.0,0.0,2.0,0.0,1.0,4.0,0.0,0.0,0.0,1.0,2.0,4.0,0.0,1.0,1.0,4.0,1.0,0.0,0.0,11.0,0.0,2.0,1.0,0.0,4.0,1.0,1.0,2.0,0.0,2.0,2.0,1.0,2.0,2.0,4.0,1.0,2.0,1.0,0.0,2.0,0.0,2.0,1.0,3.0,1.0,1.0,0.0,1.0,2.0,0.0,4.0,3.0,0.0,2.0,2.0,0.0,1.0,3.0,2.0,2.0,2.0,4.0,1.0,1.0,2.0,1.0,2.0,3.0,1.0,1.0,3.0,1.0,1.0,1.0,1.0,6.0,3.0,1.0,3.0,0.0,3.0,13.0,2.0,0.0,1.0,4.0,2.0,3.0,0.0,2.0,3.0,1.0,0.0,2.0,5.0,6.0,1.0,3.0,2.0,0.0,1.0,2.0,1.0,2.0,1.0,2.0,0.0,2.0,1.0,1.0,1.0,1.0,5.0,1.0,3.0,1.0,2.0,1.0,1.0,1.0,0.0,2.0,1.0,0.0,2.0,1.0,1.0,4.0,0.0,0.0,1.0,2.0,2.0,1.0,1.0,4.0,3.0,2.0,0.0,0.0,2.0,1.0,0.0,9.0,1.0,2.0,5.0,0.0,1.0,0.0,4.0,0.0,2.0,3.0,2.0,1.0,2.0,1.0,3.0,1.0,2.0,0.0,1.0,1.0,1.0,6.0,1.0,3.0,2.0,4.0,0.0,1.0,1.0,3.0,8.0,4.0,5.0,0.0,2.0,0.0,1.0,1.0,1.0,4.0,6.0,3.0,5.0,2.0,2.0,1.0,4.0,3.0,1.0,1.0,0.0,2.0,2.0,4.0,2.0,3.0,0.0,5.0,1.0,2.0,1.0,16.0,3.0,3.0,4.0,2.0,3.0,1.0,1.0,3.0,2.0,2.0,1.0,2.0,3.0,2.0,3.0,3.0,2.0,5.0,4.0,0.0,1.0,0.0,1.0,4.0,1.0,1.0,5.0,1.0,0.0,1.0,15.0,2.0,1.0,5.0,5.0,4.0,1.0,4.0,4.0,0.0,5.0,1.0,2.0,2.0,3.0,4.0,2.0,2.0,2.0,2.0,2.0,1.0,1.0,0.0,2.0,2.0,0.0,1.0,2.0,4.0,3.0,16.0,3.0,1.0,2.0,0.0,3.0,2.0,3.0,2.0,1.0,1.0,1.0,2.0,0.0,1.0,2.0,1.0,1.0,1.0,4.0,1.0,1.0,2.0,0.0,2.0,1.0,3.0,1.0,0.0,0.0,1.0,10.0,1.0,1.0,3.0,0.0,4.0,3.0,3.0,4.0,1.0,1.0,3.0,0.0,2.0,0.0,2.0,1.0,3.0,3.0,1.0,1.0,0.0,4.0,0.0,2.0,1.0,1.0,4.0,2.0,1.0,0.0,15.0,0.0,2.0,0.0,1.0,6.0,3.0,4.0,3.0,1.0,0.0,3.0,2.0,3.0,5.0,0.0,4.0,1.0,3.0,5.0,1.0,0.0,2.0,3.0,2.0,2.0,1.0,1.0,0.0,1.0,1.0,12.0,2.0,2.0,2.0,3.0,2.0,1.0,3.0,4.0,2.0,2.0,5.0,4.0,1.0,1.0,0.0,1.0,2.0,0.0,1.0,3.0,2.0,3.0,3.0,1.0,1.0,2.0,1.0,1.0,4.0,0.0,5.0,0.0,1.0,2.0,2.0,3.0,1.0,0.0,2.0,1.0,5.0,3.0,6.0,2.0,4.0,0.0,3.0,0.0,1.0,1.0,0.0,1.0,0.0,2.0,2.0,1.0,3.0,0.0,2.0,1.0,2.0,13.0,0
82,2601.9847535579966,151867.90850000002,2.1014902513714877,240.31518909487485,0.18892637917637908,0.14052234894734894,3.77,-0.02914559995797739,15.0,4.0,1.0,4.0,3.0,2.0,1.0,3.0,0.0,1.0,2.0,4.0,5.0,2.0,3.0,2.0,0.0,0.0,2.0,0.0,2.0,2.0,3.0,2.0,1.0,3.0,6.0,2.0,2.0,4.0,1.0,9.0,5.0,1.0,3.0,1.0,1.0,4.0,1.0,2.0,3.0,1.0,0.0,4.0,5.0,1.0,2.0,4.0,4.0,1.0,1.0,0.0,1.0,2.0,3.0,4.0,2.0,2.0,3.0,1.0,4.0,3.0,12.0,1.0,0.0,0.0,1.0,2.0,2.0,0.0,3.0,1.0,1.0,1.0,0.0,1.0,5.0,0.0,1.0,1.0,2.0,1.0,2.0,0.0,1.0,2.0,0.0,3.0,1.0,0.0,3.0,3.0,0.0,13.0,0.0,2.0,2.0,0.0,4.0,1.0,1.0,4.0,0.0,0.0,4.0,1.0,1.0,0.0,1.0,4.0,2.0,1.0,1.0,1.0,3.0,4.0,1.0,0.0,4.0,1.0,1.0,1.0,1.0,1.0,21.0,3.0,4.0,1.0,1.0,1.0,0.0,4.0,4.0,3.0,3.0,2.0,0.0,1.0,0.0,0.0,2.0,2.0,2.0,0.0,0.0,2.0,1.0,2.0,0.0,0.0,3.0,0.0,0.0,2.0,1.0,8.0,0.0,0.0,3.0,2.0,1.0,1.0,4.0,2.0,1.0,0.0,1.0,4.0,0.0,0.0,0.0,2.0,0.0,3.0,0.0,0.0,4.0,2.0,0.0,0.0,2.0,3.0,2.0,1.0,3.0,2.0,14.0,2.0,0.0,1.0,1.0,0.0,0.0,1.0,2.0,0.0,0.0,1.0,1.0,1.0,2.0,0.0,1.0,2.0,5.0,3.0,1.0,0.0,0.0,1.0,3.0,2.0,1.0,1.0,2.0,1.0,1.0,14.0,1.0,0.0,5.0,1.0,1.0,1.0,1.0,1.0,1.0,2.0,1.0,1.0,2.0,0.0,2.0,3.0,1.0,1.0,1.0,3.0,1.0,0.0,3.0,2.0,2.0,3.0,1.0,1.0,0.0,0.0,8.0,1.0,1.0,0.0,1.0,1.0,2.0,1.0,0.0,2.0,0.0,5.0,1.0,2.0,2.0,4.0,1.0,2.0,2.0,1.0,0.0,2.0,2.0,1.0,0.0,1.0,0.0,1.0,0.0,3.0,2.0,12.0,1.0,0.0,0.0,2.0,1.0,1.0,0.0,0.0,2.0,1.0,0.0,0.0,0.0,1.0,5.0,4.0,3.0,1.0,0.0,3.0,4.0,4.0,2.0,2.0,0.0,2.0,3.0,0.0,1.0,1.0,8.0,1.0,1.0,4.0,2.0,1.0,2.0,0.0,2.0,0.0,2.0,0.0,4.0,3.0,2.0,0.0,1.0,3.0,0.0,2.0,3.0,1.0,1.0,0.0,3.0,2.0,3.0,1.0,1.0,0.0,1.0,16.0,1.0,1.0,1.0,3.0,0.0,2.0,3.0,1.0,4.0,2.0,1.0,2.0,3.0,0.0,1.0,0.0,0.0,2.0,2.0,1.0,1.0,1.0,1.0,1.0,1.0,6.0,1.0,1.0,2.0,3.0,12.0,0.0,1.0,3.0,2.0,7.0,2.0,2.0,1.0,2.0,3.0,1.0,1.0,1.0,0.0,2.0,1.0,3.0,1.0,4.0,2.0,2.0,2.0,3.0,1.0,1.0,1.0,2.0,2.0,0.0,3.0,8.0,0.0,2.0,1.0,1.0,0.0,1.0,3.0,1.0,0.0,2.0,2.0,1.0,0.0,0.0,1.0,2.0,3.0,1.0,2.0,4.0,2.0,2.0,1.0,1.0,2.0,0.0,4.0,1.0,2.0,3.0,15.0,0.0,0.0,1.0,0.0,3.0,4.0,2.0,4.0,2.0,3.0,1.0,0.0,1.0,1.0,5.0,1.0,4.0,3.0,2.0,0.0,2.0,0.0,0.0,0.0,1.0,0.0,1.0,4.0,1.0,2.0,10.0,2.0,1.0,1.0,2.0,2.0,1.0,1.0,0.0,3.0,1.0,2.0,1.0,0.0,0.0,1.0,0.0,1.0,0.0,1.0,0.0,3.0,0.0,2.0,1.0,0.0,2.0,1.0,0.0,1.0,1.0,3.0,1.0,0.0,1.0,1.0,2.0,0.0,0.0,1.0,1.0,0.0,1.0,0.0,1.0,1.0,1.0,1.0,2.0,2.0,1.0,0.0,1.0,0.0,1.0,0.0,0.0,2.0,3.0,4.0,1.0,1.0,7.0,0.0,1.0,1.0,1.0,3.0,3.0,2.0,0.0,1.0,4.0,0.0,1.0,2.0,2.0,1.0,1.0,0.0,1.0,2.0,1.0,3.0,1.0,0.0,1.0,0.0,1.0,1.0,3.0,0.0,0.0,4.0,0.0,2.0,2.0,0.0,1.0,1.0,0.0,1.0,3.0,1.0,0.0,4.0,1.0,1.0,0.0,1.0,0.0,1.0,2.0,0.0,3.0,1.0,1.0,3.0,1.0,1.0,2.0,1.0,1.0,0.0,13.0,0.0,1.0,2.0,2.0,2.0,1.0,4.0,2.0,4.0,0.0,1.0,2.0,3.0,3.0,1.0,0.0,0.0,3.0,3.0,4.0,2.0,3.0,2.0,1.0,2.0,3.0,0.0,1.0,0.0,0.0,7.0,2.0,1.0,2.0,3.0,0.0,2.0,0.0,1.0,2.0,2.0,2.0,2.0,2.0,3.0,1.0,1.0,0.0,1.0,1.0,1.0,3.0,3.0,1.0,2.0,0.0,0.0,0.0,0.0,0.0,1.0,2.0,1.0,1.0,0.0,1.0,3.0,0.0,0.0,1.0,2.0,3.0,1.0,1.0,2.0,1.0,0.0,1.0,0.0,2.0,3.0,2.0,2.0,1.0,1.0,0.0,1.0,2.0,1.0,2.0,1.0,0.0,14.0,3.0,3.0,5.0,1.0,1.0,1.0,1.0,4.0,5.0,2.0,3.0,3.0,2.0,4.0,2.0,3.0,2.0,3.0,1.0,2.0,2.0,0.0,1.0,0.0,2.0,1.0,2.0,0.0,0.0,3.0,19.0,1.0,1.0,4.0,3.0,0.0,1.0,1.0,3.0,1.0,5.0,2.0,0.0,0.0,1.0,4.0,1.0,3.0,2.0,3.0,1.0,2.0,4.0,1.0,2.0,0.0,2.0,1.0,3.0,3.0,4.0,21.0,2.0,0.0,1.0,3.0,0.0,3.0,2.0,0.0,2.0,2.0,1.0,2.0,3.0,2.0,2.0,2.0,0.0,2.0,0.0,2.0,0.0,0.0,2.0,1.0,3.0,2.0,3.0,3.0,1.0,3.0,14.0,2.0,2.0,1.0,0.0,2.0,2.0,2.0,0.0,1.0,0.0,2.0,0.0,1.0,0.0,3.0,4.0,3.0,2.0,1.0,2.0,1.0,2.0,1.0,3.0,0.0,0.0,0.0,6.0,1.0,2.0,14.0,1.0,2.0,1.0,2.0,4.0,0.0,1.0,0.0,4.0,2.0,0.0,1.0,2.0,1.0,0.0,1.0,0.0,8.0,1.0,0.0,0.0,5.0,0.0,2.0,0.0,0.0,3.0,1.0,1.0,0.0,7.0,2.0,2.0,3.0,0.0,0.0,1.0,0.0,0.0,1.0,1.0,2.0,0.0,1.0,0.0,1.0,1.0,0.0,0.0,0.0,0.0,1.0,3.0,3.0,1.0,0.0,2.0,1.0,4.0,2.0,0.0,14.0,1.0,2.0,2.0,1.0,2.0,3.0,0.0,1.0,2.0,1.0,1.0,2.0,2.0,1.0,1.0,2.0,1.0,0.0,0.0,1.0,2.0,3.0,0.0,1.0,1.0,2.0,1.0,0.0,2.0,0.0,4.0,0
83,2310.0106335146193,126151.30990000005,2.0753875317527153,292.6376576475502,0.19595562770562774,0.11843601121101123,3.99,0.003945847232273493,24.0,4.0,3.0,1.0,1.0,1.0,2.0,3.0,7.0,2.0,1.0,1.0,1.0,4.0,2.0,2.0,4.0,0.0,4.0,2.0,2.0,2.0,0.0,1.0,2.0,1.0,4.0,1.0,3.0,3.0,1.0,31.0,3.0,2.0,2.0,1.0,2.0,1.0,1.0,4.0,3.0,3.0,1.0,1.0,1.0,4.0,1.0,3.0,2.0,1.0,5.0,8.0,4.0,1.0,3.0,4.0,1.0,2.0,2.0,1.0,2.0,4.0,16.0,4.0,3.0,3.0,1.0,0.0,2.0,0.0,1.0,1.0,4.0,3.0,2.0,2.0,3.0,0.0,1.0,4.0,2.0,2.0,0.0,0.0,1.0,0.0,3.0,0.0,0.0,1.0,1.0,2.0,1.0,15.0,1.0,2.0,3.0,0.0,4.0,2.0,0.0,1.0,2.0,1.0,4.0,1.0,1.0,1.0,1.0,2.0,1.0,1.0,1.0,2.0,2.0,6.0,3.0,1.0,1.0,3.0,1.0,3.0,1.0,1.0,12.0,0.0,0.0,2.0,0.0,3.0,1.0,0.0,4.0,1.0,0.0,3.0,3.0,3.0,2.0,5.0,1.0,2.0,2.0,1.0,0.0,1.0,0.0,1.0,0.0,1.0,6.0,2.0,1.0,0.0,0.0,15.0,1.0,2.0,3.0,4.0,2.0,2.0,2.0,0.0,1.0,1.0,0.0,0.0,3.0,1.0,2.0,2.0,2.0,1.0,1.0,0.0,2.0,2.0,1.0,1.0,3.0,1.0,2.0,2.0,1.0,2.0,11.0,1.0,0.0,0.0,2.0,1.0,1.0,3.0,0.0,2.0,1.0,1.0,0.0,2.0,2.0,1.0,0.0,2.0,2.0,1.0,0.0,1.0,0.0,0.0,1.0,1.0,0.0,0.0,3.0,2.0,1.0,13.0,1.0,1.0,0.0,1.0,2.0,1.0,2.0,2.0,1.0,1.0,2.0,3.0,2.0,1.0,0.0,3.0,2.0,1.0,1.0,2.0,1.0,0.0,4.0,2.0,1.0,2.0,1.0,3.0,3.0,0.0,6.0,0.0,0.0,0.0,1.0,0.0,0.0,2.0,2.0,1.0,2.0,2.0,2.0,1.0,4.0,1.0,0.0,0.0,1.0,0.0,1.0,2.0,2.0,4.0,3.0,1.0,1.0,2.0,2.0,2.0,0.0,10.0,0.0,2.0,1.0,1.0,1.0,1.0,0.0,2.0,1.0,1.0,1.0,1.0,1.0,2.0,0.0,0.0,4.0,1.0,1.0,0.0,2.0,2.0,1.0,2.0,3.0,2.0,1.0,1.0,1.0,0.0,4.0,2.0,1.0,1.0,0.0,1.0,0.0,0.0,2.0,0.0,2.0,0.0,1.0,0.0,0.0,0.0,0.0,2.0,1.0,2.0,1.0,7.0,1.0,0.0,0.0,0.0,0.0,0.0,0.0,1.0,0.0,6.0,1.0,3.0,0.0,1.0,1.0,1.0,1.0,0.0,0.0,1.0,2.0,2.0,4.0,1.0,1.0,0.0,1.0,0.0,2.0,4.0,0.0,0.0,2.0,1.0,3.0,3.0,1.0,2.0,1.0,2.0,24.0,2.0,2.0,3.0,1.0,1.0,1.0,3.0,3.0,1.0,2.0,0.0,2.0,5.0,2.0,3.0,0.0,1.0,1.0,1.0,2.0,2.0,4.0,0.0,0.0,2.0,2.0,0.0,1.0,2.0,2.0,13.0,1.0,1.0,0.0,3.0,2.0,0.0,1.0,1.0,2.0,3.0,0.0,1.0,1.0,0.0,1.0,1.0,2.0,0.0,2.0,2.0,2.0,3.0,1.0,2.0,1.0,1.0,2.0,3.0,2.0,0.0,22.0,1.0,0.0,0.0,2.0,1.0,1.0,0.0,1.0,0.0,2.0,3.0,2.0,2.0,3.0,0.0,2.0,2.0,1.0,2.0,3.0,0.0,0.0,2.0,0.0,0.0,0.0,1.0,2.0,0.0,4.0,17.0,1.0,0.0,1.0,2.0,4.0,2.0,5.0,2.0,3.0,1.0,1.0,4.0,0.0,1.0,1.0,1.0,1.0,3.0,0.0,1.0,3.0,3.0,0.0,2.0,2.0,0.0,2.0,0.0,2.0,0.0,4.0,1.0,0.0,0.0,1.0,0.0,3.0,1.0,1.0,2.0,5.0,0.0,0.0,0.0,4.0,1.0,4.0,1.0,0.0,2.0,1.0,1.0,1.0,1.0,1.0,0.0,3.0,3.0,0.0,1.0,1.0,6.0,0.0,3.0,0.0,0.0,2.0,2.0,1.0,0.0,2.0,0.0,0.0,1.0,3.0,1.0,0.0,2.0,1.0,2.0,0.0,2.0,2.0,3.0,0.0,0.0,2.0,0.0,0.0,4.0,3.0,0.0,12.0,1.0,0.0,1.0,4.0,2.0,2.0,0.0,0.0,2.0,0.0,1.0,1.0,4.0,3.0,5.0,1.0,1.0,0.0,0.0,3.0,2.0,2.0,0.0,1.0,0.0,0.0,2.0,2.0,1.0,3.0,22.0,3.0,2.0,1.0,2.0,1.0,3.0,1.0,3.0,2.0,1.0,1.0,5.0,3.0,2.0,1.0,1.0,0.0,0.0,2.0,1.0,0.0,3.0,3.0,3.0,3.0,2.0,1.0,0.0,0.0,2.0,25.0,4.0,2.0,2.0,3.0,2.0,0.0,1.0,2.0,0.0,3.0,4.0,2.0,1.0,1.0,3.0,0.0,0.0,0.0,0.0,0.0,0.0,2.0,0.0,5.0,1.0,1.0,0.0,1.0,2.0,0.0,7.0,3.0,0.0,0.0,2.0,2.0,4.0,1.0,1.0,5.0,2.0,1.0,3.0,3.0,3.0,1.0,3.0,1.0,2.0,4.0,0.0,1.0,1.0,3.0,2.0,1.0,2.0,0.0,1.0,0.0,0.0,17.0,2.0,1.0,4.0,1.0,2.0,0.0,0.0,1.0,1.0,3.0,2.0,3.0,3.0,1.0,1.0,0.0,0.0,1.0,0.0,1.0,1.0,1.0,2.0,2.0,4.0,0.0,2.0,1.0,1.0,2.0,20.0,2.0,1.0,1.0,1.0,1.0,2.0,3.0,1.0,1.0,1.0,1.0,2.0,0.0,2.0,0.0,1.0,2.0,2.0,1.0,0.0,3.0,2.0,0.0,1.0,2.0,2.0,1.0,0.0,1.0,2.0,17.0,3.0,1.0,2.0,1.0,1.0,2.0,4.0,3.0,4.0,0.0,1.0,0.0,2.0,3.0,1.0,1.0,1.0,0.0,2.0,0.0,0.0,0.0,4.0,2.0,1.0,3.0,1.0,2.0,2.0,0.0,20.0,0.0,1.0,1.0,3.0,4.0,0.0,6.0,2.0,2.0,0.0,2.0,1.0,1.0,1.0,0.0,0.0,3.0,3.0,1.0,1.0,2.0,4.0,1.0,1.0,2.0,1.0,0.0,2.0,0.0,0.0,11.0,1.0,2.0,1.0,2.0,4.0,0.0,3.0,0.0,1.0,0.0,1.0,1.0,1.0,2.0,2.0,3.0,1.0,2.0,0.0,1.0,0.0,1.0,4.0,3.0,0.0,2.0,1.0,3.0,1.0,0.0,14.0,1.0,0.0,1.0,0.0,0.0,1.0,1.0,1.0,2.0,0.0,1.0,2.0,0.0,0.0,3.0,1.0,0.0,1.0,0.0,1.0,0.0,2.0,3.0,1.0,0.0,2.0,1.0,0.0,4.0,0.0,15.0,0.0,2.0,1.0,0.0,0.0,1.0,2.0,4.0,1.0,0.0,1.0,1.0,0.0,1.0,1.0,1.0,1.0,1.0,1.0,1.0,0.0,1.0,2.0,0.0,0.0,0.0,2.0,1.0,1.0,1.0,8.0,0
84,1629.5246802159852,95523.97701030929,1.862254416079633,343.51258226411636,0.23452978865350005,0.07835256095565374,4.670103092783505,0.01127634555162071,11.0,1.0,2.0,2.0,1.0,0.0,2.0,2.0,2.0,1.0,2.0,4.0,3.0,4.0,2.0,0.0,1.0,1.0,1.0,2.0,1.0,2.0,4.0,0.0,5.0,2.0,1.0,4.0,1.0,2.0,0.0,11.0,0.0,1.0,2.0,1.0,3.0,0.0,1.0,1.0,2.0,0.0,2.0,0.0,2.0,1.0,2.0,2.0,1.0,2.0,1.0,2.0,0.0,1.0,1.0,0.0,3.0,2.0,1.0,2.0,1.0,0.0,12.0,0.0,0.0,0.0,1.0,0.0,1.0,0.0,1.0,0.0,0.0,0.0,1.0,4.0,1.0,1.0,2.0,1.0,0.0,1.0,0.0,1.0,1.0,2.0,2.0,1.0,1.0,0.0,2.0,3.0,0.0,11.0,1.0,0.0,1.0,1.0,0.0,0.0,2.0,1.0,0.0,0.0,4.0,1.0,1.0,0.0,2.0,1.0,1.0,2.0,2.0,2.0,1.0,1.0,2.0,0.0,1.0,1.0,0.0,2.0,0.0,3.0,3.0,1.0,0.0,0.0,2.0,0.0,1.0,0.0,5.0,0.0,3.0,0.0,0.0,1.0,4.0,2.0,2.0,0.0,0.0,0.0,1.0,0.0,0.0,1.0,0.0,0.0,2.0,1.0,1.0,2.0,1.0,7.0,0.0,2.0,2.0,0.0,1.0,0.0,0.0,0.0,1.0,0.0,0.0,2.0,2.0,1.0,1.0,1.0,1.0,1.0,0.0,0.0,1.0,1.0,1.0,1.0,2.0,0.0,0.0,0.0,0.0,1.0,6.0,1.0,0.0,1.0,1.0,0.0,2.0,1.0,0.0,0.0,1.0,1.0,1.0,1.0,0.0,2.0,0.0,2.0,2.0,1.0,1.0,1.0,0.0,0.0,1.0,3.0,2.0,1.0,0.0,0.0,0.0,8.0,0.0,0.0,1.0,0.0,0.0,0.0,3.0,0.0,1.0,0.0,2.0,0.0,0.0,1.0,0.0,0.0,3.0,0.0,1.0,2.0,0.0,1.0,1.0,2.0,0.0,0.0,1.0,0.0,0.0,1.0,8.0,0.0,1.0,1.0,1.0,0.0,0.0,1.0,1.0,0.0,2.0,0.0,0.0,1.0,1.0,3.0,1.0,3.0,1.0,0.0,1.0,3.0,4.0,0.0,0.0,0.0,0.0,1.0,0.0,1.0,1.0,5.0,0.0,1.0,0.0,1.0,1.0,1.0,1.0,0.0,0.0,1.0,4.0,0.0,0.0,5.0,0.0,0.0,0.0,0.0,1.0,0.0,2.0,2.0,0.0,0.0,1.0,0.0,0.0,0.0,1.0,0.0,8.0,0.0,1.0,1.0,1.0,0.0,0.0,3.0,1.0,2.0,1.0,2.0,2.0,0.0,1.0,0.0,3.0,0.0,1.0,1.0,2.0,1.0,1.0,1.0,0.0,0.0,2.0,0.0,0.0,1.0,1.0,5.0,0.0,0.0,0.0,2.0,0.0,0.0,0.0,1.0,2.0,1.0,2.0,1.0,0.0,2.0,0.0,0.0,1.0,0.0,1.0,1.0,2.0,1.0,5.0,2.0,1.0,2.0,2.0,3.0,0.0,1.0,13.0,1.0,3.0,0.0,0.0,0.0,0.0,1.0,1.0,2.0,2.0,1.0,2.0,0.0,1.0,3.0,0.0,2.0,3.0,0.0,1.0,2.0,1.0,1.0,1.0,0.0,2.0,1.0,1.0,2.0,2.0,8.0,1.0,1.0,1.0,0.0,0.0,0.0,1.0,0.0,0.0,2.0,0.0,0.0,2.0,0.0,1.0,0.0,4.0,1.0,0.0,2.0,1.0,1.0,1.0,2.0,0.0,1.0,1.0,1.0,2.0,2.0,9.0,0.0,1.0,1.0,0.0,3.0,0.0,0.0,1.0,1.0,1.0,3.0,2.0,1.0,3.0,1.0,0.0,1.0,0.0,1.0,0.0,2.0,1.0,0.0,1.0,0.0,0.0,0.0,1.0,2.0,1.0,6.0,0.0,0.0,1.0,2.0,0.0,1.0,0.0,0.0,2.0,3.0,1.0,0.0,0.0,1.0,2.0,0.0,1.0,1.0,0.0,2.0,0.0,0.0,2.0,1.0,0.0,0.0,1.0,1.0,3.0,0.0,4.0,0.0,1.0,0.0,1.0,2.0,2.0,1.0,0.0,1.0,0.0,0.0,0.0,0.0,4.0,1.0,1.0,1.0,0.0,3.0,0.0,0.0,2.0,1.0,0.0,0.0,1.0,3.0,2.0,1.0,0.0,6.0,1.0,1.0,2.0,2.0,1.0,1.0,0.0,2.0,0.0,0.0,1.0,0.0,1.0,0.0,0.0,1.0,2.0,2.0,1.0,2.0,0.0,0.0,0.0,2.0,3.0,3.0,0.0,0.0,1.0,2.0,4.0,0.0,2.0,1.0,0.0,0.0,0.0,0.0,0.0,2.0,0.0,1.0,2.0,1.0,1.0,0.0,4.0,0.0,0.0,2.0,0.0,2.0,2.0,0.0,0.0,2.0,2.0,1.0,1.0,0.0,1.0,8.0,1.0,1.0,2.0,2.0,0.0,0.0,2.0,1.0,0.0,0.0,1.0,2.0,0.0,1.0,3.0,1.0,2.0,0.0,0.0,2.0,3.0,1.0,2.0,0.0,0.0,0.0,0.0,3.0,0.0,1.0,1.0,0.0,1.0,1.0,0.0,1.0,0.0,1.0,1.0,0.0,4.0,3.0,2.0,1.0,2.0,0.0,1.0,1.0,0.0,0.0,0.0,0.0,1.0,0.0,1.0,1.0,5.0,3.0,0.0,2.0,1.0,12.0,0.0,2.0,2.0,1.0,1.0,0.0,2.0,3.0,4.0,1.0,2.0,2.0,1.0,0.0,0.0,0.0,1.0,0.0,0.0,1.0,1.0,0.0,1.0,0.0,1.0,0.0,2.0,0.0,1.0,2.0,2.0,0.0,0.0,2.0,1.0,0.0,2.0,2.0,1.0,1.0,1.0,4.0,0.0,2.0,1.0,1.0,0.0,0.0,1.0,2.0,3.0,0.0,2.0,1.0,1.0,4.0,0.0,1.0,1.0,3.0,1.0,12.0,1.0,0.0,1.0,0.0,0.0,0.0,5.0,1.0,0.0,1.0,0.0,1.0,0.0,1.0,1.0,2.0,0.0,1.0,2.0,1.0,0.0,1.0,0.0,1.0,1.0,2.0,0.0,0.0,2.0,2.0,9.0,0.0,1.0,3.0,1.0,1.0,0.0,2.0,2.0,1.0,1.0,1.0,0.0,3.0,2.0,2.0,1.0,1.0,2.0,1.0,0.0,1.0,0.0,4.0,0.0,2.0,0.0,0.0,1.0,1.0,1.0,11.0,2.0,0.0,0.0,0.0,3.0,1.0,1.0,0.0,0.0,2.0,1.0,0.0,2.0,1.0,2.0,1.0,1.0,1.0,0.0,2.0,1.0,0.0,1.0,1.0,0.0,3.0,1.0,1.0,2.0,2.0,5.0,1.0,0.0,1.0,0.0,3.0,1.0,2.0,0.0,1.0,2.0,0.0,1.0,1.0,1.0,0.0,2.0,0.0,1.0,0.0,1.0,1.0,0.0,0.0,1.0,2.0,0.0,0.0,2.0,2.0,1.0,6.0,0.0,0.0,0.0,1.0,1.0,1.0,0.0,1.0,1.0,0.0,0.0,2.0,1.0,1.0,1.0,1.0,0.0,0.0,0.0,0.0,0.0,1.0,1.0,2.0,1.0,1.0,2.0,0.0,1.0,0.0,4.0,0.0,3.0,1.0,1.0,1.0,1.0,0.0,0.0,0.0,0.0,0.0,0.0,0.0,1.0,1.0,2.0,2.0,0.0,0.0,0.0,0.0,1.0,3.0,0.0,1.0,0.0,3.0,1.0,1.0,0.0,6.0,0
85,2030.1211083288301,100644.91764999997,1.9430172015343856,248.25117283547294,0.2539869852369851,0.13813903318903317,3.41,-0.06352968101380312,39.0,3.0,3.0,4.0,4.0,3.0,4.0,2.0,1.0,1.0,2.0,2.0,5.0,6.0,2.0,6.0,1.0,5.0,3.0,4.0,2.0,3.0,1.0,1.0,3.0,2.0,3.0,0.0,1.0,2.0,1.0,22.0,5.0,5.0,3.0,1.0,0.0,1.0,8.0,0.0,4.0,0.0,2.0,3.0,2.0,2.0,1.0,0.0,2.0,1.0,1.0,5.0,0.0,2.0,6.0,2.0,2.0,1.0,2.0,2.0,3.0,4.0,12.0,2.0,0.0,0.0,0.0,2.0,4.0,0.0,1.0,1.0,4.0,0.0,0.0,2.0,2.0,2.0,3.0,3.0,2.0,0.0,1.0,1.0,0.0,2.0,1.0,2.0,3.0,2.0,4.0,2.0,1.0,17.0,1.0,1.0,1.0,1.0,1.0,1.0,3.0,3.0,3.0,1.0,3.0,2.0,1.0,1.0,2.0,3.0,1.0,0.0,1.0,2.0,1.0,3.0,3.0,0.0,1.0,2.0,1.0,0.0,0.0,2.0,9.0,4.0,0.0,1.0,0.0,0.0,0.0,0.0,1.0,2.0,2.0,1.0,1.0,2.0,0.0,2.0,1.0,1.0,4.0,4.0,2.0,3.0,1.0,0.0,1.0,0.0,6.0,1.0,1.0,2.0,0.0,8.0,2.0,2.0,3.0,0.0,1.0,2.0,3.0,0.0,3.0,0.0,0.0,0.0,1.0,1.0,0.0,1.0,0.0,4.0,0.0,2.0,0.0,2.0,3.0,0.0,1.0,2.0,2.0,1.0,3.0,1.0,11.0,3.0,0.0,1.0,0.0,1.0,1.0,1.0,1.0,0.0,1.0,1.0,2.0,0.0,1.0,0.0,0.0,0.0,2.0,2.0,2.0,2.0,1.0,0.0,1.0,1.0,3.0,3.0,1.0,1.0,0.0,4.0,1.0,3.0,1.0,0.0,2.0,4.0,2.0,3.0,4.0,0.0,2.0,1.0,1.0,0.0,0.0,2.0,2.0,1.0,2.0,1.0,1.0,0.0,1.0,3.0,2.0,3.0,0.0,4.0,0.0,0.0,8.0,0.0,2.0,1.0,1.0,0.0,1.0,2.0,2.0,4.0,1.0,1.0,1.0,0.0,3.0,3.0,2.0,1.0,0.0,1.0,1.0,1.0,3.0,0.0,0.0,0.0,1.0,0.0,2.0,0.0,1.0,11.0,0.0,0.0,3.0,1.0,0.0,0.0,0.0,0.0,1.0,0.0,3.0,1.0,3.0,0.0,2.0,0.0,0.0,1.0,0.0,0.0,0.0,3.0,1.0,0.0,0.0,2.0,1.0,0.0,2.0,0.0,9.0,1.0,2.0,1.0,0.0,1.0,2.0,0.0,0.0,1.0,1.0,1.0,3.0,3.0,2.0,1.0,0.0,1.0,1.0,4.0,5.0,2.0,1.0,0.0,0.0,1.0,0.0,0.0,1.0,0.0,1.0,12.0,1.0,0.0,1.0,0.0,0.0,1.0,1.0,0.0,1.0,1.0,2.0,0.0,0.0,0.0,2.0,0.0,1.0,0.0,4.0,2.0,1.0,3.0,2.0,3.0,2.0,4.0,2.0,6.0,1.0,0.0,38.0,1.0,2.0,1.0,0.0,3.0,5.0,2.0,2.0,6.0,2.0,0.0,5.0,3.0,4.0,3.0,1.0,3.0,6.0,2.0,2.0,1.0,0.0,3.0,1.0,0.0,3.0,0.0,1.0,0.0,0.0,13.0,0.0,1.0,1.0,2.0,0.0,0.0,1.0,0.0,1.0,3.0,1.0,1.0,0.0,1.0,3.0,0.0,6.0,1.0,2.0,1.0,0.0,2.0,2.0,2.0,1.0,0.0,1.0,1.0,3.0,2.0,8.0,0.0,0.0,0.0,1.0,3.0,1.0,1.0,0.0,2.0,0.0,2.0,0.0,1.0,1.0,1.0,1.0,3.0,1.0,0.0,3.0,1.0,1.0,2.0,0.0,4.0,1.0,1.0,2.0,0.0,1.0,12.0,2.0,2.0,2.0,1.0,1.0,1.0,2.0,2.0,5.0,1.0,0.0,3.0,3.0,1.0,3.0,4.0,2.0,0.0,2.0,0.0,1.0,2.0,1.0,0.0,0.0,0.0,3.0,0.0,0.0,2.0,3.0,0.0,0.0,1.0,0.0,0.0,2.0,0.0,1.0,0.0,2.0,1.0,0.0,0.0,6.0,2.0,1.0,2.0,0.0,2.0,0.0,0.0,2.0,0.0,2.0,0.0,2.0,0.0,2.0,1.0,0.0,7.0,3.0,0.0,1.0,1.0,2.0,0.0,4.0,0.0,0.0,0.0,0.0,1.0,1.0,4.0,3.0,2.0,0.0,1.0,0.0,6.0,0.0,0.0,0.0,1.0,4.0,2.0,3.0,1.0,2.0,1.0,17.0,1.0,3.0,2.0,3.0,0.0,3.0,2.0,3.0,0.0,0.0,1.0,3.0,2.0,2.0,3.0,1.0,0.0,1.0,1.0,2.0,0.0,0.0,1.0,3.0,0.0,2.0,2.0,0.0,0.0,4.0,17.0,1.0,2.0,2.0,1.0,1.0,2.0,0.0,1.0,0.0,0.0,0.0,0.0,2.0,3.0,1.0,0.0,3.0,5.0,2.0,0.0,0.0,0.0,3.0,1.0,1.0,1.0,1.0,3.0,3.0,0.0,6.0,1.0,0.0,1.0,5.0,1.0,1.0,2.0,0.0,0.0,3.0,6.0,1.0,1.0,1.0,3.0,0.0,2.0,0.0,0.0,2.0,1.0,2.0,0.0,0.0,0.0,0.0,0.0,1.0,0.0,0.0,10.0,1.0,4.0,0.0,1.0,3.0,1.0,2.0,0.0,6.0,1.0,1.0,1.0,3.0,1.0,1.0,0.0,0.0,1.0,2.0,2.0,4.0,0.0,0.0,2.0,1.0,1.0,0.0,1.0,2.0,1.0,15.0,0.0,2.0,2.0,1.0,3.0,1.0,1.0,1.0,1.0,2.0,1.0,2.0,2.0,2.0,1.0,2.0,0.0,1.0,0.0,3.0,3.0,1.0,1.0,1.0,1.0,3.0,0.0,2.0,0.0,2.0,10.0,0.0,2.0,2.0,4.0,2.0,1.0,3.0,3.0,0.0,2.0,2.0,1.0,3.0,2.0,0.0,3.0,3.0,0.0,5.0,3.0,1.0,6.0,0.0,1.0,0.0,2.0,3.0,0.0,1.0,3.0,27.0,0.0,1.0,2.0,0.0,1.0,1.0,3.0,1.0,0.0,3.0,2.0,3.0,0.0,1.0,0.0,0.0,0.0,2.0,1.0,5.0,4.0,0.0,1.0,1.0,1.0,2.0,2.0,1.0,2.0,1.0,6.0,0.0,1.0,0.0,1.0,3.0,4.0,1.0,1.0,1.0,1.0,0.0,1.0,0.0,1.0,0.0,1.0,3.0,0.0,1.0,3.0,2.0,2.0,1.0,1.0,1.0,3.0,3.0,0.0,0.0,1.0,7.0,2.0,0.0,0.0,1.0,2.0,1.0,4.0,0.0,1.0,2.0,2.0,1.0,1.0,1.0,1.0,3.0,0.0,0.0,1.0,1.0,1.0,7.0,0.0,2.0,0.0,0.0,0.0,1.0,0.0,3.0,8.0,1.0,0.0,2.0,1.0,4.0,2.0,1.0,0.0,0.0,0.0,1.0,0.0,2.0,2.0,2.0,1.0,0.0,1.0,0.0,0.0,0.0,2.0,3.0,1.0,0.0,2.0,0.0,1.0,0.0,1.0,11.0,2.0,3.0,2.0,1.0,0.0,1.0,0.0,0.0,1.0,1.0,0.0,2.0,0.0,1.0,1.0,1.0,1.0,0.0,0.0,0.0,5.0,0.0,1.0,1.0,1.0,0.0,1.0,1.0,0.0,1.0,13.0,0
86,2615.3965093367906,119887.08515,2.063460777250221,249.21944166000415,0.19952799977799976,0.1427538942538943,3.53,-0.023090378164845986,26.0,4.0,5.0,1.0,1.0,4.0,4.0,0.0,5.0,1.0,3.0,2.0,8.0,3.0,6.0,2.0,4.0,1.0,0.0,2.0,1.0,3.0,0.0,6.0,1.0,2.0,4.0,4.0,2.0,2.0,5.0,23.0,2.0,3.0,4.0,1.0,3.0,2.0,2.0,2.0,4.0,3.0,1.0,4.0,1.0,3.0,5.0,4.0,6.0,3.0,3.0,2.0,1.0,2.0,4.0,7.0,1.0,1.0,5.0,0.0,1.0,1.0,9.0,1.0,1.0,0.0,0.0,1.0,1.0,0.0,2.0,1.0,5.0,2.0,1.0,3.0,0.0,3.0,0.0,2.0,0.0,2.0,1.0,3.0,1.0,1.0,3.0,3.0,1.0,3.0,2.0,3.0,2.0,12.0,2.0,0.0,1.0,1.0,3.0,1.0,2.0,3.0,3.0,2.0,1.0,3.0,2.0,4.0,0.0,1.0,1.0,1.0,0.0,2.0,0.0,4.0,0.0,1.0,1.0,1.0,3.0,4.0,3.0,0.0,18.0,2.0,1.0,0.0,1.0,1.0,2.0,2.0,5.0,0.0,0.0,0.0,0.0,1.0,1.0,1.0,2.0,3.0,2.0,0.0,1.0,2.0,2.0,1.0,1.0,1.0,2.0,2.0,1.0,3.0,0.0,9.0,0.0,3.0,1.0,1.0,0.0,2.0,4.0,0.0,0.0,0.0,2.0,1.0,1.0,2.0,2.0,0.0,3.0,4.0,0.0,3.0,1.0,2.0,0.0,0.0,1.0,1.0,2.0,0.0,0.0,2.0,9.0,1.0,0.0,1.0,0.0,0.0,2.0,1.0,0.0,1.0,0.0,0.0,1.0,1.0,2.0,0.0,1.0,2.0,2.0,1.0,1.0,0.0,1.0,2.0,1.0,2.0,0.0,1.0,0.0,2.0,1.0,11.0,1.0,1.0,1.0,0.0,1.0,2.0,2.0,0.0,1.0,0.0,2.0,1.0,1.0,1.0,0.0,7.0,1.0,0.0,4.0,4.0,1.0,1.0,2.0,4.0,0.0,1.0,2.0,0.0,0.0,2.0,13.0,1.0,0.0,0.0,2.0,0.0,5.0,1.0,0.0,1.0,2.0,0.0,1.0,3.0,1.0,3.0,3.0,3.0,2.0,0.0,0.0,1.0,4.0,2.0,0.0,1.0,0.0,1.0,0.0,1.0,0.0,6.0,0.0,0.0,1.0,5.0,1.0,2.0,1.0,1.0,1.0,1.0,2.0,1.0,3.0,2.0,0.0,1.0,1.0,1.0,0.0,0.0,1.0,3.0,0.0,2.0,0.0,3.0,0.0,0.0,2.0,1.0,7.0,0.0,1.0,0.0,0.0,4.0,0.0,2.0,0.0,1.0,1.0,0.0,2.0,0.0,2.0,0.0,1.0,0.0,1.0,2.0,2.0,3.0,1.0,0.0,0.0,0.0,0.0,1.0,0.0,2.0,1.0,7.0,2.0,1.0,1.0,2.0,2.0,1.0,0.0,2.0,1.0,4.0,0.0,2.0,0.0,0.0,1.0,1.0,2.0,0.0,4.0,3.0,0.0,3.0,5.0,2.0,1.0,4.0,2.0,3.0,1.0,0.0,29.0,4.0,3.0,4.0,3.0,6.0,4.0,3.0,3.0,2.0,2.0,4.0,2.0,4.0,1.0,1.0,0.0,5.0,3.0,4.0,1.0,2.0,3.0,1.0,2.0,1.0,2.0,0.0,1.0,1.0,1.0,15.0,1.0,2.0,1.0,3.0,1.0,3.0,0.0,2.0,3.0,2.0,3.0,0.0,1.0,2.0,2.0,3.0,3.0,3.0,1.0,2.0,3.0,2.0,1.0,3.0,0.0,1.0,0.0,0.0,2.0,1.0,9.0,1.0,0.0,1.0,4.0,0.0,2.0,0.0,3.0,1.0,1.0,2.0,0.0,1.0,0.0,1.0,4.0,3.0,1.0,3.0,1.0,4.0,2.0,2.0,0.0,0.0,1.0,0.0,1.0,2.0,0.0,14.0,2.0,0.0,2.0,1.0,1.0,0.0,1.0,0.0,5.0,4.0,4.0,1.0,0.0,0.0,2.0,4.0,1.0,2.0,2.0,0.0,0.0,1.0,0.0,3.0,3.0,0.0,3.0,1.0,2.0,1.0,6.0,3.0,1.0,0.0,2.0,0.0,0.0,2.0,1.0,1.0,2.0,2.0,0.0,0.0,4.0,5.0,3.0,6.0,2.0,2.0,0.0,0.0,2.0,1.0,0.0,0.0,4.0,1.0,1.0,0.0,1.0,17.0,0.0,0.0,2.0,0.0,1.0,3.0,0.0,3.0,0.0,3.0,2.0,2.0,1.0,4.0,1.0,1.0,0.0,0.0,2.0,1.0,1.0,0.0,0.0,1.0,5.0,2.0,2.0,1.0,0.0,1.0,8.0,0.0,0.0,0.0,3.0,1.0,2.0,0.0,2.0,4.0,3.0,3.0,2.0,2.0,3.0,0.0,2.0,0.0,0.0,1.0,1.0,1.0,2.0,1.0,4.0,1.0,0.0,0.0,3.0,1.0,1.0,8.0,1.0,0.0,0.0,1.0,2.0,1.0,0.0,0.0,0.0,2.0,2.0,2.0,2.0,0.0,2.0,2.0,0.0,0.0,1.0,1.0,2.0,1.0,2.0,1.0,0.0,2.0,1.0,2.0,2.0,0.0,8.0,1.0,2.0,2.0,0.0,2.0,1.0,2.0,2.0,1.0,1.0,6.0,0.0,2.0,2.0,2.0,1.0,0.0,1.0,1.0,0.0,2.0,2.0,0.0,1.0,0.0,1.0,1.0,3.0,0.0,1.0,8.0,1.0,2.0,1.0,0.0,0.0,0.0,4.0,0.0,2.0,4.0,2.0,1.0,0.0,1.0,0.0,2.0,4.0,2.0,0.0,1.0,1.0,1.0,3.0,0.0,2.0,0.0,1.0,1.0,0.0,0.0,11.0,2.0,1.0,5.0,0.0,0.0,0.0,1.0,3.0,2.0,2.0,2.0,4.0,1.0,1.0,3.0,1.0,1.0,2.0,1.0,4.0,2.0,0.0,5.0,2.0,2.0,0.0,1.0,3.0,3.0,1.0,18.0,0.0,1.0,1.0,4.0,2.0,2.0,4.0,2.0,1.0,2.0,1.0,1.0,2.0,1.0,1.0,1.0,0.0,2.0,1.0,5.0,0.0,3.0,2.0,1.0,2.0,1.0,1.0,1.0,0.0,0.0,6.0,1.0,2.0,1.0,1.0,0.0,2.0,2.0,1.0,2.0,2.0,3.0,1.0,0.0,1.0,3.0,1.0,3.0,3.0,5.0,3.0,1.0,0.0,2.0,2.0,2.0,1.0,0.0,1.0,0.0,4.0,13.0,1.0,1.0,1.0,2.0,8.0,3.0,0.0,0.0,1.0,2.0,1.0,1.0,1.0,0.0,0.0,2.0,3.0,1.0,1.0,1.0,0.0,1.0,1.0,1.0,1.0,2.0,2.0,0.0,1.0,0.0,8.0,0.0,1.0,2.0,3.0,2.0,5.0,2.0,1.0,0.0,1.0,3.0,3.0,0.0,0.0,2.0,2.0,1.0,1.0,0.0,1.0,1.0,2.0,0.0,1.0,1.0,3.0,0.0,2.0,2.0,0.0,12.0,2.0,1.0,4.0,3.0,0.0,3.0,0.0,0.0,1.0,2.0,1.0,1.0,1.0,2.0,4.0,2.0,0.0,1.0,1.0,1.0,1.0,0.0,1.0,3.0,0.0,2.0,0.0,0.0,1.0,2.0,13.0,0.0,5.0,1.0,3.0,1.0,1.0,2.0,0.0,2.0,2.0,2.0,0.0,0.0,2.0,1.0,3.0,2.0,1.0,3.0,0.0,2.0,1.0,0.0,0.0,1.0,0.0,0.0,1.0,0.0,2.0,12.0,0
87,2651.4367125341537,144725.42260000002,2.143141332622291,236.63330176452047,0.19068889443889442,0.15575397010397016,3.53,-0.021261201686525365,26.0,1.0,4.0,4.0,4.0,1.0,4.0,3.0,2.0,3.0,3.0,1.0,8.0,6.0,3.0,2.0,1.0,1.0,4.0,4.0,2.0,4.0,3.0,1.0,2.0,1.0,4.0,1.0,2.0,3.0,1.0,14.0,5.0,1.0,4.0,1.0,3.0,2.0,7.0,1.0,1.0,3.0,3.0,0.0,4.0,0.0,2.0,3.0,4.0,4.0,3.0,2.0,0.0,1.0,2.0,2.0,2.0,1.0,4.0,1.0,6.0,4.0,32.0,1.0,1.0,2.0,2.0,2.0,0.0,2.0,1.0,1.0,5.0,1.0,2.0,3.0,3.0,1.0,1.0,1.0,4.0,1.0,0.0,4.0,0.0,4.0,0.0,1.0,1.0,6.0,2.0,1.0,3.0,12.0,0.0,0.0,0.0,0.0,7.0,0.0,3.0,3.0,0.0,2.0,2.0,2.0,3.0,0.0,3.0,0.0,3.0,1.0,3.0,1.0,5.0,2.0,6.0,1.0,1.0,1.0,4.0,2.0,2.0,1.0,7.0,0.0,1.0,1.0,3.0,0.0,1.0,0.0,2.0,1.0,1.0,1.0,1.0,1.0,0.0,1.0,0.0,3.0,0.0,1.0,2.0,1.0,2.0,0.0,2.0,2.0,2.0,0.0,6.0,0.0,0.0,10.0,1.0,1.0,2.0,2.0,2.0,2.0,1.0,0.0,1.0,0.0,1.0,3.0,1.0,1.0,1.0,1.0,0.0,5.0,0.0,2.0,0.0,2.0,3.0,0.0,2.0,3.0,2.0,0.0,0.0,1.0,19.0,1.0,0.0,1.0,1.0,0.0,0.0,1.0,3.0,1.0,1.0,0.0,4.0,1.0,3.0,2.0,3.0,4.0,0.0,3.0,2.0,0.0,2.0,2.0,3.0,2.0,1.0,0.0,0.0,1.0,1.0,13.0,1.0,0.0,2.0,1.0,1.0,3.0,3.0,4.0,0.0,0.0,0.0,2.0,0.0,0.0,2.0,2.0,4.0,1.0,2.0,0.0,3.0,0.0,4.0,2.0,1.0,4.0,3.0,1.0,0.0,0.0,20.0,1.0,0.0,3.0,2.0,3.0,1.0,0.0,4.0,1.0,2.0,1.0,3.0,1.0,2.0,1.0,2.0,4.0,4.0,1.0,2.0,1.0,5.0,2.0,1.0,0.0,0.0,1.0,1.0,1.0,0.0,12.0,1.0,0.0,2.0,0.0,4.0,0.0,1.0,1.0,2.0,0.0,0.0,0.0,3.0,3.0,5.0,0.0,2.0,2.0,4.0,1.0,2.0,10.0,0.0,4.0,1.0,1.0,1.0,0.0,2.0,2.0,11.0,0.0,2.0,0.0,1.0,0.0,1.0,0.0,1.0,0.0,1.0,0.0,2.0,1.0,5.0,1.0,1.0,2.0,1.0,1.0,1.0,0.0,1.0,2.0,1.0,2.0,0.0,2.0,1.0,0.0,1.0,9.0,3.0,3.0,0.0,3.0,1.0,0.0,2.0,0.0,4.0,1.0,1.0,0.0,1.0,1.0,0.0,0.0,1.0,1.0,1.0,4.0,4.0,4.0,0.0,5.0,1.0,4.0,4.0,2.0,0.0,3.0,21.0,4.0,6.0,2.0,6.0,3.0,1.0,1.0,2.0,0.0,0.0,1.0,3.0,3.0,1.0,2.0,2.0,3.0,2.0,0.0,1.0,2.0,1.0,1.0,0.0,2.0,2.0,0.0,3.0,2.0,5.0,18.0,1.0,0.0,0.0,4.0,1.0,4.0,1.0,1.0,4.0,2.0,0.0,1.0,0.0,1.0,3.0,1.0,3.0,2.0,1.0,1.0,1.0,1.0,4.0,2.0,1.0,2.0,1.0,2.0,2.0,2.0,10.0,1.0,1.0,1.0,3.0,3.0,2.0,0.0,1.0,3.0,1.0,2.0,0.0,3.0,4.0,2.0,3.0,2.0,0.0,3.0,1.0,0.0,1.0,4.0,0.0,1.0,2.0,0.0,0.0,1.0,3.0,6.0,2.0,5.0,1.0,0.0,0.0,1.0,1.0,1.0,0.0,2.0,0.0,2.0,1.0,0.0,2.0,1.0,4.0,1.0,2.0,0.0,3.0,0.0,1.0,2.0,2.0,0.0,3.0,1.0,2.0,2.0,7.0,1.0,0.0,1.0,3.0,1.0,2.0,2.0,5.0,1.0,2.0,0.0,0.0,0.0,2.0,1.0,2.0,0.0,1.0,2.0,2.0,0.0,0.0,1.0,2.0,1.0,1.0,2.0,2.0,4.0,0.0,10.0,1.0,1.0,3.0,1.0,2.0,5.0,3.0,1.0,0.0,1.0,3.0,1.0,2.0,1.0,2.0,2.0,0.0,1.0,1.0,3.0,2.0,0.0,1.0,0.0,4.0,4.0,0.0,1.0,0.0,0.0,12.0,1.0,1.0,1.0,2.0,1.0,5.0,1.0,1.0,1.0,1.0,1.0,3.0,2.0,2.0,2.0,3.0,2.0,0.0,2.0,1.0,4.0,2.0,0.0,1.0,0.0,1.0,0.0,1.0,1.0,0.0,7.0,1.0,0.0,1.0,3.0,2.0,1.0,2.0,1.0,1.0,0.0,0.0,3.0,2.0,4.0,1.0,1.0,3.0,0.0,2.0,0.0,2.0,1.0,2.0,1.0,0.0,0.0,2.0,2.0,0.0,2.0,6.0,1.0,2.0,4.0,2.0,1.0,3.0,3.0,1.0,2.0,3.0,1.0,1.0,2.0,1.0,2.0,2.0,1.0,2.0,2.0,0.0,1.0,5.0,1.0,2.0,1.0,0.0,1.0,0.0,2.0,2.0,13.0,0.0,1.0,1.0,2.0,1.0,0.0,0.0,1.0,6.0,3.0,0.0,1.0,1.0,3.0,2.0,2.0,1.0,0.0,1.0,2.0,1.0,0.0,1.0,0.0,0.0,4.0,1.0,0.0,1.0,0.0,12.0,4.0,1.0,4.0,0.0,1.0,0.0,1.0,3.0,4.0,1.0,2.0,2.0,2.0,3.0,1.0,1.0,1.0,2.0,2.0,3.0,2.0,1.0,4.0,5.0,0.0,0.0,2.0,4.0,5.0,2.0,21.0,2.0,1.0,4.0,1.0,1.0,0.0,4.0,1.0,1.0,3.0,3.0,1.0,1.0,3.0,2.0,5.0,1.0,2.0,2.0,2.0,3.0,4.0,1.0,2.0,0.0,1.0,0.0,4.0,1.0,5.0,21.0,0.0,5.0,1.0,2.0,3.0,5.0,3.0,2.0,1.0,1.0,2.0,1.0,0.0,3.0,0.0,2.0,1.0,5.0,1.0,1.0,0.0,3.0,4.0,1.0,0.0,2.0,0.0,1.0,0.0,2.0,22.0,0.0,1.0,1.0,3.0,3.0,3.0,2.0,4.0,1.0,1.0,2.0,0.0,2.0,2.0,2.0,0.0,2.0,2.0,2.0,0.0,1.0,1.0,4.0,3.0,1.0,5.0,1.0,1.0,1.0,0.0,9.0,0.0,1.0,2.0,3.0,3.0,1.0,1.0,0.0,0.0,0.0,0.0,1.0,3.0,2.0,0.0,1.0,1.0,1.0,0.0,0.0,1.0,1.0,0.0,0.0,1.0,2.0,4.0,2.0,1.0,0.0,9.0,1.0,0.0,2.0,5.0,3.0,1.0,2.0,3.0,2.0,2.0,3.0,4.0,1.0,2.0,2.0,0.0,0.0,1.0,2.0,3.0,1.0,2.0,0.0,0.0,0.0,1.0,3.0,2.0,2.0,1.0,21.0,0.0,3.0,1.0,5.0,3.0,1.0,2.0,1.0,0.0,1.0,1.0,1.0,0.0,4.0,1.0,1.0,1.0,1.0,1.0,1.0,1.0,0.0,1.0,0.0,0.0,2.0,1.0,3.0,0.0,2.0,12.0,0
89,1842.942304318954,96509.89494999997,1.9702020030426792,274.8475838410816,0.22510694860694866,0.12978065175565176,3.64,0.020976048616575718,30.0,2.0,8.0,2.0,2.0,1.0,5.0,3.0,2.0,3.0,0.0,4.0,2.0,2.0,6.0,2.0,3.0,1.0,0.0,3.0,1.0,1.0,2.0,2.0,1.0,5.0,2.0,3.0,1.0,5.0,2.0,15.0,5.0,2.0,2.0,4.0,5.0,0.0,1.0,2.0,1.0,2.0,3.0,1.0,2.0,1.0,1.0,2.0,4.0,4.0,3.0,1.0,1.0,3.0,4.0,5.0,2.0,2.0,1.0,1.0,5.0,4.0,16.0,3.0,1.0,2.0,2.0,3.0,2.0,0.0,0.0,1.0,2.0,1.0,0.0,0.0,2.0,0.0,2.0,1.0,3.0,1.0,1.0,2.0,4.0,1.0,0.0,1.0,0.0,2.0,5.0,3.0,1.0,17.0,1.0,1.0,0.0,1.0,2.0,0.0,2.0,2.0,0.0,0.0,2.0,1.0,1.0,1.0,1.0,1.0,1.0,3.0,4.0,0.0,4.0,0.0,0.0,1.0,1.0,2.0,0.0,3.0,1.0,1.0,13.0,0.0,0.0,4.0,1.0,1.0,0.0,3.0,0.0,1.0,0.0,0.0,3.0,0.0,1.0,0.0,0.0,1.0,2.0,3.0,2.0,1.0,1.0,1.0,2.0,2.0,4.0,1.0,0.0,2.0,1.0,10.0,1.0,1.0,1.0,0.0,1.0,1.0,2.0,0.0,0.0,2.0,0.0,0.0,1.0,0.0,1.0,2.0,0.0,1.0,0.0,2.0,0.0,1.0,1.0,1.0,5.0,3.0,2.0,2.0,2.0,2.0,13.0,1.0,1.0,0.0,0.0,0.0,2.0,1.0,3.0,0.0,1.0,0.0,2.0,2.0,2.0,2.0,4.0,1.0,0.0,2.0,1.0,1.0,0.0,1.0,0.0,0.0,1.0,1.0,2.0,0.0,1.0,10.0,3.0,0.0,1.0,0.0,3.0,0.0,0.0,0.0,1.0,2.0,2.0,0.0,2.0,1.0,0.0,1.0,2.0,1.0,2.0,3.0,2.0,0.0,8.0,5.0,2.0,1.0,0.0,2.0,0.0,1.0,8.0,1.0,0.0,1.0,1.0,0.0,0.0,2.0,0.0,1.0,3.0,1.0,0.0,1.0,1.0,1.0,1.0,0.0,1.0,0.0,2.0,0.0,2.0,3.0,2.0,0.0,1.0,0.0,0.0,0.0,0.0,10.0,0.0,0.0,0.0,0.0,0.0,1.0,0.0,0.0,2.0,0.0,1.0,1.0,4.0,1.0,0.0,1.0,2.0,1.0,0.0,1.0,0.0,4.0,0.0,1.0,2.0,1.0,3.0,0.0,0.0,0.0,6.0,0.0,1.0,1.0,0.0,0.0,1.0,1.0,0.0,0.0,0.0,0.0,1.0,4.0,0.0,0.0,0.0,1.0,0.0,0.0,3.0,2.0,0.0,2.0,1.0,1.0,0.0,0.0,0.0,0.0,1.0,10.0,6.0,1.0,0.0,0.0,1.0,0.0,1.0,1.0,1.0,0.0,1.0,2.0,1.0,1.0,0.0,2.0,0.0,2.0,3.0,2.0,1.0,2.0,0.0,2.0,2.0,2.0,3.0,1.0,1.0,4.0,22.0,0.0,5.0,1.0,1.0,4.0,3.0,1.0,2.0,0.0,4.0,1.0,1.0,0.0,0.0,1.0,1.0,2.0,0.0,1.0,2.0,1.0,0.0,1.0,0.0,0.0,1.0,0.0,2.0,0.0,3.0,15.0,0.0,2.0,1.0,0.0,1.0,0.0,1.0,0.0,1.0,1.0,5.0,1.0,1.0,0.0,1.0,0.0,4.0,0.0,1.0,3.0,0.0,0.0,2.0,1.0,2.0,2.0,0.0,0.0,4.0,3.0,22.0,2.0,0.0,1.0,1.0,2.0,0.0,0.0,5.0,1.0,1.0,0.0,0.0,1.0,1.0,1.0,3.0,1.0,0.0,1.0,1.0,1.0,0.0,0.0,3.0,2.0,0.0,0.0,2.0,2.0,2.0,11.0,0.0,2.0,3.0,3.0,3.0,1.0,0.0,1.0,2.0,0.0,1.0,3.0,0.0,0.0,3.0,3.0,2.0,2.0,4.0,0.0,1.0,1.0,2.0,1.0,1.0,1.0,1.0,1.0,0.0,2.0,17.0,1.0,0.0,0.0,1.0,1.0,0.0,1.0,1.0,1.0,1.0,0.0,0.0,0.0,3.0,2.0,1.0,0.0,0.0,1.0,4.0,2.0,1.0,0.0,0.0,0.0,1.0,2.0,1.0,0.0,1.0,19.0,1.0,0.0,1.0,1.0,0.0,2.0,0.0,1.0,1.0,2.0,2.0,1.0,2.0,4.0,2.0,2.0,0.0,1.0,1.0,1.0,0.0,1.0,1.0,1.0,1.0,0.0,0.0,4.0,4.0,0.0,9.0,2.0,1.0,3.0,0.0,1.0,1.0,1.0,2.0,0.0,0.0,1.0,1.0,2.0,2.0,2.0,2.0,0.0,1.0,0.0,2.0,0.0,1.0,1.0,3.0,0.0,1.0,1.0,0.0,0.0,1.0,9.0,1.0,1.0,1.0,2.0,0.0,2.0,0.0,1.0,0.0,1.0,2.0,4.0,3.0,1.0,2.0,0.0,1.0,1.0,1.0,1.0,2.0,2.0,0.0,3.0,2.0,1.0,1.0,3.0,1.0,1.0,23.0,2.0,1.0,3.0,0.0,0.0,1.0,2.0,0.0,1.0,3.0,2.0,1.0,2.0,2.0,1.0,1.0,0.0,0.0,1.0,1.0,1.0,1.0,0.0,1.0,3.0,2.0,1.0,2.0,0.0,2.0,6.0,2.0,1.0,1.0,1.0,5.0,2.0,0.0,1.0,2.0,4.0,2.0,1.0,1.0,1.0,2.0,1.0,1.0,2.0,0.0,0.0,2.0,1.0,3.0,0.0,0.0,1.0,0.0,0.0,4.0,3.0,20.0,2.0,3.0,1.0,2.0,0.0,0.0,3.0,1.0,0.0,2.0,1.0,0.0,1.0,4.0,1.0,1.0,2.0,3.0,0.0,2.0,0.0,2.0,3.0,1.0,3.0,1.0,3.0,2.0,0.0,1.0,20.0,1.0,2.0,1.0,3.0,0.0,1.0,0.0,1.0,0.0,2.0,2.0,1.0,1.0,1.0,2.0,1.0,2.0,1.0,1.0,1.0,2.0,0.0,2.0,3.0,0.0,1.0,2.0,3.0,1.0,2.0,12.0,1.0,3.0,0.0,0.0,3.0,1.0,1.0,0.0,2.0,2.0,0.0,2.0,2.0,1.0,1.0,1.0,0.0,0.0,2.0,1.0,2.0,0.0,2.0,0.0,2.0,3.0,2.0,0.0,1.0,1.0,15.0,3.0,0.0,1.0,1.0,1.0,7.0,1.0,0.0,0.0,2.0,0.0,2.0,1.0,1.0,0.0,0.0,4.0,1.0,1.0,1.0,1.0,0.0,1.0,0.0,1.0,5.0,1.0,0.0,0.0,2.0,6.0,2.0,2.0,0.0,4.0,1.0,0.0,1.0,1.0,1.0,3.0,2.0,0.0,0.0,0.0,3.0,0.0,0.0,1.0,0.0,3.0,0.0,1.0,1.0,1.0,3.0,0.0,3.0,2.0,1.0,1.0,11.0,1.0,0.0,4.0,0.0,1.0,0.0,2.0,0.0,1.0,0.0,0.0,0.0,0.0,2.0,0.0,1.0,0.0,4.0,0.0,0.0,2.0,0.0,0.0,1.0,0.0,0.0,0.0,0.0,2.0,0.0,5.0,0.0,3.0,2.0,3.0,1.0,0.0,0.0,0.0,0.0,2.0,0.0,0.0,0.0,3.0,1.0,3.0,2.0,0.0,2.0,0.0,0.0,2.0,0.0,4.0,0.0,1.0,1.0,2.0,0.0,1.0,13.0,0
90,1954.9353395429102,136283.90994736837,1.9086153878079348,426.3284424734192,0.22546780704675443,0.09835358598516493,4.168421052631579,0.01735782692776483,9.0,2.0,2.0,0.0,5.0,0.0,3.0,0.0,2.0,0.0,0.0,1.0,2.0,0.0,1.0,0.0,0.0,1.0,0.0,1.0,1.0,3.0,1.0,1.0,1.0,1.0,1.0,0.0,1.0,3.0,1.0,11.0,2.0,2.0,0.0,1.0,1.0,2.0,3.0,1.0,4.0,1.0,2.0,1.0,2.0,2.0,1.0,3.0,2.0,0.0,2.0,0.0,1.0,1.0,0.0,3.0,5.0,4.0,1.0,1.0,4.0,3.0,8.0,1.0,0.0,0.0,1.0,0.0,0.0,3.0,0.0,1.0,2.0,0.0,0.0,1.0,0.0,0.0,0.0,2.0,0.0,1.0,2.0,1.0,2.0,0.0,0.0,1.0,5.0,1.0,1.0,1.0,1.0,14.0,2.0,2.0,3.0,2.0,1.0,0.0,2.0,1.0,1.0,0.0,2.0,0.0,1.0,0.0,0.0,2.0,0.0,1.0,1.0,3.0,2.0,2.0,3.0,0.0,0.0,0.0,0.0,3.0,1.0,0.0,4.0,1.0,1.0,0.0,0.0,1.0,0.0,0.0,1.0,0.0,1.0,1.0,0.0,0.0,2.0,2.0,1.0,0.0,2.0,1.0,1.0,2.0,1.0,5.0,0.0,1.0,0.0,1.0,1.0,0.0,1.0,2.0,0.0,1.0,1.0,2.0,1.0,0.0,0.0,0.0,2.0,0.0,0.0,3.0,2.0,0.0,0.0,0.0,0.0,1.0,0.0,0.0,1.0,0.0,0.0,2.0,0.0,1.0,3.0,0.0,0.0,0.0,9.0,3.0,2.0,1.0,1.0,3.0,0.0,1.0,2.0,0.0,1.0,1.0,3.0,1.0,3.0,0.0,0.0,3.0,2.0,1.0,1.0,0.0,2.0,0.0,2.0,1.0,0.0,1.0,1.0,2.0,3.0,9.0,0.0,0.0,1.0,2.0,2.0,2.0,1.0,1.0,0.0,0.0,1.0,0.0,1.0,1.0,1.0,1.0,1.0,0.0,0.0,1.0,2.0,0.0,2.0,0.0,0.0,1.0,0.0,1.0,0.0,1.0,11.0,0.0,1.0,0.0,3.0,1.0,0.0,1.0,0.0,0.0,0.0,0.0,1.0,2.0,1.0,2.0,4.0,1.0,2.0,1.0,2.0,0.0,0.0,4.0,0.0,1.0,0.0,1.0,0.0,1.0,1.0,7.0,1.0,1.0,0.0,1.0,1.0,0.0,1.0,1.0,1.0,1.0,2.0,1.0,1.0,0.0,2.0,4.0,2.0,1.0,0.0,0.0,0.0,4.0,0.0,2.0,0.0,0.0,1.0,1.0,0.0,0.0,5.0,0.0,1.0,0.0,2.0,1.0,0.0,1.0,0.0,2.0,0.0,0.0,2.0,1.0,0.0,1.0,1.0,3.0,1.0,0.0,1.0,2.0,1.0,0.0,1.0,0.0,1.0,2.0,0.0,1.0,0.0,4.0,2.0,0.0,0.0,0.0,1.0,0.0,0.0,1.0,0.0,1.0,1.0,1.0,2.0,0.0,1.0,1.0,3.0,1.0,0.0,0.0,0.0,0.0,2.0,0.0,1.0,1.0,0.0,0.0,2.0,1.0,12.0,2.0,1.0,1.0,1.0,1.0,1.0,1.0,0.0,1.0,5.0,1.0,3.0,1.0,1.0,1.0,1.0,2.0,1.0,1.0,3.0,2.0,0.0,1.0,2.0,0.0,3.0,1.0,1.0,0.0,1.0,2.0,0.0,3.0,0.0,0.0,0.0,0.0,1.0,0.0,1.0,1.0,5.0,0.0,0.0,0.0,0.0,2.0,1.0,3.0,1.0,2.0,3.0,0.0,1.0,0.0,0.0,0.0,1.0,2.0,1.0,0.0,11.0,2.0,0.0,2.0,1.0,0.0,0.0,0.0,1.0,5.0,2.0,2.0,0.0,0.0,2.0,0.0,1.0,1.0,2.0,2.0,0.0,0.0,0.0,2.0,0.0,1.0,0.0,1.0,1.0,0.0,1.0,17.0,1.0,1.0,0.0,4.0,3.0,0.0,0.0,1.0,2.0,0.0,0.0,4.0,1.0,1.0,0.0,1.0,1.0,2.0,0.0,0.0,0.0,0.0,0.0,1.0,1.0,0.0,1.0,1.0,1.0,2.0,2.0,0.0,0.0,0.0,0.0,0.0,0.0,1.0,0.0,0.0,1.0,0.0,0.0,0.0,1.0,1.0,1.0,3.0,0.0,0.0,1.0,0.0,0.0,1.0,0.0,0.0,0.0,1.0,0.0,1.0,0.0,3.0,1.0,1.0,0.0,1.0,2.0,2.0,2.0,2.0,0.0,3.0,0.0,2.0,2.0,0.0,1.0,0.0,2.0,1.0,2.0,3.0,2.0,2.0,1.0,1.0,3.0,2.0,0.0,0.0,1.0,0.0,6.0,0.0,1.0,2.0,0.0,2.0,0.0,1.0,0.0,2.0,1.0,0.0,0.0,2.0,1.0,1.0,0.0,0.0,3.0,0.0,3.0,0.0,0.0,0.0,1.0,0.0,1.0,2.0,0.0,0.0,2.0,13.0,2.0,1.0,0.0,1.0,1.0,0.0,1.0,3.0,2.0,0.0,0.0,1.0,2.0,1.0,2.0,1.0,1.0,0.0,2.0,0.0,2.0,1.0,0.0,2.0,1.0,1.0,0.0,1.0,4.0,1.0,5.0,1.0,1.0,1.0,1.0,0.0,2.0,2.0,0.0,2.0,1.0,2.0,2.0,0.0,3.0,0.0,0.0,0.0,2.0,3.0,0.0,0.0,2.0,1.0,1.0,0.0,0.0,1.0,1.0,1.0,0.0,10.0,0.0,0.0,1.0,3.0,1.0,0.0,1.0,0.0,3.0,2.0,1.0,2.0,0.0,1.0,0.0,3.0,1.0,2.0,0.0,1.0,0.0,2.0,2.0,0.0,0.0,1.0,0.0,1.0,1.0,1.0,6.0,1.0,1.0,0.0,1.0,2.0,2.0,3.0,1.0,2.0,0.0,0.0,1.0,1.0,2.0,1.0,0.0,4.0,2.0,1.0,0.0,1.0,3.0,0.0,1.0,3.0,2.0,2.0,2.0,1.0,1.0,6.0,2.0,0.0,2.0,2.0,1.0,0.0,1.0,1.0,2.0,5.0,0.0,1.0,3.0,0.0,0.0,0.0,0.0,2.0,0.0,1.0,2.0,1.0,2.0,1.0,4.0,1.0,3.0,3.0,2.0,2.0,10.0,0.0,2.0,2.0,1.0,0.0,1.0,2.0,1.0,2.0,3.0,1.0,0.0,1.0,0.0,1.0,0.0,1.0,1.0,2.0,0.0,2.0,0.0,1.0,0.0,1.0,1.0,0.0,0.0,0.0,1.0,5.0,0.0,1.0,1.0,1.0,2.0,0.0,0.0,2.0,0.0,2.0,2.0,0.0,2.0,1.0,2.0,0.0,1.0,3.0,2.0,2.0,0.0,2.0,0.0,1.0,3.0,1.0,3.0,0.0,0.0,0.0,8.0,0.0,2.0,0.0,3.0,4.0,1.0,0.0,1.0,1.0,2.0,2.0,1.0,4.0,1.0,0.0,1.0,2.0,1.0,3.0,2.0,0.0,1.0,1.0,1.0,1.0,2.0,2.0,1.0,0.0,1.0,5.0,2.0,2.0,1.0,0.0,0.0,1.0,1.0,0.0,1.0,2.0,1.0,0.0,0.0,2.0,1.0,1.0,1.0,2.0,0.0,2.0,4.0,0.0,1.0,1.0,1.0,0.0,2.0,1.0,3.0,3.0,11.0,2.0,3.0,4.0,1.0,1.0,0.0,1.0,0.0,0.0,0.0,0.0,0.0,1.0,1.0,2.0,1.0,1.0,0.0,0.0,0.0,0.0,3.0,2.0,2.0,1.0,1.0,0.0,0.0,1.0,0.0,3.0,0
91,2818.247345539367,196005.89380000002,2.156314935752559,314.43341071458633,0.16216380841380842,0.11261032948532952,4.52,0.024020759082810813,5.0,3.0,2.0,3.0,3.0,2.0,7.0,1.0,2.0,1.0,2.0,4.0,3.0,2.0,0.0,1.0,0.0,1.0,0.0,0.0,0.0,2.0,5.0,3.0,4.0,0.0,1.0,4.0,2.0,2.0,1.0,7.0,1.0,1.0,1.0,0.0,0.0,2.0,4.0,2.0,2.0,0.0,4.0,5.0,2.0,1.0,2.0,3.0,2.0,1.0,3.0,1.0,3.0,1.0,5.0,3.0,1.0,5.0,3.0,1.0,0.0,3.0,10.0,0.0,0.0,0.0,0.0,2.0,0.0,0.0,3.0,2.0,1.0,1.0,1.0,1.0,1.0,2.0,2.0,3.0,0.0,0.0,1.0,1.0,2.0,2.0,0.0,1.0,5.0,1.0,3.0,1.0,0.0,4.0,1.0,1.0,0.0,1.0,3.0,0.0,0.0,1.0,1.0,1.0,1.0,3.0,0.0,2.0,2.0,1.0,2.0,1.0,0.0,2.0,3.0,3.0,4.0,1.0,2.0,0.0,2.0,2.0,1.0,1.0,5.0,1.0,3.0,6.0,1.0,1.0,1.0,2.0,3.0,1.0,0.0,0.0,1.0,1.0,0.0,0.0,0.0,0.0,2.0,1.0,2.0,4.0,3.0,2.0,2.0,1.0,0.0,3.0,1.0,2.0,1.0,4.0,1.0,1.0,2.0,2.0,2.0,0.0,0.0,1.0,2.0,2.0,1.0,2.0,0.0,0.0,1.0,1.0,1.0,4.0,0.0,1.0,2.0,3.0,2.0,2.0,3.0,1.0,1.0,0.0,2.0,4.0,6.0,0.0,1.0,3.0,2.0,0.0,2.0,2.0,1.0,2.0,0.0,1.0,2.0,0.0,1.0,0.0,0.0,3.0,0.0,1.0,0.0,1.0,2.0,2.0,1.0,4.0,1.0,0.0,3.0,1.0,0.0,12.0,1.0,1.0,2.0,2.0,2.0,2.0,1.0,2.0,1.0,1.0,1.0,1.0,2.0,0.0,2.0,3.0,1.0,0.0,1.0,0.0,2.0,2.0,2.0,2.0,0.0,3.0,2.0,2.0,2.0,0.0,7.0,0.0,0.0,1.0,4.0,1.0,0.0,2.0,1.0,2.0,2.0,1.0,2.0,1.0,0.0,0.0,1.0,0.0,0.0,1.0,1.0,4.0,4.0,2.0,0.0,0.0,1.0,3.0,1.0,1.0,1.0,5.0,2.0,0.0,3.0,0.0,4.0,1.0,2.0,0.0,1.0,1.0,0.0,2.0,4.0,0.0,2.0,3.0,3.0,1.0,1.0,1.0,3.0,3.0,2.0,0.0,0.0,3.0,1.0,0.0,1.0,2.0,5.0,1.0,3.0,1.0,0.0,0.0,3.0,1.0,0.0,1.0,0.0,1.0,4.0,1.0,2.0,1.0,0.0,0.0,2.0,1.0,4.0,2.0,1.0,0.0,2.0,1.0,0.0,1.0,1.0,1.0,1.0,7.0,3.0,0.0,0.0,0.0,1.0,3.0,1.0,0.0,3.0,0.0,0.0,0.0,2.0,0.0,0.0,0.0,2.0,0.0,7.0,1.0,3.0,4.0,4.0,2.0,0.0,4.0,1.0,4.0,0.0,1.0,6.0,1.0,3.0,2.0,1.0,1.0,0.0,3.0,3.0,2.0,1.0,4.0,2.0,1.0,1.0,3.0,0.0,2.0,3.0,2.0,2.0,0.0,1.0,0.0,3.0,1.0,0.0,1.0,1.0,2.0,1.0,4.0,1.0,1.0,0.0,2.0,5.0,0.0,1.0,0.0,2.0,0.0,0.0,4.0,1.0,3.0,2.0,0.0,0.0,1.0,2.0,3.0,2.0,1.0,2.0,1.0,2.0,2.0,1.0,1.0,3.0,1.0,8.0,0.0,1.0,2.0,2.0,1.0,0.0,1.0,0.0,2.0,2.0,2.0,1.0,0.0,1.0,0.0,0.0,2.0,1.0,3.0,1.0,0.0,2.0,0.0,2.0,3.0,3.0,0.0,1.0,2.0,1.0,4.0,1.0,1.0,0.0,1.0,0.0,0.0,1.0,1.0,3.0,0.0,1.0,0.0,2.0,3.0,1.0,5.0,1.0,0.0,2.0,1.0,1.0,1.0,2.0,2.0,1.0,0.0,1.0,0.0,1.0,0.0,2.0,0.0,1.0,0.0,1.0,0.0,0.0,1.0,1.0,2.0,1.0,1.0,1.0,1.0,3.0,2.0,2.0,0.0,0.0,3.0,1.0,0.0,0.0,1.0,0.0,2.0,3.0,0.0,1.0,4.0,1.0,8.0,2.0,1.0,1.0,0.0,1.0,2.0,2.0,3.0,0.0,3.0,0.0,2.0,2.0,0.0,1.0,2.0,1.0,2.0,2.0,3.0,2.0,3.0,1.0,0.0,1.0,1.0,0.0,1.0,1.0,2.0,2.0,0.0,1.0,1.0,0.0,1.0,0.0,3.0,1.0,2.0,1.0,0.0,1.0,2.0,3.0,1.0,0.0,2.0,0.0,2.0,1.0,1.0,0.0,2.0,1.0,2.0,0.0,0.0,0.0,0.0,2.0,4.0,0.0,3.0,0.0,1.0,0.0,1.0,1.0,1.0,1.0,1.0,0.0,0.0,1.0,1.0,2.0,1.0,0.0,3.0,0.0,0.0,2.0,1.0,3.0,0.0,2.0,1.0,1.0,1.0,1.0,0.0,3.0,3.0,0.0,4.0,1.0,2.0,1.0,1.0,1.0,1.0,1.0,1.0,0.0,2.0,0.0,0.0,1.0,0.0,1.0,1.0,1.0,1.0,1.0,0.0,1.0,0.0,0.0,2.0,0.0,1.0,4.0,7.0,1.0,2.0,1.0,1.0,2.0,2.0,1.0,3.0,5.0,1.0,1.0,2.0,5.0,1.0,0.0,1.0,1.0,2.0,1.0,1.0,1.0,1.0,2.0,1.0,1.0,1.0,0.0,3.0,1.0,2.0,5.0,3.0,1.0,1.0,1.0,2.0,1.0,0.0,3.0,2.0,1.0,1.0,2.0,2.0,3.0,1.0,0.0,1.0,1.0,2.0,1.0,0.0,2.0,3.0,0.0,1.0,0.0,4.0,2.0,3.0,3.0,9.0,2.0,2.0,0.0,2.0,2.0,2.0,0.0,0.0,0.0,1.0,1.0,2.0,0.0,2.0,2.0,1.0,3.0,0.0,2.0,3.0,5.0,2.0,1.0,2.0,2.0,1.0,0.0,4.0,3.0,3.0,4.0,0.0,3.0,0.0,0.0,0.0,5.0,6.0,1.0,3.0,1.0,0.0,2.0,1.0,0.0,1.0,2.0,0.0,2.0,1.0,3.0,0.0,1.0,4.0,1.0,0.0,0.0,1.0,3.0,0.0,0.0,8.0,3.0,0.0,2.0,1.0,2.0,0.0,1.0,3.0,4.0,1.0,1.0,0.0,1.0,1.0,0.0,2.0,1.0,2.0,3.0,0.0,2.0,0.0,0.0,0.0,1.0,1.0,0.0,2.0,0.0,0.0,5.0,2.0,1.0,1.0,0.0,5.0,2.0,0.0,0.0,1.0,2.0,3.0,2.0,4.0,0.0,1.0,3.0,5.0,0.0,1.0,1.0,3.0,2.0,1.0,0.0,1.0,2.0,0.0,1.0,2.0,0.0,3.0,1.0,1.0,2.0,1.0,1.0,2.0,1.0,3.0,1.0,2.0,1.0,1.0,3.0,0.0,3.0,2.0,0.0,1.0,3.0,0.0,1.0,3.0,1.0,0.0,2.0,3.0,3.0,2.0,0.0,1.0,8.0,0.0,2.0,2.0,2.0,2.0,1.0,0.0,1.0,0.0,2.0,2.0,0.0,0.0,4.0,1.0,0.0,3.0,1.0,0.0,3.0,1.0,4.0,0.0,2.0,0.0,0.0,0.0,0.0,2.0,0.0,4.0,0
94,2408.4420378100267,126175.55374999998,2.0202935850265975,276.03657067708684,0.19926429126429124,0.12841228956228956,3.65,-0.06530494988857194,7.0,0.0,1.0,1.0,7.0,3.0,0.0,0.0,4.0,0.0,0.0,2.0,1.0,3.0,2.0,2.0,3.0,2.0,1.0,1.0,3.0,2.0,3.0,2.0,2.0,0.0,1.0,1.0,0.0,0.0,1.0,18.0,1.0,1.0,0.0,2.0,2.0,4.0,2.0,1.0,2.0,5.0,2.0,1.0,1.0,0.0,2.0,1.0,6.0,0.0,4.0,4.0,1.0,6.0,2.0,2.0,3.0,5.0,2.0,2.0,1.0,0.0,7.0,2.0,1.0,1.0,0.0,2.0,1.0,0.0,0.0,4.0,2.0,0.0,1.0,1.0,0.0,2.0,1.0,2.0,1.0,1.0,2.0,3.0,1.0,0.0,1.0,3.0,1.0,0.0,1.0,3.0,1.0,6.0,1.0,1.0,1.0,1.0,3.0,1.0,0.0,2.0,2.0,3.0,1.0,3.0,3.0,1.0,1.0,1.0,1.0,4.0,0.0,2.0,4.0,0.0,1.0,1.0,4.0,2.0,2.0,2.0,2.0,1.0,8.0,1.0,1.0,0.0,4.0,3.0,1.0,1.0,1.0,0.0,3.0,1.0,1.0,2.0,2.0,1.0,3.0,1.0,1.0,2.0,1.0,0.0,0.0,1.0,0.0,0.0,1.0,3.0,0.0,1.0,0.0,12.0,1.0,0.0,3.0,2.0,0.0,2.0,2.0,1.0,0.0,0.0,2.0,4.0,2.0,4.0,2.0,1.0,1.0,0.0,2.0,1.0,1.0,2.0,1.0,2.0,0.0,2.0,1.0,1.0,1.0,3.0,0.0,0.0,0.0,0.0,1.0,0.0,0.0,1.0,0.0,0.0,1.0,0.0,1.0,0.0,0.0,2.0,1.0,1.0,0.0,0.0,0.0,2.0,1.0,2.0,0.0,5.0,0.0,1.0,0.0,1.0,1.0,12.0,0.0,2.0,0.0,1.0,4.0,1.0,2.0,1.0,2.0,4.0,0.0,0.0,2.0,1.0,1.0,2.0,1.0,4.0,1.0,0.0,1.0,0.0,2.0,4.0,2.0,2.0,0.0,3.0,0.0,2.0,10.0,0.0,2.0,0.0,2.0,1.0,3.0,0.0,0.0,1.0,0.0,0.0,3.0,1.0,2.0,2.0,0.0,0.0,2.0,1.0,1.0,1.0,2.0,1.0,1.0,2.0,3.0,0.0,1.0,1.0,2.0,5.0,0.0,2.0,2.0,1.0,2.0,1.0,0.0,0.0,0.0,0.0,1.0,0.0,2.0,2.0,1.0,0.0,0.0,2.0,3.0,0.0,2.0,2.0,2.0,0.0,1.0,1.0,0.0,0.0,0.0,0.0,1.0,1.0,2.0,1.0,1.0,2.0,1.0,1.0,0.0,2.0,0.0,1.0,0.0,0.0,1.0,1.0,2.0,2.0,1.0,0.0,1.0,6.0,3.0,2.0,1.0,0.0,1.0,1.0,0.0,0.0,1.0,7.0,5.0,2.0,1.0,0.0,1.0,0.0,2.0,0.0,1.0,0.0,2.0,1.0,3.0,1.0,2.0,2.0,0.0,1.0,2.0,0.0,0.0,2.0,2.0,1.0,3.0,3.0,0.0,3.0,2.0,1.0,8.0,2.0,2.0,5.0,4.0,0.0,1.0,1.0,2.0,1.0,1.0,1.0,2.0,3.0,3.0,2.0,0.0,3.0,2.0,1.0,0.0,2.0,1.0,1.0,0.0,0.0,2.0,2.0,4.0,3.0,0.0,3.0,1.0,0.0,1.0,1.0,2.0,0.0,1.0,2.0,2.0,3.0,1.0,1.0,1.0,1.0,1.0,1.0,2.0,1.0,0.0,4.0,0.0,1.0,0.0,2.0,0.0,1.0,0.0,1.0,4.0,0.0,4.0,1.0,0.0,0.0,1.0,0.0,2.0,0.0,2.0,1.0,1.0,1.0,1.0,0.0,0.0,2.0,2.0,3.0,1.0,1.0,2.0,3.0,1.0,0.0,0.0,0.0,0.0,1.0,0.0,1.0,0.0,15.0,1.0,2.0,4.0,3.0,1.0,2.0,2.0,1.0,3.0,3.0,1.0,0.0,1.0,1.0,0.0,4.0,2.0,1.0,2.0,2.0,1.0,1.0,1.0,0.0,0.0,2.0,1.0,1.0,0.0,1.0,3.0,2.0,2.0,1.0,1.0,3.0,1.0,0.0,0.0,3.0,1.0,1.0,0.0,1.0,1.0,2.0,1.0,2.0,3.0,1.0,1.0,0.0,0.0,3.0,1.0,1.0,3.0,1.0,0.0,0.0,0.0,3.0,1.0,2.0,3.0,1.0,1.0,3.0,1.0,0.0,1.0,1.0,3.0,1.0,1.0,3.0,2.0,1.0,3.0,1.0,0.0,2.0,0.0,0.0,1.0,0.0,1.0,0.0,1.0,3.0,1.0,0.0,3.0,0.0,3.0,0.0,0.0,3.0,4.0,2.0,3.0,2.0,2.0,3.0,1.0,2.0,2.0,4.0,0.0,1.0,0.0,0.0,1.0,4.0,0.0,2.0,2.0,2.0,0.0,2.0,1.0,0.0,1.0,8.0,1.0,1.0,0.0,1.0,0.0,1.0,2.0,1.0,2.0,1.0,1.0,2.0,1.0,3.0,0.0,2.0,1.0,3.0,0.0,2.0,2.0,1.0,3.0,2.0,0.0,1.0,1.0,2.0,4.0,1.0,4.0,4.0,0.0,3.0,2.0,0.0,2.0,1.0,1.0,0.0,7.0,7.0,2.0,1.0,2.0,0.0,0.0,1.0,0.0,2.0,2.0,2.0,1.0,1.0,1.0,1.0,2.0,2.0,1.0,2.0,0.0,11.0,2.0,0.0,1.0,0.0,1.0,1.0,1.0,1.0,4.0,2.0,1.0,1.0,1.0,1.0,0.0,1.0,1.0,1.0,1.0,0.0,2.0,1.0,1.0,2.0,1.0,2.0,1.0,1.0,2.0,1.0,6.0,1.0,4.0,0.0,3.0,1.0,2.0,1.0,3.0,2.0,2.0,2.0,3.0,4.0,2.0,4.0,2.0,0.0,2.0,0.0,1.0,2.0,1.0,1.0,1.0,2.0,0.0,0.0,5.0,1.0,4.0,11.0,2.0,0.0,0.0,1.0,0.0,0.0,1.0,2.0,3.0,4.0,0.0,1.0,1.0,2.0,3.0,0.0,1.0,3.0,1.0,2.0,1.0,3.0,0.0,1.0,3.0,2.0,0.0,1.0,1.0,1.0,10.0,0.0,4.0,3.0,1.0,1.0,3.0,1.0,1.0,1.0,1.0,0.0,0.0,2.0,3.0,1.0,0.0,1.0,2.0,3.0,0.0,0.0,0.0,1.0,0.0,0.0,0.0,1.0,1.0,1.0,1.0,7.0,0.0,1.0,1.0,2.0,3.0,2.0,0.0,2.0,0.0,1.0,0.0,1.0,2.0,1.0,2.0,1.0,2.0,0.0,1.0,3.0,2.0,2.0,0.0,4.0,0.0,1.0,4.0,1.0,1.0,0.0,6.0,0.0,1.0,0.0,0.0,2.0,0.0,0.0,2.0,3.0,1.0,1.0,2.0,1.0,1.0,0.0,0.0,2.0,0.0,3.0,2.0,3.0,2.0,4.0,2.0,1.0,2.0,1.0,3.0,1.0,0.0,4.0,1.0,1.0,1.0,0.0,1.0,3.0,0.0,1.0,1.0,2.0,0.0,1.0,0.0,1.0,2.0,0.0,0.0,0.0,2.0,0.0,1.0,2.0,1.0,5.0,0.0,2.0,1.0,3.0,0.0,2.0,10.0,0.0,0.0,1.0,1.0,1.0,1.0,1.0,1.0,2.0,1.0,1.0,1.0,0.0,2.0,2.0,2.0,3.0,0.0,0.0,2.0,1.0,0.0,1.0,1.0,1.0,1.0,1.0,0.0,1.0,0.0,2.0,0
95,2623.395136478151,120761.00954999999,1.9835254713383315,243.52862828348117,0.2533502331002332,0.26466743811743804,2.42,-0.0821665965145692,18.0,1.0,3.0,3.0,4.0,5.0,4.0,5.0,6.0,0.0,3.0,4.0,4.0,2.0,6.0,4.0,6.0,3.0,2.0,4.0,3.0,7.0,5.0,3.0,5.0,2.0,4.0,1.0,2.0,2.0,6.0,24.0,6.0,7.0,7.0,4.0,3.0,2.0,3.0,3.0,2.0,4.0,4.0,1.0,2.0,2.0,1.0,3.0,1.0,1.0,2.0,5.0,4.0,3.0,5.0,1.0,4.0,4.0,1.0,2.0,4.0,4.0,15.0,0.0,0.0,1.0,1.0,1.0,2.0,5.0,1.0,0.0,5.0,0.0,1.0,5.0,0.0,3.0,2.0,3.0,4.0,1.0,3.0,1.0,1.0,2.0,2.0,1.0,2.0,1.0,8.0,2.0,1.0,11.0,2.0,0.0,4.0,1.0,2.0,1.0,2.0,0.0,3.0,0.0,3.0,3.0,0.0,4.0,1.0,2.0,2.0,2.0,3.0,2.0,1.0,1.0,3.0,2.0,2.0,0.0,5.0,3.0,0.0,0.0,8.0,1.0,0.0,1.0,1.0,1.0,0.0,2.0,3.0,0.0,1.0,3.0,1.0,1.0,2.0,0.0,0.0,0.0,2.0,4.0,3.0,2.0,0.0,1.0,0.0,2.0,3.0,5.0,3.0,4.0,1.0,15.0,1.0,1.0,7.0,2.0,2.0,1.0,3.0,1.0,3.0,0.0,0.0,6.0,2.0,0.0,0.0,0.0,3.0,1.0,2.0,2.0,1.0,0.0,0.0,1.0,2.0,5.0,2.0,1.0,0.0,1.0,9.0,2.0,1.0,0.0,1.0,0.0,2.0,4.0,1.0,2.0,1.0,3.0,1.0,2.0,0.0,1.0,0.0,1.0,0.0,1.0,1.0,2.0,2.0,1.0,3.0,3.0,1.0,0.0,1.0,1.0,1.0,11.0,1.0,1.0,1.0,0.0,5.0,0.0,0.0,2.0,2.0,2.0,1.0,1.0,2.0,0.0,4.0,2.0,1.0,1.0,4.0,1.0,2.0,2.0,3.0,4.0,1.0,2.0,0.0,6.0,3.0,1.0,10.0,0.0,0.0,1.0,0.0,2.0,0.0,1.0,1.0,1.0,0.0,1.0,3.0,1.0,2.0,1.0,2.0,5.0,1.0,3.0,0.0,0.0,3.0,2.0,1.0,0.0,1.0,1.0,1.0,1.0,2.0,3.0,2.0,2.0,1.0,1.0,0.0,0.0,0.0,0.0,1.0,0.0,1.0,1.0,0.0,1.0,2.0,1.0,1.0,4.0,2.0,0.0,0.0,2.0,1.0,3.0,0.0,3.0,0.0,2.0,2.0,2.0,12.0,1.0,2.0,1.0,0.0,1.0,1.0,0.0,0.0,0.0,2.0,1.0,6.0,1.0,4.0,0.0,0.0,0.0,1.0,1.0,1.0,4.0,1.0,1.0,2.0,0.0,0.0,1.0,0.0,2.0,0.0,7.0,3.0,0.0,0.0,0.0,1.0,3.0,1.0,1.0,0.0,0.0,3.0,1.0,1.0,0.0,1.0,2.0,1.0,3.0,1.0,5.0,2.0,4.0,0.0,2.0,1.0,4.0,1.0,0.0,1.0,0.0,15.0,3.0,2.0,3.0,2.0,4.0,0.0,4.0,1.0,3.0,0.0,3.0,3.0,2.0,5.0,3.0,4.0,1.0,5.0,3.0,1.0,1.0,1.0,2.0,3.0,1.0,2.0,0.0,2.0,0.0,1.0,4.0,2.0,0.0,0.0,2.0,4.0,0.0,2.0,2.0,0.0,0.0,0.0,0.0,0.0,1.0,2.0,1.0,8.0,2.0,0.0,2.0,1.0,4.0,2.0,0.0,1.0,0.0,0.0,0.0,2.0,4.0,11.0,0.0,1.0,0.0,4.0,1.0,1.0,2.0,1.0,2.0,3.0,0.0,1.0,0.0,2.0,2.0,7.0,3.0,4.0,0.0,0.0,0.0,1.0,4.0,2.0,2.0,2.0,0.0,2.0,0.0,1.0,12.0,2.0,2.0,0.0,3.0,3.0,1.0,1.0,1.0,2.0,0.0,3.0,1.0,0.0,0.0,4.0,1.0,0.0,1.0,3.0,1.0,0.0,2.0,0.0,0.0,1.0,1.0,5.0,0.0,0.0,0.0,2.0,0.0,1.0,4.0,0.0,0.0,0.0,1.0,4.0,1.0,3.0,1.0,0.0,1.0,6.0,6.0,4.0,5.0,2.0,3.0,0.0,7.0,0.0,0.0,1.0,2.0,0.0,1.0,2.0,1.0,0.0,10.0,0.0,1.0,3.0,2.0,1.0,2.0,0.0,0.0,3.0,1.0,2.0,3.0,0.0,3.0,1.0,3.0,0.0,2.0,2.0,1.0,2.0,0.0,1.0,0.0,1.0,2.0,2.0,1.0,1.0,0.0,6.0,1.0,1.0,1.0,2.0,1.0,1.0,2.0,0.0,1.0,1.0,2.0,4.0,1.0,5.0,2.0,4.0,2.0,0.0,0.0,1.0,2.0,3.0,2.0,1.0,3.0,1.0,1.0,4.0,1.0,1.0,10.0,2.0,0.0,0.0,0.0,2.0,0.0,1.0,2.0,0.0,1.0,3.0,6.0,1.0,3.0,1.0,0.0,3.0,0.0,0.0,1.0,2.0,4.0,0.0,2.0,2.0,3.0,1.0,1.0,1.0,1.0,10.0,3.0,2.0,1.0,2.0,0.0,1.0,0.0,0.0,1.0,6.0,5.0,2.0,0.0,0.0,1.0,1.0,3.0,2.0,1.0,1.0,0.0,1.0,1.0,2.0,1.0,1.0,1.0,0.0,1.0,1.0,5.0,1.0,2.0,2.0,3.0,2.0,0.0,0.0,0.0,4.0,6.0,3.0,2.0,0.0,2.0,1.0,0.0,0.0,3.0,1.0,3.0,5.0,2.0,3.0,0.0,0.0,2.0,2.0,1.0,5.0,0.0,16.0,5.0,1.0,0.0,0.0,3.0,1.0,2.0,4.0,2.0,0.0,2.0,2.0,3.0,1.0,2.0,0.0,1.0,1.0,1.0,1.0,0.0,3.0,4.0,1.0,1.0,2.0,1.0,3.0,1.0,4.0,12.0,0.0,1.0,2.0,1.0,0.0,3.0,2.0,4.0,2.0,3.0,2.0,3.0,3.0,0.0,1.0,0.0,0.0,1.0,1.0,3.0,3.0,0.0,1.0,3.0,2.0,4.0,1.0,2.0,1.0,1.0,3.0,1.0,2.0,1.0,2.0,1.0,4.0,3.0,0.0,1.0,1.0,1.0,1.0,0.0,0.0,1.0,1.0,1.0,2.0,1.0,1.0,1.0,0.0,1.0,1.0,1.0,2.0,3.0,1.0,1.0,1.0,7.0,1.0,0.0,2.0,0.0,2.0,3.0,4.0,1.0,1.0,2.0,1.0,3.0,1.0,0.0,1.0,1.0,4.0,3.0,1.0,2.0,3.0,5.0,0.0,4.0,0.0,1.0,4.0,1.0,1.0,1.0,8.0,0.0,1.0,0.0,3.0,2.0,2.0,1.0,0.0,1.0,1.0,0.0,3.0,3.0,2.0,2.0,2.0,0.0,1.0,2.0,1.0,1.0,0.0,2.0,0.0,0.0,3.0,2.0,0.0,0.0,0.0,9.0,1.0,1.0,0.0,1.0,2.0,2.0,3.0,3.0,1.0,0.0,2.0,1.0,1.0,0.0,0.0,0.0,2.0,3.0,0.0,1.0,2.0,0.0,0.0,0.0,1.0,2.0,0.0,4.0,3.0,0.0,11.0,0.0,2.0,2.0,3.0,3.0,0.0,1.0,0.0,0.0,0.0,0.0,2.0,0.0,1.0,1.0,1.0,2.0,2.0,4.0,1.0,2.0,1.0,1.0,0.0,1.0,1.0,0.0,2.0,0.0,1.0,6.0,0
97,2522.3277862285577,162205.49635000003,2.0678264225766765,274.6442398622619,0.1822128427128427,0.10800594035594034,4.67,0.005674303645446228,12.0,1.0,5.0,3.0,1.0,6.0,1.0,1.0,4.0,4.0,1.0,3.0,2.0,2.0,2.0,0.0,0.0,6.0,2.0,3.0,1.0,0.0,4.0,1.0,3.0,3.0,0.0,1.0,1.0,1.0,2.0,17.0,2.0,5.0,2.0,2.0,3.0,2.0,1.0,5.0,3.0,2.0,3.0,0.0,3.0,1.0,3.0,2.0,3.0,0.0,1.0,1.0,2.0,2.0,2.0,4.0,1.0,2.0,1.0,1.0,2.0,3.0,13.0,5.0,0.0,2.0,0.0,0.0,0.0,0.0,1.0,1.0,2.0,0.0,0.0,2.0,0.0,1.0,0.0,2.0,2.0,3.0,2.0,2.0,1.0,1.0,1.0,1.0,5.0,0.0,4.0,2.0,1.0,9.0,1.0,0.0,1.0,0.0,1.0,0.0,1.0,1.0,1.0,2.0,0.0,1.0,2.0,0.0,2.0,1.0,0.0,0.0,4.0,5.0,3.0,2.0,0.0,4.0,2.0,0.0,2.0,2.0,0.0,0.0,11.0,1.0,1.0,2.0,1.0,3.0,0.0,1.0,4.0,0.0,3.0,0.0,1.0,0.0,1.0,1.0,0.0,0.0,2.0,1.0,1.0,2.0,1.0,0.0,0.0,0.0,2.0,5.0,1.0,0.0,1.0,10.0,3.0,0.0,1.0,1.0,1.0,1.0,1.0,0.0,2.0,1.0,1.0,1.0,0.0,0.0,3.0,0.0,3.0,3.0,3.0,0.0,1.0,3.0,3.0,0.0,2.0,4.0,0.0,1.0,0.0,1.0,11.0,3.0,0.0,0.0,2.0,0.0,0.0,1.0,1.0,2.0,0.0,0.0,1.0,1.0,2.0,2.0,1.0,5.0,2.0,0.0,1.0,1.0,1.0,0.0,4.0,4.0,1.0,0.0,0.0,4.0,2.0,23.0,2.0,2.0,1.0,1.0,2.0,1.0,1.0,0.0,2.0,0.0,0.0,1.0,2.0,1.0,1.0,4.0,3.0,1.0,1.0,0.0,4.0,2.0,3.0,1.0,0.0,1.0,1.0,0.0,1.0,3.0,6.0,1.0,0.0,0.0,2.0,1.0,0.0,0.0,1.0,0.0,0.0,1.0,1.0,1.0,2.0,0.0,2.0,1.0,2.0,2.0,0.0,1.0,2.0,1.0,2.0,2.0,1.0,1.0,1.0,5.0,1.0,12.0,1.0,2.0,3.0,0.0,2.0,0.0,1.0,1.0,2.0,1.0,0.0,0.0,2.0,0.0,2.0,0.0,1.0,1.0,1.0,0.0,1.0,0.0,2.0,1.0,0.0,0.0,1.0,2.0,1.0,0.0,10.0,1.0,0.0,1.0,1.0,0.0,2.0,1.0,2.0,1.0,1.0,1.0,2.0,1.0,0.0,0.0,1.0,1.0,1.0,1.0,2.0,1.0,1.0,1.0,0.0,1.0,0.0,1.0,0.0,1.0,1.0,9.0,3.0,3.0,1.0,3.0,2.0,1.0,2.0,0.0,1.0,1.0,0.0,2.0,2.0,0.0,2.0,1.0,0.0,1.0,3.0,1.0,3.0,2.0,4.0,1.0,0.0,5.0,1.0,2.0,0.0,1.0,28.0,1.0,0.0,3.0,2.0,1.0,1.0,1.0,0.0,2.0,3.0,1.0,2.0,1.0,4.0,6.0,1.0,3.0,1.0,4.0,0.0,2.0,1.0,2.0,0.0,0.0,0.0,2.0,1.0,0.0,1.0,3.0,1.0,0.0,0.0,1.0,0.0,1.0,0.0,0.0,0.0,2.0,1.0,2.0,0.0,3.0,2.0,1.0,2.0,2.0,0.0,0.0,1.0,0.0,1.0,1.0,1.0,1.0,0.0,1.0,3.0,1.0,16.0,4.0,0.0,0.0,2.0,1.0,1.0,2.0,1.0,4.0,3.0,1.0,0.0,1.0,2.0,2.0,1.0,2.0,1.0,0.0,2.0,0.0,1.0,2.0,0.0,0.0,1.0,2.0,4.0,1.0,1.0,8.0,0.0,2.0,1.0,0.0,1.0,1.0,2.0,0.0,1.0,0.0,2.0,5.0,1.0,1.0,2.0,1.0,2.0,1.0,1.0,2.0,0.0,2.0,1.0,0.0,0.0,0.0,3.0,1.0,0.0,1.0,10.0,0.0,0.0,3.0,0.0,2.0,1.0,2.0,3.0,3.0,2.0,1.0,0.0,0.0,3.0,3.0,2.0,1.0,1.0,1.0,0.0,0.0,0.0,0.0,1.0,0.0,4.0,2.0,0.0,0.0,1.0,4.0,1.0,2.0,1.0,2.0,2.0,0.0,0.0,2.0,0.0,1.0,3.0,1.0,6.0,2.0,0.0,1.0,0.0,1.0,0.0,0.0,0.0,1.0,0.0,0.0,1.0,1.0,1.0,0.0,0.0,2.0,1.0,1.0,2.0,0.0,1.0,2.0,5.0,1.0,1.0,1.0,1.0,1.0,1.0,1.0,3.0,0.0,0.0,1.0,2.0,1.0,2.0,1.0,1.0,1.0,2.0,0.0,1.0,1.0,0.0,1.0,1.0,12.0,2.0,0.0,0.0,1.0,1.0,0.0,1.0,1.0,1.0,3.0,1.0,1.0,0.0,1.0,3.0,1.0,0.0,4.0,1.0,2.0,2.0,0.0,0.0,0.0,3.0,1.0,1.0,2.0,3.0,2.0,7.0,1.0,1.0,1.0,3.0,2.0,0.0,2.0,0.0,0.0,1.0,3.0,1.0,1.0,2.0,1.0,1.0,0.0,1.0,0.0,0.0,2.0,0.0,1.0,1.0,1.0,0.0,1.0,0.0,0.0,0.0,6.0,0.0,1.0,2.0,1.0,1.0,1.0,1.0,0.0,3.0,2.0,4.0,2.0,0.0,2.0,0.0,2.0,0.0,3.0,1.0,1.0,1.0,0.0,2.0,2.0,2.0,2.0,2.0,1.0,1.0,1.0,15.0,1.0,2.0,2.0,1.0,0.0,1.0,2.0,1.0,2.0,1.0,1.0,1.0,3.0,8.0,0.0,1.0,2.0,1.0,1.0,3.0,2.0,1.0,1.0,1.0,5.0,2.0,1.0,5.0,0.0,1.0,23.0,2.0,0.0,3.0,1.0,0.0,0.0,2.0,3.0,3.0,3.0,1.0,2.0,2.0,4.0,0.0,1.0,1.0,3.0,2.0,1.0,2.0,2.0,2.0,1.0,0.0,1.0,2.0,1.0,0.0,3.0,15.0,5.0,4.0,1.0,2.0,1.0,3.0,2.0,1.0,3.0,3.0,1.0,2.0,3.0,1.0,0.0,1.0,0.0,1.0,0.0,1.0,1.0,2.0,1.0,0.0,1.0,2.0,1.0,1.0,1.0,0.0,10.0,2.0,1.0,2.0,0.0,2.0,1.0,2.0,2.0,0.0,2.0,1.0,0.0,4.0,2.0,0.0,2.0,4.0,1.0,2.0,1.0,1.0,0.0,0.0,1.0,1.0,0.0,0.0,3.0,2.0,3.0,7.0,1.0,0.0,1.0,0.0,4.0,1.0,0.0,1.0,1.0,0.0,1.0,1.0,2.0,2.0,4.0,0.0,1.0,3.0,3.0,4.0,2.0,2.0,0.0,3.0,1.0,0.0,1.0,3.0,0.0,2.0,21.0,1.0,1.0,3.0,1.0,0.0,1.0,0.0,2.0,2.0,2.0,0.0,0.0,1.0,2.0,2.0,1.0,1.0,2.0,2.0,0.0,1.0,1.0,1.0,0.0,5.0,0.0,1.0,0.0,3.0,1.0,17.0,1.0,1.0,2.0,0.0,1.0,2.0,0.0,0.0,1.0,2.0,0.0,1.0,1.0,1.0,3.0,2.0,2.0,0.0,0.0,1.0,1.0,2.0,0.0,0.0,1.0,0.0,0.0,1.0,0.0,0.0,7.0,0
99,2876.746876547244,145536.05438144333,2.059180009176656,315.6499712496126,0.1924902131087697,0.19681747519376375,3.0927835051546393,-0.06369476521454867,5.0,2.0,3.0,2.0,1.0,3.0,1.0,4.0,2.0,0.0,1.0,2.0,2.0,0.0,3.0,4.0,0.0,4.0,2.0,1.0,2.0,1.0,2.0,3.0,6.0,0.0,2.0,0.0,1.0,1.0,1.0,7.0,6.0,3.0,3.0,1.0,3.0,3.0,4.0,1.0,3.0,4.0,6.0,3.0,3.0,3.0,1.0,0.0,1.0,2.0,0.0,5.0,0.0,2.0,1.0,3.0,0.0,1.0,3.0,4.0,2.0,2.0,17.0,3.0,0.0,1.0,2.0,2.0,1.0,1.0,0.0,0.0,3.0,1.0,2.0,3.0,1.0,0.0,3.0,4.0,0.0,2.0,3.0,1.0,2.0,3.0,2.0,0.0,1.0,0.0,1.0,4.0,1.0,8.0,1.0,1.0,1.0,0.0,1.0,0.0,2.0,1.0,2.0,2.0,6.0,2.0,2.0,1.0,1.0,5.0,0.0,3.0,3.0,2.0,2.0,3.0,0.0,2.0,1.0,1.0,3.0,4.0,0.0,0.0,11.0,0.0,0.0,2.0,0.0,1.0,2.0,1.0,1.0,5.0,2.0,0.0,0.0,0.0,2.0,2.0,2.0,0.0,2.0,2.0,2.0,0.0,1.0,0.0,0.0,2.0,0.0,1.0,4.0,1.0,1.0,11.0,4.0,0.0,0.0,1.0,2.0,2.0,1.0,1.0,1.0,0.0,0.0,4.0,0.0,0.0,1.0,5.0,2.0,1.0,0.0,1.0,1.0,2.0,0.0,0.0,2.0,0.0,3.0,0.0,0.0,2.0,4.0,1.0,0.0,3.0,0.0,0.0,5.0,2.0,1.0,1.0,2.0,1.0,1.0,0.0,2.0,0.0,0.0,1.0,1.0,0.0,2.0,2.0,2.0,1.0,5.0,4.0,1.0,3.0,0.0,1.0,0.0,9.0,2.0,1.0,2.0,0.0,1.0,1.0,2.0,3.0,0.0,1.0,3.0,1.0,3.0,0.0,2.0,3.0,3.0,2.0,3.0,3.0,0.0,2.0,2.0,1.0,2.0,1.0,0.0,0.0,1.0,2.0,5.0,1.0,1.0,2.0,4.0,1.0,2.0,2.0,0.0,1.0,1.0,1.0,1.0,2.0,3.0,2.0,3.0,1.0,2.0,3.0,0.0,0.0,3.0,3.0,1.0,1.0,1.0,4.0,1.0,2.0,2.0,6.0,1.0,0.0,0.0,0.0,1.0,0.0,0.0,2.0,2.0,1.0,3.0,1.0,0.0,2.0,2.0,2.0,0.0,0.0,2.0,2.0,2.0,1.0,1.0,3.0,1.0,1.0,0.0,1.0,2.0,2.0,2.0,2.0,5.0,1.0,0.0,1.0,0.0,0.0,1.0,2.0,2.0,1.0,2.0,1.0,1.0,1.0,2.0,0.0,0.0,2.0,0.0,2.0,3.0,1.0,2.0,0.0,0.0,0.0,1.0,3.0,1.0,10.0,1.0,4.0,1.0,2.0,2.0,0.0,2.0,0.0,2.0,2.0,0.0,0.0,2.0,1.0,1.0,1.0,1.0,3.0,2.0,4.0,3.0,4.0,2.0,1.0,4.0,5.0,3.0,1.0,2.0,0.0,11.0,1.0,3.0,2.0,4.0,1.0,1.0,2.0,4.0,0.0,2.0,4.0,2.0,2.0,3.0,2.0,1.0,3.0,3.0,3.0,1.0,1.0,2.0,2.0,1.0,0.0,1.0,1.0,0.0,1.0,3.0,7.0,0.0,0.0,4.0,2.0,0.0,0.0,1.0,2.0,1.0,5.0,4.0,2.0,0.0,1.0,0.0,2.0,3.0,1.0,2.0,1.0,3.0,2.0,1.0,0.0,1.0,1.0,3.0,0.0,4.0,2.0,5.0,1.0,0.0,2.0,3.0,0.0,6.0,1.0,1.0,3.0,3.0,0.0,4.0,0.0,2.0,1.0,2.0,3.0,0.0,0.0,2.0,0.0,0.0,3.0,2.0,3.0,1.0,2.0,0.0,0.0,1.0,4.0,1.0,2.0,0.0,2.0,2.0,2.0,1.0,0.0,3.0,2.0,1.0,2.0,2.0,0.0,0.0,1.0,3.0,2.0,0.0,2.0,0.0,2.0,2.0,0.0,1.0,2.0,2.0,0.0,1.0,3.0,2.0,3.0,1.0,1.0,0.0,2.0,0.0,2.0,0.0,2.0,2.0,1.0,0.0,0.0,2.0,2.0,1.0,1.0,2.0,2.0,1.0,1.0,2.0,1.0,2.0,2.0,5.0,2.0,0.0,1.0,0.0,4.0,0.0,0.0,0.0,1.0,1.0,3.0,1.0,1.0,2.0,1.0,0.0,2.0,2.0,3.0,0.0,2.0,0.0,2.0,2.0,2.0,2.0,1.0,1.0,1.0,0.0,1.0,3.0,1.0,0.0,0.0,3.0,0.0,2.0,1.0,1.0,1.0,3.0,2.0,1.0,2.0,1.0,0.0,2.0,3.0,1.0,1.0,2.0,0.0,0.0,2.0,0.0,0.0,3.0,2.0,1.0,0.0,1.0,1.0,1.0,3.0,0.0,5.0,3.0,1.0,0.0,1.0,0.0,0.0,3.0,0.0,1.0,0.0,1.0,2.0,3.0,2.0,1.0,0.0,0.0,4.0,2.0,3.0,4.0,3.0,5.0,0.0,2.0,1.0,5.0,0.0,2.0,1.0,6.0,1.0,3.0,2.0,0.0,0.0,1.0,0.0,1.0,3.0,2.0,4.0,1.0,3.0,4.0,2.0,0.0,1.0,0.0,0.0,0.0,0.0,2.0,2.0,0.0,0.0,4.0,2.0,1.0,0.0,1.0,5.0,2.0,1.0,1.0,3.0,2.0,2.0,3.0,2.0,2.0,4.0,2.0,2.0,1.0,0.0,1.0,3.0,5.0,2.0,1.0,1.0,0.0,2.0,1.0,1.0,1.0,2.0,0.0,1.0,2.0,1.0,2.0,4.0,2.0,1.0,0.0,2.0,0.0,1.0,3.0,5.0,0.0,3.0,3.0,1.0,3.0,2.0,1.0,1.0,3.0,3.0,4.0,3.0,3.0,1.0,0.0,2.0,2.0,0.0,2.0,1.0,1.0,7.0,2.0,0.0,3.0,3.0,0.0,0.0,2.0,2.0,1.0,2.0,1.0,3.0,3.0,3.0,1.0,2.0,0.0,3.0,1.0,3.0,3.0,1.0,2.0,1.0,4.0,2.0,2.0,3.0,1.0,0.0,5.0,3.0,1.0,0.0,1.0,2.0,1.0,2.0,0.0,5.0,1.0,0.0,0.0,3.0,0.0,3.0,1.0,2.0,3.0,0.0,0.0,2.0,2.0,2.0,1.0,1.0,1.0,3.0,0.0,0.0,2.0,5.0,1.0,0.0,0.0,0.0,1.0,3.0,2.0,1.0,0.0,1.0,1.0,2.0,4.0,0.0,0.0,0.0,2.0,3.0,4.0,0.0,2.0,1.0,0.0,1.0,3.0,1.0,4.0,4.0,0.0,1.0,4.0,1.0,1.0,1.0,1.0,2.0,0.0,1.0,2.0,0.0,3.0,1.0,0.0,1.0,1.0,2.0,2.0,1.0,0.0,0.0,1.0,0.0,0.0,0.0,2.0,1.0,3.0,1.0,3.0,0.0,2.0,13.0,1.0,1.0,1.0,1.0,0.0,0.0,0.0,1.0,2.0,1.0,0.0,2.0,0.0,0.0,2.0,1.0,2.0,1.0,0.0,0.0,1.0,0.0,2.0,1.0,1.0,2.0,1.0,0.0,2.0,1.0,5.0,0.0,4.0,1.0,0.0,2.0,0.0,3.0,0.0,0.0,1.0,3.0,0.0,0.0,1.0,1.0,3.0,2.0,0.0,2.0,2.0,2.0,0.0,1.0,5.0,2.0,1.0,0.0,0.0,0.0,0.0,3.0,0
101,2647.2674215559514,119368.06610000003,2.034051957777758,286.98098122852394,0.2037707292707293,0.19512611370111377,2.79,-0.12511880037096035,6.0,2.0,6.0,6.0,1.0,5.0,2.0,3.0,2.0,4.0,1.0,0.0,3.0,3.0,2.0,1.0,0.0,3.0,0.0,2.0,1.0,5.0,3.0,3.0,1.0,0.0,3.0,3.0,3.0,3.0,5.0,10.0,3.0,4.0,0.0,3.0,0.0,0.0,3.0,2.0,3.0,3.0,3.0,1.0,4.0,2.0,1.0,2.0,1.0,2.0,1.0,2.0,3.0,2.0,4.0,4.0,6.0,2.0,5.0,0.0,2.0,3.0,5.0,6.0,1.0,0.0,1.0,3.0,0.0,1.0,1.0,4.0,2.0,3.0,2.0,7.0,1.0,2.0,0.0,2.0,0.0,2.0,2.0,2.0,3.0,2.0,1.0,2.0,3.0,1.0,7.0,5.0,3.0,12.0,0.0,4.0,0.0,3.0,3.0,1.0,3.0,1.0,0.0,2.0,2.0,0.0,0.0,2.0,5.0,2.0,4.0,0.0,1.0,1.0,2.0,2.0,5.0,2.0,4.0,5.0,3.0,4.0,2.0,0.0,5.0,1.0,2.0,2.0,0.0,1.0,2.0,1.0,2.0,2.0,0.0,1.0,0.0,0.0,1.0,3.0,2.0,1.0,0.0,2.0,5.0,1.0,2.0,0.0,2.0,1.0,3.0,2.0,1.0,3.0,2.0,3.0,1.0,1.0,1.0,1.0,0.0,2.0,3.0,1.0,0.0,1.0,1.0,3.0,0.0,0.0,1.0,0.0,2.0,2.0,0.0,2.0,2.0,0.0,1.0,2.0,3.0,2.0,1.0,2.0,3.0,0.0,1.0,3.0,0.0,2.0,0.0,0.0,2.0,1.0,1.0,1.0,0.0,0.0,0.0,2.0,1.0,0.0,0.0,1.0,2.0,0.0,0.0,1.0,2.0,1.0,4.0,3.0,1.0,0.0,1.0,2.0,3.0,7.0,1.0,2.0,0.0,1.0,2.0,1.0,2.0,0.0,4.0,1.0,2.0,1.0,1.0,1.0,1.0,2.0,0.0,1.0,1.0,1.0,0.0,0.0,3.0,2.0,4.0,1.0,1.0,2.0,0.0,0.0,3.0,1.0,0.0,3.0,2.0,0.0,1.0,1.0,1.0,1.0,0.0,1.0,1.0,1.0,1.0,1.0,1.0,0.0,4.0,0.0,0.0,0.0,3.0,4.0,2.0,3.0,1.0,1.0,1.0,1.0,0.0,5.0,3.0,3.0,4.0,0.0,1.0,4.0,0.0,1.0,0.0,1.0,2.0,3.0,0.0,2.0,1.0,0.0,2.0,1.0,1.0,2.0,0.0,7.0,3.0,2.0,1.0,2.0,0.0,0.0,1.0,1.0,4.0,1.0,3.0,0.0,0.0,1.0,2.0,0.0,2.0,0.0,1.0,0.0,2.0,5.0,2.0,1.0,0.0,3.0,0.0,0.0,2.0,2.0,3.0,2.0,0.0,1.0,0.0,0.0,2.0,0.0,0.0,1.0,0.0,0.0,1.0,0.0,1.0,1.0,0.0,4.0,3.0,1.0,1.0,2.0,2.0,1.0,2.0,1.0,0.0,1.0,4.0,3.0,0.0,2.0,2.0,0.0,2.0,3.0,1.0,2.0,1.0,2.0,5.0,4.0,2.0,4.0,3.0,4.0,2.0,0.0,3.0,2.0,3.0,1.0,2.0,2.0,2.0,1.0,1.0,5.0,4.0,1.0,3.0,0.0,3.0,0.0,2.0,2.0,0.0,2.0,3.0,0.0,2.0,9.0,1.0,2.0,0.0,3.0,3.0,0.0,1.0,2.0,0.0,0.0,2.0,2.0,0.0,2.0,3.0,0.0,0.0,1.0,0.0,2.0,0.0,1.0,1.0,1.0,0.0,3.0,0.0,0.0,6.0,3.0,8.0,2.0,0.0,0.0,0.0,3.0,0.0,1.0,2.0,1.0,3.0,0.0,1.0,0.0,4.0,3.0,4.0,3.0,2.0,3.0,3.0,1.0,2.0,2.0,0.0,2.0,0.0,1.0,4.0,0.0,1.0,6.0,2.0,0.0,1.0,4.0,1.0,0.0,4.0,2.0,4.0,4.0,1.0,3.0,1.0,1.0,1.0,0.0,3.0,1.0,4.0,1.0,1.0,2.0,1.0,3.0,3.0,1.0,2.0,1.0,0.0,2.0,7.0,0.0,0.0,1.0,3.0,1.0,0.0,0.0,0.0,0.0,0.0,0.0,0.0,1.0,3.0,2.0,0.0,3.0,0.0,4.0,0.0,1.0,0.0,2.0,3.0,2.0,1.0,2.0,0.0,1.0,0.0,4.0,1.0,3.0,2.0,1.0,0.0,6.0,2.0,5.0,2.0,1.0,1.0,1.0,1.0,2.0,0.0,2.0,0.0,0.0,0.0,3.0,0.0,1.0,1.0,0.0,2.0,1.0,2.0,2.0,2.0,0.0,6.0,0.0,0.0,0.0,1.0,1.0,1.0,0.0,0.0,1.0,1.0,0.0,1.0,5.0,3.0,1.0,2.0,0.0,3.0,1.0,3.0,1.0,3.0,1.0,3.0,1.0,2.0,1.0,3.0,0.0,0.0,5.0,1.0,0.0,1.0,1.0,4.0,0.0,1.0,0.0,1.0,1.0,3.0,3.0,1.0,2.0,2.0,1.0,2.0,0.0,1.0,3.0,1.0,1.0,1.0,0.0,1.0,1.0,0.0,4.0,0.0,0.0,4.0,0.0,3.0,4.0,1.0,3.0,0.0,1.0,1.0,1.0,3.0,2.0,1.0,0.0,1.0,0.0,1.0,1.0,2.0,1.0,2.0,0.0,2.0,3.0,3.0,0.0,1.0,0.0,0.0,1.0,1.0,5.0,2.0,1.0,1.0,1.0,3.0,2.0,2.0,0.0,2.0,1.0,1.0,3.0,1.0,2.0,1.0,1.0,0.0,2.0,3.0,0.0,2.0,1.0,2.0,4.0,0.0,1.0,0.0,1.0,2.0,2.0,5.0,1.0,3.0,0.0,2.0,2.0,0.0,4.0,0.0,1.0,0.0,5.0,3.0,3.0,0.0,2.0,4.0,1.0,1.0,1.0,3.0,1.0,1.0,5.0,2.0,6.0,0.0,2.0,2.0,0.0,3.0,12.0,3.0,1.0,2.0,4.0,0.0,1.0,1.0,4.0,4.0,1.0,3.0,1.0,2.0,2.0,1.0,4.0,2.0,2.0,1.0,3.0,0.0,1.0,3.0,1.0,3.0,1.0,0.0,4.0,2.0,1.0,6.0,0.0,1.0,0.0,4.0,1.0,1.0,1.0,2.0,4.0,2.0,2.0,1.0,0.0,0.0,0.0,0.0,1.0,2.0,2.0,0.0,3.0,1.0,2.0,2.0,2.0,1.0,1.0,0.0,2.0,0.0,6.0,2.0,0.0,0.0,2.0,2.0,3.0,0.0,3.0,2.0,0.0,2.0,0.0,1.0,1.0,1.0,0.0,1.0,2.0,3.0,4.0,1.0,4.0,1.0,3.0,1.0,3.0,2.0,2.0,0.0,1.0,11.0,3.0,2.0,2.0,0.0,1.0,4.0,1.0,2.0,0.0,0.0,0.0,2.0,0.0,1.0,1.0,2.0,1.0,1.0,2.0,2.0,1.0,0.0,2.0,3.0,0.0,2.0,6.0,1.0,1.0,3.0,4.0,1.0,2.0,3.0,2.0,3.0,4.0,0.0,1.0,0.0,1.0,0.0,1.0,0.0,1.0,2.0,2.0,1.0,1.0,0.0,4.0,0.0,1.0,0.0,3.0,1.0,3.0,0.0,1.0,1.0,4.0,9.0,3.0,4.0,0.0,3.0,3.0,2.0,0.0,1.0,1.0,4.0,2.0,2.0,0.0,1.0,2.0,2.0,2.0,0.0,3.0,0.0,0.0,2.0,1.0,2.0,0.0,3.0,1.0,1.0,2.0,0.0,8.0,0
102,3143.7082807638026,196743.31524999999,2.166487761069867,261.9675602919612,0.17336353515765274,0.1475278184778185,4.5,0.002677570626524991,21.0,1.0,4.0,2.0,4.0,1.0,1.0,0.0,3.0,1.0,0.0,1.0,6.0,4.0,4.0,3.0,0.0,6.0,1.0,0.0,2.0,3.0,1.0,5.0,4.0,2.0,3.0,3.0,3.0,2.0,3.0,13.0,3.0,3.0,1.0,3.0,1.0,1.0,2.0,2.0,3.0,2.0,1.0,0.0,2.0,1.0,0.0,4.0,2.0,1.0,1.0,2.0,2.0,0.0,3.0,2.0,2.0,0.0,3.0,1.0,3.0,3.0,14.0,1.0,0.0,3.0,0.0,2.0,3.0,0.0,2.0,2.0,1.0,1.0,2.0,1.0,0.0,2.0,2.0,1.0,0.0,1.0,1.0,1.0,1.0,1.0,0.0,4.0,1.0,4.0,2.0,0.0,1.0,20.0,0.0,3.0,1.0,0.0,1.0,1.0,3.0,4.0,1.0,1.0,3.0,3.0,2.0,6.0,3.0,2.0,1.0,2.0,4.0,1.0,4.0,0.0,1.0,0.0,1.0,1.0,4.0,3.0,1.0,1.0,15.0,1.0,2.0,4.0,0.0,1.0,1.0,5.0,2.0,1.0,1.0,3.0,0.0,2.0,0.0,0.0,2.0,2.0,3.0,2.0,2.0,0.0,2.0,0.0,1.0,1.0,1.0,0.0,1.0,1.0,1.0,4.0,0.0,2.0,2.0,3.0,2.0,1.0,1.0,3.0,0.0,1.0,2.0,3.0,1.0,1.0,1.0,1.0,1.0,1.0,2.0,2.0,2.0,1.0,3.0,0.0,4.0,2.0,0.0,0.0,2.0,0.0,5.0,2.0,0.0,0.0,1.0,2.0,2.0,2.0,1.0,0.0,2.0,1.0,1.0,3.0,1.0,2.0,2.0,1.0,3.0,1.0,1.0,0.0,1.0,1.0,2.0,2.0,1.0,2.0,3.0,2.0,0.0,15.0,0.0,1.0,0.0,1.0,5.0,2.0,2.0,0.0,1.0,0.0,1.0,1.0,2.0,1.0,0.0,2.0,2.0,2.0,1.0,3.0,0.0,1.0,2.0,3.0,1.0,2.0,0.0,1.0,1.0,1.0,9.0,1.0,1.0,1.0,2.0,2.0,1.0,1.0,3.0,1.0,1.0,2.0,0.0,0.0,2.0,2.0,2.0,4.0,1.0,1.0,1.0,2.0,4.0,2.0,2.0,1.0,0.0,1.0,0.0,0.0,0.0,9.0,1.0,2.0,2.0,0.0,2.0,1.0,0.0,3.0,1.0,1.0,0.0,1.0,0.0,4.0,2.0,0.0,1.0,1.0,2.0,0.0,3.0,3.0,1.0,3.0,1.0,2.0,0.0,4.0,0.0,3.0,5.0,0.0,0.0,0.0,2.0,1.0,2.0,1.0,1.0,1.0,2.0,0.0,2.0,3.0,1.0,4.0,0.0,1.0,2.0,2.0,1.0,1.0,3.0,3.0,3.0,1.0,1.0,1.0,3.0,1.0,1.0,3.0,1.0,1.0,0.0,3.0,2.0,1.0,0.0,1.0,0.0,2.0,1.0,2.0,2.0,1.0,1.0,0.0,2.0,1.0,1.0,0.0,1.0,0.0,3.0,1.0,3.0,2.0,1.0,3.0,3.0,2.0,19.0,1.0,1.0,3.0,2.0,5.0,4.0,1.0,1.0,1.0,5.0,3.0,2.0,3.0,2.0,3.0,2.0,2.0,2.0,1.0,1.0,3.0,0.0,3.0,0.0,3.0,1.0,1.0,3.0,1.0,1.0,7.0,1.0,1.0,0.0,1.0,3.0,0.0,0.0,0.0,1.0,2.0,3.0,3.0,3.0,0.0,1.0,0.0,2.0,3.0,2.0,2.0,1.0,0.0,3.0,1.0,1.0,0.0,3.0,0.0,0.0,1.0,11.0,1.0,1.0,1.0,3.0,2.0,0.0,4.0,1.0,0.0,2.0,3.0,1.0,3.0,3.0,0.0,3.0,1.0,0.0,4.0,4.0,0.0,3.0,2.0,2.0,2.0,2.0,3.0,3.0,0.0,0.0,11.0,0.0,1.0,1.0,0.0,1.0,1.0,2.0,2.0,4.0,1.0,2.0,2.0,3.0,2.0,4.0,2.0,1.0,1.0,2.0,1.0,0.0,2.0,2.0,0.0,3.0,0.0,0.0,0.0,2.0,2.0,9.0,1.0,2.0,0.0,1.0,0.0,1.0,1.0,0.0,2.0,1.0,3.0,1.0,1.0,2.0,5.0,2.0,1.0,1.0,1.0,1.0,0.0,1.0,2.0,2.0,0.0,3.0,2.0,2.0,2.0,1.0,11.0,3.0,2.0,2.0,2.0,4.0,0.0,1.0,2.0,4.0,4.0,2.0,2.0,2.0,1.0,2.0,2.0,3.0,0.0,2.0,0.0,0.0,0.0,2.0,0.0,2.0,2.0,0.0,3.0,0.0,2.0,4.0,0.0,3.0,4.0,0.0,2.0,3.0,1.0,0.0,3.0,1.0,0.0,5.0,1.0,0.0,1.0,1.0,2.0,2.0,0.0,0.0,2.0,1.0,2.0,0.0,0.0,1.0,2.0,0.0,2.0,0.0,5.0,2.0,1.0,2.0,2.0,2.0,1.0,0.0,1.0,2.0,2.0,1.0,1.0,2.0,4.0,1.0,1.0,1.0,1.0,3.0,0.0,1.0,1.0,1.0,0.0,2.0,0.0,1.0,1.0,4.0,0.0,5.0,0.0,0.0,1.0,4.0,0.0,1.0,2.0,0.0,1.0,0.0,1.0,2.0,1.0,4.0,2.0,1.0,1.0,3.0,1.0,1.0,1.0,1.0,2.0,1.0,1.0,1.0,1.0,1.0,2.0,2.0,8.0,1.0,2.0,4.0,2.0,1.0,0.0,1.0,0.0,4.0,2.0,1.0,0.0,0.0,1.0,2.0,2.0,4.0,2.0,0.0,2.0,4.0,3.0,1.0,1.0,1.0,1.0,2.0,2.0,2.0,0.0,16.0,2.0,1.0,1.0,4.0,2.0,1.0,1.0,3.0,1.0,3.0,3.0,3.0,1.0,3.0,3.0,1.0,2.0,2.0,0.0,1.0,3.0,2.0,2.0,4.0,2.0,0.0,2.0,2.0,3.0,1.0,15.0,1.0,2.0,1.0,1.0,0.0,1.0,2.0,1.0,1.0,2.0,2.0,0.0,4.0,1.0,3.0,0.0,3.0,2.0,5.0,1.0,1.0,1.0,2.0,1.0,3.0,4.0,2.0,1.0,2.0,4.0,14.0,2.0,4.0,2.0,2.0,1.0,0.0,2.0,1.0,3.0,2.0,1.0,1.0,0.0,4.0,1.0,1.0,0.0,2.0,3.0,2.0,3.0,1.0,3.0,0.0,3.0,1.0,0.0,3.0,1.0,2.0,12.0,2.0,3.0,2.0,3.0,1.0,1.0,0.0,3.0,0.0,4.0,2.0,0.0,0.0,2.0,1.0,2.0,5.0,1.0,1.0,3.0,3.0,3.0,0.0,0.0,2.0,1.0,2.0,1.0,0.0,3.0,7.0,0.0,1.0,1.0,3.0,2.0,2.0,1.0,2.0,1.0,1.0,2.0,2.0,1.0,0.0,1.0,6.0,1.0,3.0,3.0,3.0,1.0,0.0,1.0,1.0,3.0,0.0,2.0,0.0,1.0,0.0,14.0,1.0,2.0,3.0,4.0,2.0,1.0,2.0,2.0,0.0,0.0,0.0,1.0,1.0,2.0,1.0,1.0,1.0,3.0,1.0,0.0,0.0,3.0,1.0,2.0,2.0,1.0,2.0,2.0,1.0,3.0,12.0,1.0,3.0,2.0,2.0,1.0,1.0,1.0,2.0,3.0,0.0,0.0,1.0,0.0,2.0,1.0,3.0,2.0,0.0,0.0,0.0,1.0,0.0,1.0,3.0,3.0,0.0,2.0,1.0,0.0,1.0,9.0,0
203,1212.5006307941364,59837.15064999999,1.7486596272636916,363.317450937951,0.34718548118548126,0.14310353535353537,3.52,-0.07434346858597182,28.0,3.0,5.0,1.0,1.0,0.0,2.0,4.0,3.0,0.0,2.0,1.0,3.0,3.0,4.0,1.0,2.0,2.0,1.0,3.0,4.0,1.0,2.0,2.0,0.0,2.0,2.0,1.0,1.0,4.0,0.0,15.0,5.0,4.0,3.0,6.0,1.0,4.0,0.0,1.0,3.0,2.0,1.0,1.0,1.0,2.0,1.0,5.0,2.0,1.0,1.0,6.0,0.0,0.0,2.0,4.0,1.0,3.0,0.0,0.0,3.0,3.0,14.0,0.0,1.0,0.0,0.0,1.0,0.0,1.0,2.0,2.0,3.0,0.0,1.0,2.0,2.0,4.0,2.0,2.0,0.0,2.0,0.0,0.0,1.0,3.0,1.0,3.0,0.0,0.0,3.0,7.0,0.0,13.0,0.0,1.0,0.0,0.0,0.0,0.0,2.0,2.0,2.0,0.0,0.0,2.0,2.0,2.0,1.0,2.0,2.0,2.0,1.0,1.0,1.0,1.0,0.0,0.0,0.0,0.0,1.0,1.0,0.0,0.0,7.0,2.0,1.0,0.0,2.0,0.0,1.0,0.0,2.0,1.0,3.0,2.0,0.0,1.0,1.0,0.0,1.0,1.0,0.0,2.0,1.0,1.0,0.0,0.0,1.0,2.0,0.0,3.0,1.0,1.0,1.0,5.0,1.0,2.0,1.0,0.0,0.0,0.0,3.0,0.0,2.0,1.0,1.0,2.0,0.0,1.0,0.0,0.0,0.0,2.0,0.0,1.0,1.0,3.0,2.0,0.0,3.0,0.0,1.0,1.0,1.0,0.0,9.0,0.0,0.0,1.0,1.0,0.0,0.0,0.0,0.0,0.0,0.0,0.0,0.0,1.0,2.0,2.0,2.0,2.0,0.0,1.0,1.0,0.0,0.0,0.0,3.0,3.0,2.0,0.0,2.0,1.0,0.0,9.0,0.0,0.0,0.0,0.0,1.0,0.0,3.0,0.0,0.0,0.0,0.0,0.0,2.0,0.0,1.0,2.0,4.0,1.0,0.0,1.0,2.0,0.0,6.0,1.0,0.0,0.0,0.0,1.0,0.0,0.0,11.0,0.0,1.0,1.0,2.0,0.0,2.0,0.0,0.0,1.0,2.0,2.0,0.0,1.0,0.0,1.0,0.0,2.0,0.0,2.0,1.0,1.0,1.0,1.0,4.0,1.0,0.0,2.0,0.0,1.0,3.0,6.0,1.0,0.0,0.0,1.0,0.0,0.0,1.0,1.0,0.0,2.0,0.0,1.0,0.0,2.0,0.0,0.0,1.0,0.0,0.0,0.0,2.0,5.0,1.0,2.0,1.0,0.0,1.0,1.0,0.0,2.0,11.0,0.0,1.0,3.0,2.0,1.0,0.0,0.0,0.0,0.0,0.0,1.0,1.0,1.0,2.0,0.0,1.0,2.0,1.0,3.0,0.0,2.0,1.0,3.0,0.0,1.0,0.0,0.0,1.0,1.0,0.0,4.0,0.0,0.0,0.0,0.0,1.0,2.0,1.0,1.0,1.0,0.0,0.0,3.0,0.0,0.0,0.0,1.0,0.0,1.0,1.0,0.0,1.0,1.0,1.0,2.0,1.0,1.0,3.0,4.0,0.0,1.0,24.0,1.0,1.0,1.0,3.0,5.0,0.0,1.0,2.0,1.0,4.0,2.0,2.0,0.0,2.0,3.0,1.0,3.0,4.0,1.0,1.0,1.0,0.0,0.0,0.0,1.0,0.0,0.0,3.0,0.0,4.0,10.0,1.0,1.0,0.0,2.0,0.0,2.0,3.0,0.0,1.0,0.0,1.0,1.0,0.0,0.0,3.0,0.0,5.0,0.0,1.0,1.0,3.0,1.0,2.0,3.0,1.0,0.0,0.0,1.0,3.0,2.0,19.0,0.0,2.0,2.0,1.0,1.0,0.0,3.0,1.0,3.0,1.0,1.0,1.0,4.0,1.0,0.0,1.0,1.0,1.0,0.0,4.0,0.0,1.0,0.0,2.0,1.0,1.0,0.0,0.0,0.0,4.0,11.0,0.0,2.0,0.0,0.0,0.0,0.0,0.0,1.0,2.0,1.0,2.0,0.0,0.0,3.0,2.0,4.0,2.0,1.0,1.0,0.0,0.0,0.0,1.0,0.0,1.0,0.0,0.0,0.0,1.0,2.0,3.0,1.0,1.0,0.0,0.0,1.0,0.0,1.0,0.0,2.0,0.0,0.0,2.0,0.0,3.0,3.0,0.0,2.0,1.0,1.0,0.0,1.0,1.0,2.0,0.0,1.0,2.0,2.0,2.0,1.0,1.0,14.0,1.0,2.0,1.0,4.0,1.0,2.0,4.0,0.0,3.0,0.0,1.0,0.0,1.0,2.0,0.0,0.0,1.0,0.0,0.0,1.0,2.0,0.0,1.0,0.0,1.0,0.0,1.0,1.0,0.0,3.0,14.0,0.0,0.0,0.0,0.0,1.0,1.0,0.0,3.0,1.0,0.0,1.0,3.0,1.0,2.0,1.0,0.0,2.0,1.0,0.0,1.0,1.0,1.0,0.0,0.0,0.0,2.0,2.0,2.0,1.0,2.0,8.0,0.0,0.0,1.0,2.0,0.0,1.0,0.0,2.0,0.0,0.0,2.0,3.0,0.0,2.0,1.0,1.0,0.0,1.0,0.0,1.0,2.0,2.0,0.0,4.0,0.0,1.0,0.0,0.0,0.0,1.0,8.0,0.0,0.0,2.0,0.0,0.0,1.0,0.0,0.0,0.0,1.0,4.0,2.0,2.0,2.0,2.0,0.0,1.0,0.0,2.0,0.0,0.0,3.0,3.0,2.0,0.0,1.0,0.0,1.0,0.0,0.0,12.0,0.0,1.0,1.0,1.0,3.0,0.0,0.0,0.0,0.0,1.0,1.0,0.0,0.0,0.0,0.0,1.0,1.0,3.0,2.0,2.0,2.0,0.0,1.0,1.0,1.0,1.0,0.0,0.0,1.0,0.0,13.0,3.0,1.0,1.0,1.0,1.0,0.0,3.0,3.0,3.0,3.0,2.0,1.0,1.0,6.0,1.0,1.0,0.0,1.0,3.0,1.0,3.0,1.0,1.0,0.0,1.0,0.0,1.0,0.0,0.0,4.0,9.0,0.0,0.0,0.0,2.0,1.0,1.0,0.0,0.0,1.0,1.0,0.0,1.0,1.0,0.0,0.0,0.0,2.0,1.0,5.0,0.0,1.0,1.0,0.0,2.0,1.0,1.0,1.0,1.0,3.0,0.0,12.0,1.0,1.0,1.0,1.0,0.0,1.0,2.0,1.0,2.0,1.0,0.0,1.0,1.0,1.0,1.0,0.0,0.0,1.0,3.0,1.0,0.0,0.0,0.0,0.0,3.0,1.0,2.0,1.0,0.0,2.0,8.0,0.0,1.0,0.0,0.0,1.0,1.0,1.0,2.0,0.0,1.0,1.0,2.0,0.0,0.0,3.0,1.0,2.0,0.0,1.0,0.0,0.0,0.0,0.0,0.0,1.0,2.0,2.0,2.0,0.0,1.0,9.0,0.0,1.0,1.0,2.0,3.0,0.0,1.0,0.0,1.0,0.0,0.0,2.0,2.0,1.0,0.0,1.0,0.0,5.0,0.0,2.0,2.0,3.0,0.0,0.0,1.0,1.0,1.0,1.0,0.0,0.0,12.0,1.0,2.0,1.0,2.0,2.0,1.0,1.0,2.0,0.0,1.0,1.0,0.0,2.0,0.0,2.0,2.0,1.0,0.0,0.0,0.0,0.0,0.0,1.0,0.0,0.0,1.0,0.0,0.0,1.0,1.0,10.0,0.0,7.0,0.0,0.0,1.0,0.0,0.0,0.0,0.0,0.0,0.0,1.0,0.0,3.0,1.0,1.0,4.0,0.0,0.0,1.0,1.0,0.0,0.0,2.0,1.0,0.0,0.0,0.0,0.0,2.0,11.0,1
204,967.5878932715071,42152.22104395604,1.3093324127139496,668.3310259947621,0.5149354613640328,0.11577562648991221,2.868131868131868,-0.08321650234313625,12.0,2.0,1.0,2.0,1.0,1.0,3.0,0.0,2.0,0.0,0.0,0.0,0.0,1.0,1.0,1.0,4.0,0.0,0.0,0.0,1.0,1.0,0.0,1.0,0.0,0.0,2.0,0.0,2.0,0.0,2.0,14.0,2.0,2.0,0.0,1.0,0.0,0.0,0.0,3.0,1.0,0.0,2.0,0.0,0.0,0.0,3.0,0.0,3.0,0.0,4.0,3.0,0.0,0.0,1.0,0.0,2.0,0.0,0.0,2.0,0.0,1.0,11.0,0.0,0.0,0.0,0.0,0.0,1.0,2.0,0.0,0.0,1.0,0.0,1.0,0.0,0.0,0.0,0.0,1.0,2.0,2.0,1.0,0.0,0.0,1.0,1.0,1.0,1.0,1.0,1.0,2.0,0.0,8.0,0.0,2.0,0.0,1.0,3.0,0.0,0.0,0.0,0.0,0.0,0.0,1.0,0.0,0.0,0.0,0.0,1.0,1.0,0.0,1.0,1.0,0.0,2.0,0.0,1.0,0.0,1.0,0.0,0.0,0.0,8.0,1.0,0.0,0.0,0.0,1.0,1.0,0.0,0.0,1.0,0.0,1.0,0.0,1.0,1.0,1.0,0.0,1.0,0.0,0.0,0.0,1.0,0.0,1.0,1.0,0.0,1.0,2.0,1.0,1.0,1.0,13.0,1.0,1.0,0.0,0.0,0.0,2.0,0.0,1.0,3.0,1.0,0.0,0.0,2.0,2.0,0.0,1.0,0.0,2.0,0.0,1.0,3.0,1.0,0.0,3.0,0.0,3.0,0.0,0.0,0.0,1.0,6.0,1.0,1.0,0.0,0.0,1.0,0.0,1.0,0.0,0.0,0.0,0.0,0.0,0.0,0.0,0.0,0.0,0.0,0.0,0.0,0.0,0.0,1.0,0.0,1.0,1.0,0.0,0.0,0.0,2.0,0.0,2.0,0.0,0.0,0.0,0.0,0.0,1.0,1.0,1.0,0.0,1.0,0.0,0.0,0.0,1.0,0.0,1.0,0.0,0.0,0.0,0.0,0.0,0.0,0.0,2.0,1.0,1.0,1.0,1.0,0.0,0.0,7.0,1.0,0.0,1.0,0.0,0.0,0.0,0.0,0.0,3.0,0.0,0.0,0.0,2.0,0.0,2.0,1.0,1.0,0.0,2.0,0.0,1.0,0.0,1.0,0.0,0.0,1.0,1.0,0.0,1.0,0.0,7.0,0.0,1.0,1.0,0.0,0.0,2.0,1.0,0.0,2.0,0.0,0.0,0.0,2.0,1.0,1.0,2.0,1.0,0.0,2.0,0.0,0.0,0.0,0.0,0.0,0.0,1.0,0.0,0.0,0.0,1.0,12.0,1.0,0.0,1.0,2.0,1.0,0.0,0.0,1.0,1.0,0.0,1.0,1.0,3.0,0.0,0.0,1.0,0.0,1.0,0.0,1.0,2.0,2.0,1.0,0.0,1.0,0.0,0.0,0.0,1.0,1.0,2.0,0.0,1.0,1.0,1.0,0.0,0.0,1.0,0.0,0.0,0.0,1.0,1.0,2.0,0.0,0.0,1.0,0.0,0.0,0.0,1.0,1.0,0.0,0.0,2.0,0.0,1.0,1.0,0.0,1.0,0.0,9.0,1.0,3.0,1.0,0.0,0.0,1.0,2.0,1.0,1.0,2.0,0.0,3.0,0.0,1.0,0.0,0.0,2.0,0.0,0.0,1.0,0.0,0.0,0.0,0.0,0.0,0.0,0.0,0.0,0.0,3.0,3.0,0.0,1.0,0.0,2.0,0.0,0.0,1.0,1.0,1.0,1.0,1.0,1.0,1.0,1.0,0.0,0.0,2.0,0.0,0.0,0.0,0.0,0.0,0.0,1.0,1.0,1.0,0.0,3.0,4.0,2.0,7.0,0.0,0.0,2.0,0.0,0.0,0.0,2.0,0.0,0.0,0.0,1.0,1.0,1.0,2.0,0.0,2.0,0.0,1.0,1.0,2.0,0.0,0.0,0.0,1.0,1.0,1.0,0.0,0.0,2.0,0.0,4.0,0.0,0.0,1.0,1.0,0.0,1.0,0.0,3.0,4.0,0.0,0.0,0.0,0.0,0.0,1.0,2.0,1.0,1.0,0.0,0.0,0.0,0.0,0.0,1.0,1.0,0.0,2.0,0.0,0.0,1.0,3.0,1.0,1.0,0.0,0.0,0.0,0.0,0.0,0.0,0.0,1.0,1.0,0.0,0.0,1.0,1.0,1.0,1.0,1.0,0.0,0.0,1.0,0.0,0.0,0.0,0.0,1.0,0.0,1.0,0.0,0.0,10.0,0.0,1.0,1.0,0.0,0.0,3.0,2.0,0.0,0.0,1.0,0.0,1.0,1.0,0.0,0.0,0.0,2.0,3.0,0.0,0.0,1.0,1.0,1.0,0.0,0.0,0.0,0.0,0.0,0.0,0.0,10.0,1.0,0.0,1.0,1.0,0.0,1.0,2.0,0.0,0.0,0.0,1.0,1.0,0.0,1.0,0.0,0.0,2.0,0.0,0.0,0.0,0.0,1.0,0.0,0.0,0.0,0.0,1.0,2.0,0.0,0.0,4.0,0.0,0.0,1.0,0.0,0.0,1.0,1.0,0.0,0.0,0.0,3.0,0.0,2.0,0.0,0.0,0.0,0.0,0.0,1.0,2.0,1.0,1.0,2.0,0.0,1.0,0.0,0.0,0.0,0.0,0.0,7.0,0.0,0.0,2.0,0.0,0.0,0.0,0.0,0.0,0.0,1.0,4.0,0.0,3.0,0.0,2.0,0.0,1.0,2.0,1.0,0.0,2.0,1.0,0.0,1.0,2.0,0.0,1.0,1.0,0.0,0.0,8.0,1.0,0.0,0.0,0.0,0.0,0.0,2.0,0.0,2.0,0.0,0.0,1.0,1.0,0.0,0.0,0.0,0.0,1.0,0.0,1.0,2.0,0.0,0.0,0.0,0.0,0.0,0.0,0.0,0.0,0.0,4.0,2.0,1.0,1.0,0.0,0.0,0.0,0.0,1.0,2.0,1.0,0.0,1.0,2.0,0.0,1.0,0.0,0.0,2.0,0.0,0.0,1.0,3.0,1.0,1.0,3.0,1.0,0.0,0.0,1.0,1.0,9.0,0.0,2.0,0.0,2.0,1.0,0.0,2.0,2.0,0.0,0.0,0.0,1.0,1.0,0.0,1.0,0.0,0.0,1.0,3.0,1.0,0.0,3.0,0.0,1.0,0.0,0.0,1.0,0.0,0.0,2.0,11.0,0.0,2.0,0.0,0.0,0.0,0.0,1.0,0.0,1.0,0.0,0.0,2.0,0.0,1.0,0.0,2.0,1.0,0.0,0.0,0.0,0.0,2.0,0.0,0.0,1.0,2.0,0.0,0.0,0.0,1.0,5.0,0.0,0.0,1.0,1.0,1.0,0.0,1.0,2.0,0.0,1.0,0.0,1.0,1.0,1.0,2.0,2.0,0.0,0.0,3.0,1.0,1.0,0.0,0.0,0.0,1.0,0.0,0.0,0.0,0.0,0.0,3.0,0.0,1.0,0.0,0.0,0.0,0.0,0.0,1.0,1.0,2.0,0.0,3.0,0.0,0.0,1.0,1.0,0.0,0.0,0.0,0.0,0.0,1.0,0.0,0.0,0.0,0.0,1.0,0.0,1.0,0.0,2.0,0.0,0.0,0.0,0.0,0.0,0.0,1.0,2.0,0.0,0.0,0.0,3.0,0.0,0.0,0.0,1.0,1.0,0.0,0.0,0.0,0.0,0.0,0.0,4.0,0.0,1.0,2.0,1.0,0.0,0.0,4.0,0.0,1.0,2.0,0.0,0.0,0.0,2.0,0.0,0.0,0.0,0.0,1.0,0.0,1.0,0.0,1.0,1.0,0.0,2.0,0.0,0.0,0.0,1.0,0.0,0.0,0.0,0.0,0.0,0.0,0.0,5.0,1
205,1630.110177349558,78388.50313131313,1.8754184904706288,358.280084871061,0.2537280900917266,0.16902435854456058,3.1616161616161618,-0.0801340995087501,23.0,2.0,3.0,4.0,4.0,2.0,3.0,2.0,2.0,0.0,4.0,2.0,2.0,4.0,0.0,2.0,3.0,3.0,1.0,1.0,2.0,3.0,3.0,0.0,4.0,2.0,1.0,2.0,5.0,0.0,3.0,28.0,4.0,2.0,4.0,2.0,5.0,1.0,3.0,1.0,2.0,4.0,2.0,3.0,0.0,4.0,1.0,2.0,2.0,1.0,3.0,2.0,5.0,3.0,5.0,1.0,0.0,1.0,1.0,1.0,3.0,1.0,10.0,0.0,0.0,1.0,0.0,1.0,1.0,2.0,0.0,1.0,2.0,1.0,0.0,3.0,2.0,0.0,0.0,2.0,3.0,2.0,1.0,1.0,1.0,4.0,0.0,1.0,0.0,2.0,6.0,2.0,2.0,11.0,0.0,0.0,2.0,0.0,3.0,0.0,0.0,3.0,1.0,1.0,2.0,1.0,1.0,0.0,1.0,3.0,1.0,0.0,1.0,1.0,1.0,1.0,2.0,2.0,2.0,2.0,1.0,2.0,1.0,1.0,5.0,0.0,2.0,0.0,0.0,2.0,0.0,0.0,0.0,0.0,1.0,0.0,0.0,1.0,1.0,2.0,1.0,3.0,0.0,2.0,1.0,1.0,0.0,0.0,1.0,0.0,1.0,1.0,1.0,1.0,0.0,5.0,1.0,1.0,1.0,1.0,1.0,2.0,3.0,0.0,0.0,1.0,4.0,1.0,1.0,1.0,2.0,3.0,0.0,1.0,2.0,2.0,0.0,0.0,1.0,1.0,4.0,2.0,0.0,4.0,2.0,1.0,8.0,2.0,1.0,0.0,1.0,0.0,0.0,0.0,0.0,0.0,0.0,0.0,0.0,1.0,0.0,1.0,1.0,3.0,0.0,1.0,2.0,1.0,0.0,1.0,3.0,1.0,0.0,0.0,1.0,0.0,2.0,14.0,0.0,1.0,0.0,3.0,1.0,1.0,1.0,1.0,1.0,2.0,1.0,1.0,1.0,1.0,0.0,2.0,2.0,2.0,3.0,1.0,1.0,1.0,3.0,7.0,2.0,1.0,1.0,0.0,0.0,1.0,6.0,1.0,0.0,0.0,1.0,3.0,1.0,0.0,0.0,0.0,1.0,2.0,0.0,1.0,1.0,1.0,1.0,0.0,3.0,2.0,1.0,0.0,2.0,1.0,1.0,1.0,0.0,1.0,1.0,1.0,1.0,8.0,2.0,2.0,0.0,0.0,0.0,1.0,0.0,0.0,0.0,0.0,2.0,0.0,1.0,1.0,2.0,0.0,0.0,1.0,1.0,3.0,2.0,4.0,0.0,1.0,0.0,3.0,0.0,1.0,2.0,1.0,9.0,0.0,0.0,1.0,2.0,2.0,2.0,1.0,1.0,0.0,1.0,1.0,2.0,2.0,2.0,1.0,0.0,1.0,1.0,2.0,4.0,0.0,1.0,1.0,1.0,2.0,0.0,1.0,2.0,0.0,0.0,5.0,1.0,2.0,1.0,2.0,1.0,1.0,2.0,1.0,0.0,1.0,0.0,2.0,1.0,1.0,0.0,0.0,2.0,0.0,2.0,3.0,1.0,6.0,0.0,0.0,3.0,1.0,1.0,1.0,1.0,1.0,11.0,1.0,2.0,1.0,3.0,0.0,0.0,2.0,2.0,2.0,2.0,1.0,1.0,1.0,0.0,4.0,2.0,0.0,2.0,2.0,2.0,2.0,0.0,1.0,0.0,0.0,1.0,2.0,0.0,0.0,1.0,6.0,1.0,0.0,0.0,1.0,2.0,2.0,0.0,0.0,1.0,1.0,1.0,2.0,2.0,0.0,3.0,1.0,2.0,2.0,0.0,3.0,0.0,1.0,0.0,1.0,1.0,1.0,2.0,0.0,3.0,1.0,7.0,1.0,1.0,1.0,0.0,0.0,1.0,1.0,1.0,1.0,1.0,1.0,2.0,2.0,0.0,0.0,2.0,1.0,3.0,0.0,2.0,2.0,0.0,2.0,1.0,1.0,2.0,1.0,4.0,0.0,0.0,14.0,1.0,3.0,0.0,1.0,0.0,0.0,0.0,0.0,3.0,0.0,2.0,0.0,1.0,1.0,0.0,4.0,1.0,2.0,0.0,3.0,0.0,4.0,2.0,1.0,1.0,0.0,1.0,1.0,1.0,1.0,9.0,2.0,0.0,0.0,1.0,0.0,0.0,4.0,1.0,0.0,2.0,0.0,0.0,0.0,4.0,1.0,0.0,3.0,0.0,1.0,2.0,0.0,0.0,1.0,3.0,0.0,2.0,0.0,0.0,0.0,0.0,5.0,3.0,0.0,1.0,0.0,1.0,2.0,0.0,0.0,3.0,1.0,0.0,2.0,1.0,1.0,0.0,2.0,0.0,0.0,0.0,1.0,1.0,0.0,3.0,0.0,1.0,2.0,1.0,0.0,0.0,1.0,7.0,0.0,1.0,1.0,0.0,2.0,0.0,0.0,1.0,3.0,1.0,0.0,4.0,3.0,1.0,3.0,0.0,1.0,1.0,1.0,0.0,1.0,2.0,1.0,0.0,1.0,2.0,0.0,0.0,0.0,1.0,3.0,0.0,0.0,2.0,0.0,1.0,1.0,1.0,1.0,0.0,2.0,2.0,3.0,0.0,0.0,0.0,0.0,0.0,1.0,0.0,3.0,3.0,0.0,3.0,2.0,1.0,2.0,2.0,1.0,1.0,1.0,5.0,0.0,0.0,0.0,1.0,1.0,1.0,1.0,0.0,1.0,2.0,4.0,2.0,0.0,1.0,3.0,1.0,2.0,2.0,0.0,0.0,4.0,0.0,0.0,4.0,0.0,0.0,0.0,1.0,2.0,2.0,9.0,1.0,2.0,1.0,0.0,2.0,1.0,0.0,0.0,3.0,1.0,4.0,0.0,0.0,1.0,1.0,1.0,3.0,0.0,1.0,2.0,1.0,0.0,2.0,1.0,3.0,0.0,1.0,1.0,0.0,1.0,18.0,0.0,1.0,0.0,0.0,1.0,1.0,2.0,2.0,3.0,2.0,0.0,4.0,2.0,1.0,1.0,0.0,0.0,0.0,1.0,1.0,0.0,1.0,2.0,1.0,4.0,0.0,1.0,0.0,1.0,2.0,10.0,0.0,3.0,2.0,2.0,2.0,2.0,1.0,2.0,0.0,2.0,1.0,1.0,1.0,0.0,3.0,0.0,1.0,1.0,1.0,2.0,0.0,2.0,2.0,0.0,0.0,0.0,1.0,6.0,1.0,1.0,7.0,2.0,1.0,1.0,1.0,1.0,0.0,5.0,1.0,1.0,1.0,1.0,0.0,2.0,1.0,0.0,1.0,0.0,1.0,1.0,2.0,1.0,1.0,1.0,0.0,0.0,1.0,2.0,1.0,1.0,0.0,14.0,1.0,0.0,1.0,2.0,1.0,3.0,1.0,0.0,0.0,0.0,1.0,1.0,0.0,1.0,4.0,0.0,2.0,1.0,2.0,2.0,0.0,3.0,0.0,1.0,2.0,1.0,1.0,2.0,0.0,1.0,8.0,0.0,0.0,2.0,4.0,2.0,0.0,1.0,0.0,0.0,0.0,2.0,1.0,1.0,1.0,1.0,5.0,0.0,2.0,2.0,1.0,1.0,0.0,2.0,1.0,1.0,2.0,1.0,0.0,1.0,0.0,7.0,1.0,0.0,0.0,0.0,1.0,0.0,1.0,4.0,1.0,2.0,0.0,1.0,0.0,0.0,2.0,1.0,0.0,0.0,0.0,1.0,2.0,1.0,1.0,1.0,1.0,3.0,2.0,0.0,1.0,2.0,10.0,1.0,3.0,5.0,1.0,0.0,0.0,1.0,0.0,1.0,1.0,2.0,1.0,1.0,3.0,1.0,1.0,1.0,1.0,0.0,1.0,1.0,0.0,2.0,1.0,0.0,0.0,0.0,0.0,2.0,0.0,10.0,1
206,1310.3372374504572,61239.3885858586,1.7443127010200892,379.6699292606519,0.2737631896722806,0.11171023607892297,4.08080808080808,-0.02933510374962977,16.0,3.0,1.0,2.0,4.0,0.0,3.0,1.0,1.0,2.0,1.0,1.0,2.0,3.0,1.0,2.0,1.0,3.0,2.0,4.0,3.0,3.0,1.0,0.0,0.0,0.0,1.0,1.0,0.0,1.0,2.0,12.0,5.0,3.0,0.0,2.0,1.0,1.0,1.0,2.0,2.0,2.0,1.0,3.0,3.0,1.0,1.0,2.0,4.0,3.0,2.0,1.0,5.0,3.0,1.0,0.0,0.0,2.0,1.0,1.0,0.0,1.0,11.0,1.0,0.0,0.0,2.0,1.0,1.0,0.0,1.0,4.0,3.0,1.0,0.0,2.0,1.0,2.0,0.0,1.0,0.0,1.0,1.0,2.0,2.0,0.0,1.0,2.0,0.0,3.0,1.0,3.0,0.0,11.0,0.0,2.0,0.0,2.0,0.0,0.0,0.0,3.0,1.0,0.0,0.0,2.0,3.0,2.0,1.0,0.0,0.0,1.0,0.0,0.0,2.0,1.0,1.0,1.0,0.0,2.0,1.0,1.0,0.0,1.0,11.0,1.0,0.0,0.0,1.0,1.0,2.0,2.0,2.0,0.0,2.0,2.0,1.0,0.0,1.0,3.0,1.0,0.0,2.0,3.0,0.0,0.0,3.0,0.0,1.0,0.0,1.0,2.0,1.0,0.0,0.0,7.0,0.0,1.0,3.0,1.0,2.0,1.0,3.0,0.0,1.0,0.0,0.0,0.0,0.0,0.0,3.0,0.0,1.0,1.0,1.0,0.0,0.0,1.0,1.0,1.0,1.0,2.0,0.0,1.0,1.0,2.0,11.0,1.0,0.0,0.0,1.0,0.0,0.0,1.0,1.0,0.0,0.0,2.0,2.0,1.0,0.0,2.0,0.0,1.0,1.0,0.0,1.0,1.0,1.0,0.0,0.0,0.0,3.0,0.0,2.0,0.0,0.0,6.0,0.0,1.0,0.0,0.0,1.0,0.0,3.0,1.0,2.0,2.0,0.0,0.0,1.0,0.0,0.0,2.0,2.0,0.0,1.0,1.0,0.0,0.0,3.0,2.0,0.0,3.0,1.0,0.0,1.0,1.0,15.0,1.0,0.0,3.0,0.0,0.0,1.0,1.0,2.0,0.0,0.0,1.0,1.0,1.0,0.0,1.0,0.0,0.0,0.0,2.0,0.0,0.0,1.0,0.0,0.0,1.0,1.0,2.0,0.0,1.0,1.0,7.0,0.0,0.0,2.0,0.0,1.0,2.0,0.0,1.0,0.0,1.0,2.0,1.0,1.0,2.0,0.0,1.0,0.0,2.0,1.0,0.0,3.0,3.0,0.0,0.0,1.0,0.0,0.0,1.0,0.0,3.0,19.0,0.0,2.0,2.0,0.0,1.0,1.0,1.0,1.0,2.0,0.0,0.0,1.0,2.0,1.0,2.0,0.0,0.0,2.0,0.0,2.0,5.0,2.0,1.0,2.0,0.0,0.0,0.0,2.0,0.0,0.0,7.0,1.0,1.0,1.0,1.0,1.0,0.0,1.0,0.0,3.0,1.0,1.0,1.0,0.0,0.0,1.0,0.0,3.0,1.0,2.0,1.0,2.0,2.0,3.0,2.0,0.0,5.0,1.0,2.0,0.0,0.0,10.0,1.0,2.0,0.0,1.0,1.0,1.0,1.0,0.0,1.0,1.0,0.0,1.0,0.0,3.0,2.0,1.0,0.0,4.0,1.0,0.0,1.0,0.0,1.0,1.0,1.0,0.0,0.0,0.0,0.0,1.0,4.0,0.0,1.0,0.0,1.0,0.0,0.0,0.0,1.0,0.0,2.0,0.0,0.0,1.0,0.0,1.0,0.0,3.0,2.0,0.0,0.0,1.0,2.0,0.0,0.0,1.0,0.0,0.0,0.0,3.0,0.0,9.0,0.0,1.0,1.0,0.0,1.0,1.0,3.0,0.0,4.0,0.0,1.0,1.0,0.0,1.0,1.0,1.0,4.0,0.0,2.0,2.0,1.0,0.0,0.0,1.0,0.0,0.0,1.0,0.0,0.0,0.0,8.0,1.0,0.0,1.0,2.0,0.0,1.0,0.0,1.0,1.0,3.0,0.0,3.0,0.0,0.0,0.0,2.0,1.0,1.0,0.0,1.0,0.0,1.0,1.0,0.0,4.0,0.0,1.0,0.0,0.0,1.0,10.0,0.0,1.0,0.0,1.0,0.0,1.0,0.0,2.0,1.0,2.0,0.0,1.0,3.0,3.0,1.0,1.0,2.0,1.0,1.0,4.0,0.0,0.0,0.0,1.0,0.0,1.0,0.0,0.0,1.0,0.0,10.0,0.0,0.0,0.0,2.0,1.0,2.0,2.0,0.0,2.0,1.0,0.0,1.0,1.0,3.0,1.0,2.0,0.0,0.0,2.0,0.0,1.0,0.0,0.0,0.0,0.0,1.0,0.0,1.0,0.0,0.0,9.0,1.0,0.0,1.0,1.0,1.0,1.0,2.0,0.0,1.0,1.0,0.0,3.0,1.0,3.0,1.0,2.0,0.0,0.0,0.0,1.0,1.0,3.0,0.0,1.0,0.0,0.0,2.0,0.0,0.0,2.0,11.0,0.0,0.0,0.0,1.0,0.0,2.0,0.0,2.0,2.0,1.0,2.0,2.0,1.0,0.0,0.0,1.0,0.0,1.0,2.0,1.0,2.0,2.0,0.0,0.0,1.0,0.0,0.0,0.0,0.0,0.0,4.0,1.0,1.0,0.0,1.0,1.0,1.0,1.0,0.0,2.0,6.0,3.0,4.0,0.0,1.0,0.0,0.0,1.0,2.0,4.0,0.0,1.0,1.0,0.0,0.0,0.0,0.0,0.0,1.0,1.0,1.0,5.0,1.0,1.0,0.0,0.0,1.0,0.0,0.0,0.0,2.0,2.0,1.0,1.0,3.0,1.0,2.0,0.0,1.0,0.0,2.0,2.0,1.0,1.0,3.0,0.0,0.0,2.0,0.0,1.0,0.0,1.0,14.0,0.0,0.0,0.0,1.0,0.0,1.0,1.0,1.0,4.0,0.0,2.0,1.0,1.0,1.0,2.0,0.0,1.0,3.0,1.0,0.0,0.0,3.0,2.0,0.0,1.0,0.0,0.0,1.0,3.0,2.0,12.0,0.0,1.0,1.0,2.0,0.0,1.0,0.0,0.0,2.0,0.0,1.0,2.0,0.0,1.0,1.0,0.0,1.0,1.0,1.0,1.0,1.0,0.0,3.0,1.0,1.0,0.0,0.0,2.0,1.0,1.0,11.0,0.0,1.0,1.0,0.0,0.0,1.0,1.0,0.0,0.0,1.0,0.0,1.0,0.0,0.0,0.0,0.0,1.0,2.0,0.0,1.0,0.0,1.0,3.0,1.0,0.0,0.0,1.0,2.0,0.0,2.0,8.0,0.0,1.0,0.0,0.0,1.0,2.0,1.0,1.0,2.0,1.0,2.0,0.0,0.0,0.0,0.0,0.0,3.0,1.0,0.0,1.0,0.0,0.0,0.0,3.0,1.0,1.0,1.0,0.0,1.0,1.0,2.0,1.0,0.0,0.0,1.0,2.0,3.0,0.0,0.0,1.0,1.0,0.0,2.0,2.0,3.0,3.0,2.0,0.0,0.0,0.0,2.0,0.0,1.0,0.0,0.0,0.0,1.0,2.0,1.0,1.0,0.0,4.0,0.0,0.0,1.0,1.0,1.0,0.0,2.0,1.0,1.0,0.0,0.0,1.0,0.0,2.0,1.0,1.0,1.0,0.0,1.0,0.0,0.0,2.0,1.0,0.0,0.0,1.0,0.0,0.0,0.0,0.0,6.0,0.0,0.0,1.0,0.0,0.0,0.0,0.0,1.0,0.0,1.0,1.0,1.0,1.0,0.0,0.0,1.0,1.0,1.0,2.0,0.0,0.0,1.0,0.0,3.0,0.0,1.0,2.0,1.0,0.0,0.0,5.0,1
207,1392.6523987579099,55608.14407216496,1.698618431798356,459.35573182544823,0.29260647714255955,0.13813559006857976,2.88659793814433,-0.08569903522180111,12.0,0.0,3.0,0.0,1.0,4.0,5.0,2.0,0.0,0.0,2.0,3.0,2.0,2.0,1.0,2.0,3.0,3.0,0.0,3.0,1.0,1.0,2.0,4.0,3.0,3.0,2.0,0.0,2.0,3.0,3.0,4.0,1.0,4.0,2.0,1.0,2.0,1.0,1.0,0.0,2.0,2.0,2.0,1.0,0.0,3.0,1.0,0.0,0.0,0.0,3.0,1.0,0.0,1.0,2.0,0.0,1.0,2.0,0.0,1.0,2.0,1.0,5.0,2.0,0.0,0.0,0.0,2.0,2.0,0.0,0.0,1.0,3.0,0.0,1.0,1.0,1.0,0.0,0.0,0.0,1.0,2.0,2.0,0.0,2.0,1.0,1.0,3.0,0.0,1.0,2.0,2.0,1.0,5.0,0.0,0.0,0.0,1.0,2.0,2.0,2.0,0.0,0.0,0.0,1.0,0.0,1.0,1.0,0.0,2.0,0.0,1.0,2.0,3.0,0.0,0.0,0.0,0.0,3.0,0.0,3.0,1.0,1.0,0.0,6.0,1.0,1.0,0.0,1.0,0.0,1.0,1.0,1.0,1.0,1.0,1.0,3.0,1.0,1.0,0.0,0.0,1.0,0.0,3.0,0.0,0.0,1.0,0.0,0.0,0.0,5.0,2.0,0.0,0.0,2.0,4.0,0.0,0.0,1.0,2.0,0.0,0.0,3.0,0.0,1.0,0.0,1.0,1.0,0.0,1.0,0.0,0.0,1.0,1.0,0.0,0.0,1.0,0.0,0.0,0.0,3.0,1.0,0.0,1.0,0.0,0.0,6.0,2.0,1.0,1.0,0.0,1.0,1.0,2.0,1.0,0.0,2.0,0.0,0.0,1.0,1.0,1.0,2.0,1.0,0.0,2.0,0.0,0.0,0.0,0.0,1.0,0.0,2.0,2.0,0.0,1.0,0.0,9.0,0.0,0.0,1.0,2.0,5.0,2.0,0.0,0.0,0.0,2.0,0.0,0.0,1.0,0.0,1.0,1.0,0.0,1.0,3.0,2.0,1.0,1.0,0.0,1.0,2.0,1.0,1.0,0.0,0.0,0.0,3.0,0.0,1.0,1.0,1.0,0.0,1.0,0.0,1.0,2.0,2.0,0.0,0.0,0.0,1.0,2.0,0.0,2.0,2.0,1.0,1.0,0.0,1.0,0.0,0.0,0.0,0.0,1.0,1.0,0.0,0.0,6.0,1.0,0.0,2.0,1.0,1.0,0.0,0.0,1.0,1.0,0.0,0.0,1.0,0.0,2.0,3.0,0.0,0.0,0.0,3.0,0.0,1.0,3.0,1.0,0.0,0.0,0.0,1.0,2.0,3.0,1.0,10.0,0.0,1.0,2.0,1.0,0.0,0.0,3.0,0.0,1.0,3.0,0.0,0.0,4.0,3.0,2.0,0.0,1.0,2.0,2.0,0.0,2.0,1.0,0.0,2.0,0.0,1.0,1.0,0.0,2.0,1.0,8.0,3.0,1.0,1.0,1.0,0.0,1.0,3.0,3.0,2.0,0.0,1.0,1.0,1.0,0.0,0.0,0.0,1.0,1.0,3.0,1.0,1.0,0.0,1.0,2.0,1.0,2.0,3.0,0.0,1.0,2.0,11.0,1.0,0.0,1.0,2.0,2.0,2.0,4.0,1.0,2.0,2.0,0.0,1.0,1.0,2.0,0.0,0.0,2.0,5.0,1.0,1.0,0.0,0.0,0.0,2.0,1.0,0.0,1.0,0.0,0.0,0.0,6.0,0.0,1.0,3.0,2.0,0.0,0.0,2.0,0.0,2.0,0.0,0.0,0.0,1.0,0.0,1.0,1.0,3.0,1.0,0.0,0.0,1.0,0.0,1.0,0.0,0.0,0.0,0.0,3.0,0.0,0.0,2.0,0.0,1.0,0.0,0.0,0.0,0.0,2.0,0.0,0.0,1.0,1.0,0.0,2.0,2.0,1.0,0.0,3.0,3.0,2.0,1.0,0.0,0.0,0.0,0.0,0.0,2.0,2.0,0.0,0.0,0.0,9.0,0.0,0.0,1.0,1.0,1.0,0.0,2.0,1.0,1.0,0.0,2.0,2.0,0.0,0.0,4.0,1.0,0.0,0.0,1.0,1.0,0.0,1.0,3.0,0.0,3.0,1.0,3.0,2.0,1.0,2.0,4.0,0.0,0.0,1.0,1.0,1.0,1.0,0.0,2.0,1.0,0.0,2.0,0.0,3.0,2.0,2.0,1.0,1.0,2.0,1.0,0.0,1.0,0.0,2.0,3.0,0.0,1.0,2.0,1.0,0.0,2.0,9.0,2.0,0.0,1.0,1.0,2.0,2.0,2.0,1.0,2.0,1.0,0.0,0.0,2.0,1.0,0.0,4.0,0.0,0.0,0.0,0.0,1.0,0.0,2.0,0.0,2.0,1.0,0.0,2.0,0.0,1.0,4.0,1.0,1.0,0.0,2.0,0.0,2.0,1.0,1.0,0.0,0.0,0.0,3.0,2.0,1.0,1.0,1.0,1.0,0.0,1.0,0.0,1.0,2.0,1.0,2.0,0.0,0.0,0.0,1.0,1.0,0.0,3.0,1.0,2.0,1.0,0.0,1.0,0.0,0.0,1.0,1.0,0.0,1.0,2.0,1.0,0.0,0.0,0.0,0.0,2.0,1.0,1.0,1.0,0.0,1.0,1.0,0.0,2.0,0.0,0.0,3.0,0.0,2.0,2.0,0.0,1.0,3.0,1.0,0.0,0.0,0.0,1.0,2.0,2.0,1.0,0.0,1.0,2.0,0.0,0.0,1.0,0.0,0.0,0.0,0.0,0.0,0.0,0.0,2.0,0.0,2.0,1.0,1.0,2.0,0.0,1.0,1.0,1.0,0.0,1.0,1.0,1.0,1.0,1.0,1.0,2.0,1.0,3.0,0.0,1.0,0.0,0.0,2.0,1.0,0.0,0.0,1.0,1.0,1.0,5.0,1.0,0.0,1.0,0.0,5.0,2.0,3.0,3.0,1.0,1.0,0.0,0.0,3.0,0.0,0.0,2.0,2.0,1.0,1.0,3.0,0.0,0.0,3.0,1.0,1.0,2.0,1.0,0.0,1.0,2.0,2.0,0.0,1.0,0.0,2.0,4.0,0.0,1.0,0.0,0.0,0.0,3.0,0.0,1.0,1.0,0.0,0.0,1.0,5.0,2.0,0.0,2.0,3.0,0.0,0.0,1.0,0.0,1.0,3.0,2.0,0.0,4.0,0.0,1.0,1.0,1.0,8.0,0.0,0.0,0.0,1.0,2.0,2.0,1.0,3.0,2.0,0.0,0.0,0.0,1.0,2.0,1.0,0.0,0.0,1.0,0.0,0.0,1.0,0.0,3.0,2.0,0.0,0.0,0.0,3.0,0.0,0.0,6.0,0.0,0.0,1.0,1.0,1.0,2.0,3.0,0.0,1.0,1.0,0.0,2.0,0.0,0.0,2.0,0.0,3.0,0.0,1.0,0.0,1.0,1.0,0.0,0.0,0.0,0.0,0.0,1.0,0.0,1.0,4.0,1.0,0.0,0.0,1.0,2.0,0.0,0.0,2.0,1.0,1.0,0.0,1.0,0.0,2.0,1.0,0.0,0.0,2.0,1.0,1.0,0.0,1.0,0.0,0.0,0.0,2.0,0.0,1.0,0.0,1.0,5.0,0.0,0.0,2.0,1.0,0.0,2.0,1.0,0.0,2.0,1.0,0.0,1.0,0.0,3.0,0.0,0.0,1.0,0.0,0.0,0.0,1.0,1.0,1.0,0.0,1.0,0.0,0.0,0.0,0.0,0.0,0.0,2.0,1.0,1.0,0.0,0.0,1.0,0.0,0.0,0.0,0.0,2.0,0.0,4.0,2.0,2.0,1.0,4.0,3.0,1.0,0.0,1.0,0.0,2.0,0.0,0.0,0.0,1.0,0.0,0.0,0.0,6.0,1
208,1234.2292508949606,67015.86212121215,1.5429758565082456,361.1848347640014,0.4093661669419246,0.18556210250654692,3.1818181818181817,-0.03943665655515165,30.0,0.0,1.0,2.0,3.0,4.0,1.0,1.0,3.0,0.0,0.0,2.0,2.0,1.0,1.0,0.0,0.0,0.0,1.0,0.0,3.0,2.0,1.0,2.0,1.0,2.0,0.0,4.0,3.0,0.0,1.0,14.0,5.0,2.0,3.0,3.0,1.0,0.0,0.0,0.0,1.0,3.0,1.0,1.0,1.0,3.0,0.0,1.0,1.0,2.0,1.0,1.0,1.0,2.0,1.0,1.0,3.0,1.0,1.0,1.0,1.0,1.0,9.0,1.0,0.0,0.0,1.0,1.0,2.0,0.0,1.0,1.0,1.0,0.0,1.0,1.0,0.0,1.0,0.0,1.0,0.0,3.0,0.0,0.0,2.0,1.0,0.0,1.0,0.0,0.0,0.0,2.0,1.0,7.0,1.0,1.0,0.0,0.0,1.0,0.0,0.0,0.0,1.0,0.0,4.0,1.0,0.0,2.0,1.0,2.0,0.0,0.0,1.0,0.0,0.0,0.0,0.0,0.0,0.0,0.0,2.0,2.0,0.0,1.0,17.0,0.0,0.0,0.0,0.0,3.0,1.0,2.0,2.0,2.0,2.0,0.0,0.0,1.0,0.0,0.0,0.0,2.0,2.0,1.0,0.0,0.0,1.0,2.0,0.0,1.0,1.0,0.0,2.0,0.0,1.0,25.0,4.0,1.0,6.0,1.0,1.0,2.0,1.0,2.0,3.0,1.0,1.0,3.0,0.0,3.0,2.0,0.0,1.0,0.0,0.0,0.0,1.0,0.0,1.0,2.0,1.0,4.0,0.0,0.0,1.0,2.0,11.0,2.0,0.0,0.0,1.0,0.0,1.0,0.0,2.0,1.0,0.0,0.0,1.0,1.0,2.0,1.0,2.0,1.0,2.0,1.0,2.0,0.0,1.0,0.0,1.0,1.0,0.0,0.0,0.0,2.0,0.0,13.0,3.0,1.0,0.0,1.0,2.0,2.0,2.0,1.0,0.0,0.0,1.0,0.0,0.0,0.0,0.0,2.0,1.0,0.0,1.0,1.0,0.0,0.0,4.0,1.0,0.0,1.0,1.0,4.0,1.0,0.0,23.0,2.0,0.0,0.0,1.0,0.0,1.0,1.0,2.0,1.0,2.0,2.0,0.0,2.0,0.0,1.0,2.0,2.0,0.0,1.0,0.0,1.0,3.0,1.0,1.0,0.0,2.0,1.0,2.0,0.0,2.0,5.0,0.0,0.0,0.0,0.0,1.0,0.0,0.0,0.0,1.0,0.0,0.0,1.0,2.0,0.0,0.0,1.0,0.0,0.0,0.0,0.0,0.0,1.0,1.0,0.0,0.0,4.0,0.0,1.0,0.0,1.0,9.0,0.0,0.0,1.0,0.0,0.0,0.0,0.0,0.0,1.0,0.0,2.0,1.0,1.0,1.0,2.0,0.0,1.0,2.0,0.0,0.0,4.0,0.0,0.0,0.0,2.0,0.0,1.0,0.0,0.0,1.0,9.0,1.0,0.0,1.0,0.0,1.0,0.0,0.0,0.0,0.0,2.0,0.0,1.0,3.0,0.0,0.0,2.0,2.0,0.0,1.0,0.0,1.0,1.0,2.0,2.0,2.0,5.0,0.0,1.0,1.0,0.0,24.0,3.0,1.0,2.0,4.0,2.0,3.0,1.0,0.0,2.0,1.0,0.0,0.0,0.0,2.0,0.0,1.0,1.0,0.0,1.0,1.0,0.0,2.0,2.0,0.0,0.0,2.0,2.0,0.0,0.0,2.0,7.0,1.0,0.0,1.0,0.0,1.0,0.0,0.0,0.0,1.0,1.0,3.0,0.0,1.0,0.0,5.0,1.0,7.0,1.0,0.0,1.0,0.0,1.0,1.0,0.0,1.0,0.0,1.0,0.0,1.0,1.0,6.0,1.0,2.0,3.0,0.0,2.0,1.0,0.0,2.0,1.0,1.0,0.0,0.0,0.0,0.0,1.0,1.0,4.0,0.0,0.0,1.0,3.0,0.0,1.0,1.0,0.0,0.0,0.0,3.0,0.0,0.0,7.0,0.0,1.0,0.0,0.0,1.0,1.0,2.0,0.0,2.0,1.0,0.0,0.0,0.0,2.0,1.0,1.0,1.0,0.0,1.0,1.0,2.0,1.0,1.0,0.0,0.0,0.0,4.0,1.0,1.0,0.0,8.0,1.0,1.0,0.0,1.0,0.0,0.0,1.0,1.0,2.0,1.0,0.0,0.0,0.0,1.0,4.0,0.0,0.0,1.0,2.0,2.0,0.0,0.0,2.0,0.0,1.0,1.0,0.0,1.0,0.0,0.0,10.0,1.0,0.0,0.0,0.0,1.0,1.0,3.0,2.0,1.0,0.0,1.0,1.0,2.0,0.0,0.0,0.0,0.0,0.0,0.0,1.0,1.0,1.0,1.0,0.0,2.0,2.0,1.0,0.0,0.0,1.0,4.0,0.0,2.0,0.0,1.0,0.0,1.0,0.0,0.0,0.0,1.0,1.0,1.0,2.0,0.0,2.0,0.0,0.0,1.0,0.0,0.0,1.0,1.0,0.0,1.0,1.0,0.0,0.0,1.0,0.0,0.0,10.0,0.0,3.0,0.0,1.0,0.0,0.0,0.0,4.0,2.0,1.0,1.0,1.0,0.0,1.0,0.0,0.0,3.0,1.0,0.0,0.0,2.0,1.0,1.0,1.0,0.0,0.0,1.0,0.0,1.0,0.0,5.0,2.0,1.0,1.0,0.0,0.0,1.0,1.0,1.0,0.0,0.0,5.0,1.0,2.0,1.0,0.0,0.0,1.0,2.0,0.0,2.0,1.0,1.0,2.0,0.0,1.0,0.0,2.0,1.0,0.0,1.0,13.0,1.0,1.0,1.0,1.0,0.0,0.0,1.0,0.0,1.0,1.0,2.0,0.0,0.0,2.0,3.0,1.0,1.0,0.0,0.0,2.0,2.0,2.0,0.0,1.0,0.0,0.0,0.0,1.0,3.0,1.0,14.0,1.0,2.0,2.0,2.0,0.0,0.0,2.0,1.0,1.0,0.0,2.0,1.0,0.0,1.0,1.0,1.0,0.0,1.0,1.0,0.0,0.0,1.0,1.0,2.0,1.0,0.0,1.0,2.0,0.0,2.0,14.0,0.0,1.0,1.0,2.0,0.0,0.0,3.0,1.0,1.0,1.0,1.0,1.0,1.0,1.0,1.0,0.0,0.0,2.0,1.0,1.0,1.0,3.0,1.0,1.0,1.0,0.0,1.0,1.0,3.0,0.0,18.0,0.0,2.0,1.0,2.0,0.0,0.0,0.0,0.0,0.0,1.0,3.0,1.0,1.0,2.0,1.0,1.0,1.0,1.0,0.0,0.0,2.0,3.0,1.0,0.0,1.0,0.0,1.0,1.0,0.0,0.0,12.0,1.0,0.0,0.0,0.0,2.0,0.0,0.0,1.0,0.0,0.0,2.0,1.0,1.0,0.0,1.0,0.0,1.0,1.0,0.0,2.0,1.0,1.0,1.0,0.0,0.0,0.0,2.0,2.0,1.0,1.0,6.0,0.0,0.0,0.0,3.0,1.0,1.0,0.0,3.0,0.0,0.0,0.0,2.0,1.0,0.0,0.0,2.0,0.0,0.0,0.0,1.0,0.0,0.0,3.0,1.0,1.0,1.0,1.0,2.0,0.0,0.0,7.0,0.0,0.0,0.0,0.0,1.0,0.0,1.0,0.0,0.0,0.0,0.0,1.0,3.0,1.0,2.0,2.0,2.0,1.0,0.0,2.0,0.0,1.0,0.0,0.0,2.0,1.0,2.0,1.0,1.0,0.0,10.0,0.0,1.0,2.0,1.0,0.0,0.0,0.0,0.0,0.0,1.0,0.0,0.0,0.0,1.0,1.0,1.0,1.0,1.0,1.0,0.0,0.0,0.0,0.0,0.0,1.0,0.0,1.0,0.0,2.0,0.0,6.0,1
211,1222.118979087728,47096.307750000014,1.4243338210652212,517.9282862415362,0.44341810966810974,0.17830687830687833,3.0,-0.18685763451133738,24.0,0.0,0.0,3.0,2.0,1.0,1.0,0.0,5.0,0.0,1.0,0.0,0.0,2.0,1.0,1.0,2.0,1.0,2.0,4.0,3.0,3.0,1.0,1.0,5.0,1.0,3.0,0.0,1.0,1.0,1.0,9.0,3.0,2.0,0.0,6.0,3.0,0.0,6.0,1.0,1.0,0.0,0.0,2.0,2.0,1.0,1.0,0.0,0.0,0.0,1.0,4.0,0.0,2.0,0.0,0.0,1.0,1.0,2.0,0.0,3.0,4.0,13.0,1.0,0.0,1.0,0.0,2.0,0.0,0.0,1.0,2.0,3.0,3.0,2.0,0.0,3.0,2.0,0.0,0.0,2.0,0.0,1.0,0.0,1.0,0.0,0.0,1.0,0.0,0.0,2.0,2.0,2.0,18.0,0.0,0.0,0.0,0.0,2.0,2.0,1.0,1.0,1.0,0.0,1.0,1.0,2.0,2.0,0.0,2.0,2.0,0.0,0.0,1.0,1.0,3.0,1.0,0.0,0.0,1.0,1.0,0.0,1.0,0.0,11.0,3.0,3.0,1.0,0.0,2.0,0.0,2.0,1.0,1.0,0.0,0.0,0.0,1.0,1.0,2.0,1.0,0.0,2.0,1.0,1.0,2.0,0.0,1.0,0.0,0.0,2.0,3.0,1.0,1.0,2.0,6.0,0.0,0.0,1.0,2.0,0.0,1.0,1.0,0.0,0.0,0.0,1.0,3.0,0.0,0.0,0.0,0.0,2.0,0.0,0.0,0.0,1.0,1.0,0.0,0.0,1.0,3.0,1.0,0.0,3.0,0.0,7.0,2.0,1.0,0.0,0.0,2.0,0.0,1.0,0.0,1.0,0.0,0.0,0.0,0.0,0.0,0.0,4.0,1.0,0.0,1.0,1.0,0.0,0.0,0.0,4.0,1.0,1.0,0.0,0.0,0.0,0.0,8.0,1.0,0.0,1.0,0.0,1.0,0.0,0.0,1.0,1.0,0.0,1.0,2.0,0.0,1.0,0.0,0.0,0.0,1.0,0.0,2.0,1.0,0.0,4.0,1.0,2.0,1.0,1.0,1.0,2.0,0.0,10.0,1.0,2.0,0.0,0.0,1.0,1.0,0.0,2.0,0.0,0.0,0.0,1.0,7.0,2.0,0.0,1.0,1.0,1.0,0.0,0.0,0.0,0.0,0.0,1.0,1.0,1.0,0.0,0.0,1.0,0.0,6.0,1.0,1.0,1.0,1.0,3.0,0.0,2.0,0.0,0.0,0.0,0.0,0.0,0.0,2.0,1.0,0.0,0.0,1.0,0.0,1.0,2.0,2.0,1.0,3.0,0.0,0.0,0.0,0.0,0.0,1.0,13.0,2.0,0.0,0.0,2.0,2.0,0.0,2.0,0.0,0.0,0.0,0.0,1.0,1.0,0.0,0.0,2.0,3.0,0.0,1.0,1.0,2.0,3.0,0.0,3.0,0.0,2.0,0.0,0.0,0.0,1.0,2.0,1.0,0.0,0.0,0.0,0.0,0.0,0.0,2.0,1.0,0.0,0.0,0.0,1.0,1.0,1.0,0.0,1.0,1.0,0.0,2.0,1.0,1.0,0.0,1.0,1.0,1.0,0.0,1.0,1.0,1.0,12.0,1.0,1.0,3.0,3.0,0.0,0.0,4.0,0.0,0.0,3.0,1.0,1.0,0.0,1.0,3.0,0.0,1.0,2.0,4.0,0.0,0.0,4.0,0.0,0.0,0.0,0.0,1.0,1.0,1.0,0.0,2.0,0.0,1.0,0.0,0.0,0.0,0.0,0.0,0.0,0.0,1.0,0.0,1.0,2.0,1.0,3.0,0.0,2.0,1.0,2.0,3.0,0.0,1.0,0.0,2.0,0.0,1.0,1.0,0.0,0.0,1.0,1.0,1.0,0.0,0.0,0.0,1.0,1.0,0.0,1.0,0.0,2.0,0.0,0.0,0.0,3.0,0.0,2.0,1.0,0.0,1.0,0.0,0.0,1.0,2.0,1.0,0.0,0.0,0.0,3.0,0.0,2.0,9.0,0.0,0.0,0.0,2.0,0.0,0.0,0.0,1.0,0.0,1.0,3.0,5.0,0.0,1.0,1.0,0.0,2.0,2.0,1.0,0.0,1.0,1.0,2.0,1.0,0.0,0.0,2.0,1.0,0.0,4.0,2.0,0.0,0.0,0.0,0.0,2.0,0.0,1.0,1.0,1.0,1.0,1.0,0.0,1.0,2.0,4.0,0.0,1.0,1.0,2.0,0.0,0.0,1.0,0.0,0.0,1.0,0.0,2.0,0.0,1.0,0.0,5.0,0.0,1.0,0.0,0.0,1.0,0.0,1.0,1.0,1.0,2.0,0.0,0.0,2.0,2.0,1.0,0.0,0.0,0.0,0.0,1.0,1.0,0.0,1.0,0.0,0.0,0.0,1.0,0.0,0.0,0.0,1.0,0.0,2.0,0.0,0.0,0.0,1.0,0.0,0.0,1.0,0.0,0.0,0.0,1.0,2.0,0.0,2.0,2.0,1.0,0.0,0.0,2.0,0.0,1.0,4.0,1.0,0.0,1.0,1.0,1.0,0.0,11.0,1.0,0.0,2.0,3.0,1.0,0.0,2.0,1.0,3.0,0.0,2.0,0.0,4.0,1.0,0.0,0.0,0.0,1.0,0.0,0.0,3.0,1.0,0.0,0.0,2.0,0.0,0.0,1.0,2.0,2.0,7.0,0.0,1.0,0.0,0.0,0.0,2.0,1.0,0.0,0.0,0.0,1.0,0.0,0.0,0.0,0.0,0.0,1.0,4.0,1.0,0.0,1.0,3.0,2.0,0.0,0.0,1.0,1.0,2.0,0.0,0.0,7.0,0.0,2.0,0.0,0.0,1.0,0.0,1.0,0.0,2.0,0.0,2.0,3.0,2.0,1.0,1.0,0.0,0.0,0.0,0.0,1.0,1.0,0.0,0.0,0.0,1.0,2.0,0.0,2.0,1.0,0.0,12.0,3.0,2.0,0.0,3.0,1.0,0.0,0.0,3.0,2.0,0.0,1.0,2.0,0.0,2.0,1.0,0.0,0.0,2.0,0.0,2.0,0.0,2.0,0.0,1.0,0.0,1.0,0.0,1.0,1.0,2.0,6.0,2.0,0.0,1.0,2.0,0.0,1.0,1.0,1.0,1.0,0.0,0.0,1.0,2.0,0.0,2.0,0.0,1.0,1.0,2.0,1.0,0.0,0.0,0.0,2.0,1.0,0.0,1.0,0.0,2.0,1.0,4.0,0.0,2.0,1.0,0.0,0.0,1.0,0.0,0.0,2.0,0.0,0.0,0.0,2.0,0.0,0.0,1.0,0.0,0.0,1.0,1.0,1.0,0.0,0.0,0.0,0.0,1.0,0.0,1.0,0.0,0.0,3.0,2.0,1.0,3.0,0.0,2.0,1.0,0.0,2.0,0.0,1.0,1.0,0.0,3.0,1.0,1.0,0.0,2.0,0.0,1.0,3.0,1.0,2.0,0.0,1.0,1.0,3.0,1.0,4.0,1.0,1.0,8.0,0.0,1.0,0.0,0.0,1.0,0.0,0.0,0.0,1.0,1.0,0.0,1.0,1.0,3.0,0.0,2.0,0.0,1.0,3.0,2.0,2.0,3.0,2.0,1.0,0.0,1.0,3.0,0.0,0.0,0.0,9.0,2.0,1.0,1.0,1.0,1.0,1.0,1.0,0.0,0.0,1.0,1.0,0.0,0.0,1.0,0.0,1.0,0.0,1.0,0.0,0.0,0.0,5.0,1.0,0.0,0.0,0.0,0.0,2.0,2.0,1.0,12.0,0.0,1.0,0.0,0.0,0.0,2.0,0.0,0.0,0.0,0.0,1.0,1.0,1.0,2.0,0.0,0.0,0.0,1.0,0.0,0.0,0.0,1.0,0.0,0.0,0.0,0.0,0.0,0.0,0.0,0.0,0.0,1
212,895.0899910068407,29854.141649999994,1.3694316938142195,334.66522994734026,0.4819826839826839,0.13569312169312173,2.88,-0.16843749093783741,11.0,1.0,2.0,2.0,0.0,1.0,1.0,1.0,0.0,1.0,0.0,0.0,0.0,4.0,2.0,1.0,0.0,1.0,0.0,0.0,0.0,1.0,1.0,1.0,1.0,0.0,2.0,4.0,0.0,0.0,0.0,34.0,2.0,3.0,2.0,1.0,0.0,2.0,1.0,5.0,1.0,1.0,0.0,1.0,0.0,0.0,5.0,0.0,1.0,0.0,5.0,2.0,0.0,0.0,0.0,0.0,1.0,0.0,3.0,1.0,1.0,1.0,10.0,0.0,0.0,1.0,1.0,0.0,0.0,1.0,1.0,0.0,0.0,0.0,1.0,1.0,3.0,0.0,1.0,0.0,1.0,0.0,0.0,0.0,0.0,0.0,0.0,0.0,0.0,0.0,2.0,3.0,0.0,21.0,1.0,1.0,0.0,3.0,1.0,0.0,1.0,0.0,2.0,3.0,2.0,3.0,0.0,0.0,2.0,2.0,1.0,2.0,2.0,1.0,0.0,1.0,1.0,3.0,0.0,0.0,0.0,0.0,1.0,0.0,15.0,2.0,0.0,0.0,0.0,1.0,0.0,0.0,0.0,0.0,0.0,1.0,0.0,0.0,0.0,0.0,2.0,0.0,2.0,1.0,2.0,0.0,0.0,0.0,0.0,0.0,2.0,4.0,0.0,1.0,0.0,13.0,1.0,3.0,1.0,1.0,1.0,0.0,3.0,0.0,1.0,1.0,1.0,1.0,2.0,2.0,1.0,3.0,0.0,3.0,3.0,1.0,0.0,0.0,3.0,0.0,1.0,2.0,0.0,0.0,0.0,2.0,18.0,1.0,0.0,0.0,0.0,2.0,0.0,0.0,0.0,1.0,0.0,0.0,0.0,0.0,1.0,2.0,0.0,0.0,1.0,0.0,0.0,0.0,0.0,1.0,1.0,2.0,0.0,4.0,0.0,2.0,1.0,30.0,0.0,2.0,1.0,1.0,1.0,4.0,1.0,1.0,0.0,2.0,1.0,0.0,2.0,2.0,1.0,2.0,1.0,1.0,1.0,1.0,3.0,2.0,0.0,0.0,0.0,2.0,0.0,1.0,0.0,2.0,15.0,0.0,0.0,0.0,1.0,0.0,4.0,1.0,2.0,0.0,2.0,0.0,0.0,2.0,0.0,1.0,0.0,0.0,2.0,0.0,1.0,0.0,2.0,4.0,0.0,1.0,1.0,0.0,0.0,2.0,1.0,17.0,0.0,2.0,1.0,1.0,0.0,1.0,0.0,0.0,0.0,0.0,2.0,0.0,1.0,0.0,0.0,0.0,1.0,1.0,2.0,0.0,0.0,4.0,0.0,1.0,0.0,1.0,0.0,0.0,0.0,0.0,7.0,0.0,0.0,0.0,0.0,1.0,0.0,1.0,0.0,0.0,1.0,1.0,3.0,0.0,1.0,0.0,2.0,0.0,0.0,1.0,0.0,1.0,1.0,2.0,0.0,1.0,1.0,1.0,0.0,0.0,1.0,4.0,1.0,0.0,0.0,1.0,0.0,0.0,0.0,0.0,3.0,1.0,2.0,0.0,3.0,1.0,0.0,0.0,0.0,1.0,0.0,0.0,1.0,2.0,1.0,2.0,0.0,1.0,3.0,0.0,2.0,1.0,19.0,3.0,0.0,1.0,1.0,1.0,1.0,0.0,1.0,0.0,0.0,0.0,1.0,1.0,2.0,1.0,2.0,0.0,3.0,2.0,1.0,4.0,0.0,3.0,0.0,0.0,0.0,1.0,0.0,0.0,2.0,24.0,0.0,0.0,0.0,0.0,0.0,0.0,3.0,1.0,1.0,2.0,0.0,1.0,1.0,0.0,1.0,1.0,1.0,0.0,0.0,1.0,0.0,1.0,0.0,3.0,3.0,0.0,0.0,0.0,0.0,1.0,13.0,0.0,0.0,2.0,2.0,0.0,1.0,2.0,0.0,1.0,1.0,0.0,0.0,0.0,0.0,2.0,2.0,1.0,0.0,2.0,0.0,2.0,0.0,2.0,2.0,1.0,0.0,1.0,1.0,1.0,0.0,20.0,0.0,1.0,2.0,1.0,0.0,0.0,0.0,0.0,1.0,2.0,1.0,1.0,0.0,0.0,0.0,2.0,1.0,1.0,2.0,1.0,0.0,0.0,1.0,2.0,1.0,0.0,1.0,0.0,0.0,0.0,8.0,0.0,0.0,0.0,0.0,2.0,1.0,1.0,2.0,0.0,0.0,0.0,1.0,0.0,2.0,0.0,0.0,1.0,0.0,2.0,1.0,1.0,0.0,0.0,0.0,0.0,0.0,0.0,3.0,3.0,0.0,7.0,3.0,0.0,0.0,0.0,1.0,0.0,0.0,1.0,1.0,1.0,1.0,1.0,1.0,2.0,0.0,1.0,0.0,0.0,0.0,3.0,0.0,2.0,0.0,2.0,0.0,0.0,0.0,0.0,2.0,4.0,20.0,1.0,0.0,2.0,0.0,1.0,2.0,1.0,1.0,1.0,0.0,2.0,0.0,0.0,1.0,1.0,0.0,3.0,0.0,0.0,0.0,0.0,0.0,0.0,0.0,1.0,0.0,1.0,0.0,0.0,0.0,6.0,1.0,0.0,1.0,0.0,1.0,0.0,2.0,0.0,0.0,0.0,1.0,0.0,0.0,1.0,2.0,1.0,1.0,1.0,1.0,3.0,2.0,4.0,0.0,2.0,2.0,0.0,1.0,2.0,1.0,0.0,21.0,0.0,0.0,1.0,0.0,1.0,0.0,2.0,0.0,1.0,1.0,1.0,1.0,2.0,0.0,1.0,0.0,2.0,1.0,0.0,2.0,1.0,3.0,0.0,0.0,0.0,1.0,2.0,1.0,0.0,2.0,22.0,3.0,0.0,1.0,1.0,0.0,2.0,2.0,2.0,0.0,2.0,0.0,1.0,2.0,2.0,0.0,0.0,0.0,0.0,0.0,0.0,0.0,0.0,1.0,0.0,1.0,1.0,0.0,1.0,1.0,3.0,10.0,1.0,0.0,1.0,1.0,0.0,0.0,2.0,2.0,0.0,1.0,0.0,1.0,1.0,1.0,2.0,2.0,0.0,0.0,0.0,2.0,1.0,0.0,0.0,0.0,0.0,0.0,1.0,1.0,0.0,0.0,16.0,1.0,0.0,0.0,2.0,0.0,0.0,1.0,0.0,1.0,0.0,0.0,0.0,1.0,2.0,1.0,1.0,0.0,0.0,0.0,2.0,3.0,4.0,0.0,0.0,1.0,1.0,0.0,0.0,0.0,2.0,25.0,1.0,1.0,1.0,0.0,0.0,0.0,0.0,0.0,1.0,0.0,1.0,0.0,2.0,0.0,0.0,1.0,2.0,1.0,1.0,0.0,1.0,1.0,1.0,0.0,0.0,0.0,1.0,0.0,0.0,0.0,7.0,0.0,1.0,0.0,2.0,1.0,0.0,0.0,0.0,0.0,4.0,1.0,0.0,1.0,1.0,2.0,3.0,3.0,0.0,1.0,1.0,0.0,1.0,1.0,2.0,0.0,1.0,0.0,0.0,0.0,0.0,4.0,1.0,0.0,0.0,1.0,1.0,0.0,2.0,0.0,1.0,1.0,1.0,0.0,1.0,0.0,1.0,1.0,1.0,0.0,0.0,0.0,1.0,3.0,1.0,0.0,1.0,0.0,0.0,1.0,1.0,3.0,9.0,1.0,1.0,0.0,3.0,0.0,0.0,0.0,2.0,3.0,1.0,0.0,0.0,1.0,0.0,3.0,1.0,0.0,0.0,1.0,1.0,1.0,0.0,0.0,1.0,0.0,0.0,0.0,0.0,1.0,1.0,8.0,0.0,2.0,1.0,0.0,1.0,0.0,0.0,0.0,4.0,2.0,0.0,0.0,0.0,1.0,0.0,0.0,0.0,0.0,0.0,3.0,0.0,1.0,2.0,1.0,0.0,0.0,1.0,0.0,1.0,0.0,15.0,1
213,1338.9368009560649,66355.97124999999,1.7826077444886252,351.7310805356924,0.2817345432345434,0.13072047859547864,3.67,-0.030091897087122822,21.0,0.0,2.0,1.0,1.0,0.0,3.0,0.0,3.0,1.0,1.0,6.0,2.0,2.0,0.0,2.0,1.0,3.0,1.0,1.0,0.0,1.0,6.0,3.0,1.0,2.0,2.0,2.0,3.0,4.0,0.0,21.0,5.0,4.0,2.0,2.0,2.0,2.0,1.0,0.0,3.0,1.0,0.0,2.0,1.0,1.0,1.0,4.0,2.0,2.0,4.0,5.0,2.0,1.0,2.0,0.0,2.0,0.0,2.0,4.0,3.0,2.0,17.0,0.0,1.0,4.0,3.0,0.0,1.0,1.0,1.0,1.0,0.0,2.0,0.0,2.0,3.0,2.0,0.0,3.0,2.0,0.0,2.0,1.0,1.0,0.0,1.0,1.0,0.0,0.0,0.0,3.0,0.0,13.0,2.0,0.0,0.0,1.0,1.0,0.0,2.0,1.0,0.0,1.0,2.0,0.0,1.0,1.0,0.0,0.0,2.0,2.0,3.0,3.0,3.0,0.0,1.0,0.0,2.0,1.0,3.0,2.0,0.0,0.0,11.0,0.0,0.0,2.0,0.0,0.0,0.0,0.0,1.0,0.0,0.0,2.0,1.0,0.0,2.0,1.0,2.0,2.0,2.0,1.0,2.0,1.0,0.0,0.0,0.0,0.0,1.0,1.0,0.0,1.0,0.0,16.0,1.0,1.0,0.0,2.0,0.0,0.0,2.0,0.0,1.0,0.0,0.0,2.0,1.0,4.0,2.0,1.0,1.0,2.0,2.0,1.0,1.0,0.0,0.0,3.0,3.0,1.0,1.0,0.0,0.0,0.0,8.0,3.0,0.0,1.0,1.0,0.0,0.0,2.0,0.0,1.0,2.0,0.0,1.0,1.0,0.0,3.0,1.0,1.0,0.0,1.0,1.0,2.0,0.0,0.0,0.0,2.0,0.0,1.0,0.0,2.0,1.0,11.0,1.0,0.0,1.0,0.0,2.0,2.0,3.0,0.0,0.0,0.0,2.0,0.0,0.0,0.0,0.0,1.0,1.0,1.0,2.0,1.0,3.0,1.0,0.0,0.0,2.0,2.0,1.0,0.0,0.0,0.0,13.0,0.0,1.0,0.0,1.0,0.0,2.0,0.0,0.0,4.0,2.0,3.0,1.0,1.0,2.0,2.0,1.0,2.0,0.0,1.0,0.0,2.0,1.0,1.0,1.0,0.0,0.0,1.0,1.0,0.0,1.0,11.0,1.0,3.0,2.0,0.0,0.0,3.0,1.0,0.0,0.0,2.0,0.0,0.0,1.0,0.0,1.0,0.0,0.0,0.0,0.0,0.0,3.0,2.0,0.0,1.0,1.0,1.0,2.0,1.0,0.0,0.0,12.0,1.0,0.0,2.0,0.0,2.0,1.0,0.0,2.0,1.0,1.0,2.0,3.0,1.0,0.0,0.0,2.0,1.0,1.0,1.0,2.0,6.0,2.0,1.0,0.0,0.0,0.0,0.0,0.0,1.0,2.0,17.0,2.0,1.0,2.0,0.0,1.0,0.0,0.0,2.0,1.0,1.0,0.0,2.0,0.0,0.0,1.0,0.0,2.0,3.0,0.0,0.0,0.0,0.0,2.0,3.0,1.0,3.0,0.0,0.0,0.0,2.0,13.0,2.0,1.0,0.0,1.0,1.0,2.0,0.0,1.0,1.0,0.0,0.0,1.0,0.0,3.0,1.0,1.0,0.0,3.0,2.0,2.0,0.0,1.0,0.0,2.0,0.0,1.0,0.0,0.0,2.0,2.0,7.0,0.0,2.0,0.0,1.0,1.0,0.0,1.0,0.0,0.0,1.0,2.0,0.0,2.0,0.0,2.0,0.0,5.0,1.0,1.0,0.0,1.0,0.0,0.0,1.0,2.0,1.0,1.0,2.0,3.0,1.0,15.0,1.0,1.0,0.0,1.0,0.0,0.0,0.0,1.0,2.0,0.0,0.0,1.0,1.0,0.0,0.0,0.0,3.0,2.0,1.0,3.0,0.0,0.0,1.0,1.0,1.0,0.0,2.0,1.0,1.0,2.0,11.0,2.0,0.0,0.0,2.0,1.0,0.0,1.0,0.0,3.0,3.0,1.0,0.0,0.0,2.0,1.0,2.0,2.0,4.0,0.0,0.0,0.0,1.0,1.0,0.0,2.0,0.0,0.0,1.0,0.0,1.0,16.0,0.0,2.0,3.0,1.0,1.0,0.0,1.0,1.0,2.0,0.0,0.0,0.0,1.0,1.0,0.0,2.0,0.0,0.0,1.0,0.0,1.0,0.0,2.0,0.0,0.0,1.0,1.0,0.0,2.0,1.0,9.0,1.0,1.0,2.0,1.0,1.0,3.0,2.0,0.0,2.0,0.0,2.0,0.0,3.0,1.0,0.0,2.0,0.0,1.0,1.0,1.0,0.0,2.0,2.0,0.0,2.0,1.0,0.0,2.0,0.0,2.0,15.0,1.0,1.0,1.0,4.0,0.0,3.0,1.0,0.0,2.0,1.0,2.0,4.0,2.0,4.0,2.0,0.0,2.0,2.0,0.0,2.0,0.0,3.0,1.0,0.0,0.0,1.0,1.0,0.0,0.0,1.0,14.0,2.0,0.0,2.0,0.0,0.0,3.0,1.0,1.0,0.0,0.0,2.0,3.0,3.0,3.0,2.0,0.0,0.0,2.0,0.0,1.0,1.0,3.0,1.0,0.0,1.0,0.0,0.0,1.0,0.0,0.0,11.0,1.0,0.0,1.0,0.0,0.0,0.0,1.0,0.0,2.0,5.0,5.0,2.0,1.0,1.0,0.0,1.0,1.0,1.0,0.0,2.0,0.0,1.0,1.0,3.0,1.0,2.0,0.0,0.0,0.0,0.0,10.0,0.0,3.0,0.0,0.0,0.0,0.0,0.0,1.0,5.0,4.0,2.0,2.0,2.0,0.0,0.0,1.0,2.0,0.0,3.0,1.0,0.0,0.0,0.0,3.0,0.0,0.0,1.0,1.0,1.0,2.0,13.0,0.0,2.0,1.0,1.0,2.0,2.0,1.0,2.0,2.0,2.0,2.0,0.0,1.0,0.0,1.0,4.0,1.0,2.0,1.0,0.0,1.0,3.0,1.0,2.0,0.0,2.0,1.0,1.0,1.0,0.0,16.0,1.0,0.0,1.0,2.0,0.0,0.0,1.0,3.0,1.0,1.0,1.0,1.0,1.0,0.0,0.0,2.0,1.0,0.0,1.0,0.0,0.0,2.0,2.0,2.0,2.0,2.0,1.0,2.0,0.0,1.0,23.0,1.0,1.0,2.0,2.0,0.0,1.0,2.0,0.0,1.0,1.0,1.0,0.0,0.0,2.0,2.0,0.0,0.0,0.0,1.0,1.0,1.0,0.0,1.0,2.0,0.0,0.0,0.0,1.0,1.0,0.0,14.0,1.0,1.0,0.0,2.0,1.0,3.0,0.0,0.0,0.0,1.0,0.0,1.0,2.0,0.0,0.0,1.0,2.0,3.0,2.0,1.0,0.0,0.0,1.0,1.0,0.0,2.0,1.0,2.0,2.0,1.0,12.0,0.0,0.0,2.0,0.0,0.0,0.0,0.0,0.0,4.0,2.0,1.0,1.0,0.0,1.0,1.0,0.0,0.0,2.0,1.0,2.0,2.0,4.0,1.0,0.0,1.0,1.0,0.0,0.0,0.0,0.0,10.0,0.0,0.0,2.0,1.0,0.0,0.0,2.0,2.0,2.0,1.0,2.0,1.0,0.0,2.0,0.0,0.0,0.0,0.0,0.0,0.0,3.0,1.0,1.0,0.0,2.0,0.0,0.0,0.0,1.0,0.0,17.0,0.0,2.0,4.0,1.0,2.0,0.0,3.0,1.0,1.0,1.0,1.0,1.0,1.0,0.0,0.0,0.0,1.0,1.0,1.0,0.0,0.0,0.0,0.0,2.0,1.0,2.0,2.0,1.0,3.0,0.0,15.0,1
214,1937.9463392662694,96157.48606060607,1.772764701053209,315.75061106776144,0.3260904079085898,0.18656043358063554,2.888888888888889,-0.10635141533994368,23.0,2.0,5.0,2.0,4.0,2.0,2.0,4.0,7.0,1.0,2.0,1.0,3.0,3.0,1.0,1.0,2.0,3.0,3.0,1.0,2.0,2.0,2.0,1.0,2.0,0.0,3.0,1.0,0.0,1.0,2.0,20.0,1.0,0.0,3.0,5.0,1.0,2.0,3.0,1.0,1.0,2.0,2.0,2.0,1.0,4.0,2.0,3.0,0.0,3.0,2.0,4.0,5.0,4.0,1.0,0.0,1.0,1.0,2.0,2.0,2.0,4.0,6.0,0.0,0.0,0.0,2.0,2.0,2.0,1.0,0.0,0.0,0.0,1.0,0.0,2.0,0.0,2.0,0.0,1.0,0.0,0.0,0.0,1.0,1.0,4.0,1.0,0.0,0.0,1.0,1.0,1.0,1.0,4.0,1.0,0.0,0.0,1.0,3.0,1.0,0.0,1.0,3.0,0.0,1.0,0.0,3.0,0.0,1.0,2.0,1.0,1.0,1.0,1.0,2.0,1.0,0.0,0.0,1.0,2.0,2.0,1.0,0.0,2.0,9.0,0.0,0.0,0.0,1.0,1.0,1.0,2.0,4.0,0.0,0.0,1.0,1.0,2.0,1.0,2.0,0.0,5.0,1.0,1.0,1.0,0.0,3.0,1.0,0.0,0.0,2.0,1.0,0.0,1.0,0.0,8.0,2.0,1.0,3.0,3.0,0.0,2.0,0.0,2.0,0.0,1.0,2.0,2.0,0.0,0.0,1.0,0.0,1.0,0.0,0.0,1.0,2.0,0.0,1.0,0.0,3.0,0.0,2.0,1.0,0.0,0.0,17.0,2.0,1.0,2.0,0.0,1.0,0.0,0.0,1.0,1.0,1.0,2.0,0.0,1.0,6.0,0.0,3.0,1.0,2.0,1.0,0.0,2.0,1.0,0.0,3.0,1.0,0.0,1.0,1.0,0.0,3.0,9.0,0.0,1.0,1.0,0.0,1.0,1.0,1.0,2.0,3.0,0.0,0.0,1.0,0.0,0.0,1.0,2.0,4.0,1.0,4.0,1.0,0.0,0.0,3.0,2.0,1.0,0.0,1.0,5.0,2.0,2.0,14.0,0.0,2.0,1.0,2.0,0.0,1.0,1.0,2.0,0.0,1.0,2.0,0.0,0.0,3.0,0.0,2.0,2.0,1.0,2.0,1.0,2.0,3.0,2.0,2.0,0.0,1.0,2.0,0.0,2.0,0.0,16.0,0.0,0.0,2.0,0.0,0.0,0.0,1.0,0.0,1.0,2.0,4.0,0.0,3.0,2.0,2.0,1.0,1.0,3.0,2.0,1.0,3.0,3.0,1.0,1.0,1.0,3.0,0.0,0.0,1.0,1.0,13.0,2.0,1.0,1.0,2.0,0.0,2.0,1.0,0.0,1.0,1.0,1.0,1.0,3.0,0.0,0.0,0.0,1.0,0.0,0.0,2.0,5.0,0.0,2.0,3.0,0.0,0.0,0.0,0.0,1.0,1.0,10.0,0.0,0.0,0.0,0.0,2.0,1.0,1.0,0.0,0.0,0.0,0.0,1.0,1.0,0.0,2.0,3.0,2.0,1.0,3.0,1.0,0.0,2.0,1.0,0.0,3.0,1.0,1.0,2.0,2.0,3.0,20.0,2.0,0.0,2.0,1.0,1.0,0.0,2.0,0.0,0.0,2.0,4.0,2.0,2.0,4.0,2.0,1.0,3.0,2.0,1.0,3.0,1.0,1.0,0.0,2.0,1.0,0.0,0.0,0.0,0.0,1.0,14.0,1.0,1.0,0.0,2.0,0.0,0.0,1.0,1.0,0.0,4.0,0.0,1.0,0.0,2.0,2.0,1.0,0.0,2.0,1.0,1.0,0.0,0.0,0.0,0.0,0.0,0.0,1.0,0.0,0.0,0.0,0.0,0.0,0.0,1.0,2.0,3.0,1.0,0.0,1.0,3.0,0.0,0.0,1.0,0.0,2.0,2.0,2.0,6.0,1.0,2.0,1.0,1.0,2.0,0.0,4.0,2.0,0.0,0.0,4.0,0.0,0.0,9.0,1.0,1.0,0.0,4.0,1.0,0.0,2.0,0.0,1.0,2.0,1.0,0.0,1.0,1.0,4.0,4.0,2.0,0.0,0.0,1.0,1.0,3.0,2.0,0.0,0.0,1.0,8.0,0.0,0.0,2.0,11.0,0.0,1.0,0.0,1.0,0.0,0.0,2.0,1.0,0.0,1.0,0.0,1.0,2.0,2.0,3.0,0.0,2.0,2.0,1.0,0.0,0.0,0.0,2.0,3.0,2.0,2.0,1.0,0.0,1.0,1.0,8.0,1.0,1.0,0.0,1.0,0.0,3.0,2.0,1.0,0.0,0.0,3.0,2.0,3.0,1.0,0.0,2.0,2.0,0.0,1.0,1.0,0.0,1.0,0.0,1.0,1.0,0.0,1.0,2.0,1.0,1.0,9.0,1.0,1.0,2.0,1.0,0.0,1.0,1.0,1.0,1.0,1.0,1.0,4.0,0.0,0.0,2.0,3.0,1.0,1.0,3.0,2.0,2.0,0.0,0.0,2.0,2.0,2.0,0.0,0.0,2.0,1.0,13.0,3.0,1.0,0.0,1.0,1.0,1.0,3.0,2.0,1.0,1.0,2.0,4.0,0.0,2.0,0.0,1.0,2.0,0.0,0.0,3.0,3.0,2.0,1.0,0.0,0.0,1.0,1.0,1.0,2.0,0.0,6.0,0.0,1.0,0.0,3.0,2.0,3.0,1.0,1.0,0.0,1.0,1.0,0.0,0.0,1.0,0.0,0.0,1.0,1.0,1.0,0.0,0.0,0.0,1.0,0.0,0.0,4.0,2.0,2.0,2.0,0.0,6.0,1.0,1.0,0.0,1.0,0.0,0.0,0.0,0.0,0.0,2.0,1.0,0.0,0.0,1.0,1.0,1.0,3.0,3.0,3.0,2.0,1.0,1.0,2.0,1.0,1.0,1.0,3.0,1.0,0.0,0.0,14.0,1.0,3.0,1.0,3.0,0.0,2.0,2.0,1.0,3.0,0.0,1.0,3.0,0.0,2.0,1.0,3.0,3.0,2.0,1.0,0.0,2.0,0.0,2.0,0.0,3.0,1.0,1.0,1.0,0.0,3.0,14.0,1.0,1.0,2.0,3.0,2.0,0.0,4.0,1.0,0.0,0.0,1.0,3.0,0.0,1.0,1.0,0.0,3.0,2.0,0.0,1.0,1.0,1.0,0.0,1.0,4.0,2.0,0.0,1.0,2.0,1.0,14.0,1.0,3.0,1.0,0.0,1.0,3.0,3.0,1.0,2.0,0.0,1.0,1.0,1.0,0.0,0.0,1.0,0.0,1.0,1.0,3.0,1.0,1.0,1.0,0.0,3.0,2.0,0.0,2.0,0.0,0.0,10.0,2.0,1.0,1.0,0.0,2.0,3.0,0.0,0.0,0.0,1.0,2.0,2.0,1.0,3.0,2.0,1.0,3.0,2.0,2.0,5.0,1.0,0.0,2.0,3.0,2.0,1.0,2.0,2.0,1.0,1.0,23.0,1.0,0.0,2.0,1.0,1.0,1.0,0.0,1.0,0.0,1.0,0.0,1.0,2.0,1.0,0.0,2.0,1.0,0.0,5.0,0.0,1.0,1.0,2.0,2.0,0.0,1.0,2.0,0.0,2.0,2.0,10.0,0.0,0.0,0.0,1.0,2.0,2.0,0.0,0.0,2.0,0.0,1.0,0.0,0.0,1.0,3.0,3.0,0.0,2.0,2.0,1.0,1.0,0.0,1.0,0.0,0.0,1.0,0.0,2.0,2.0,1.0,10.0,0.0,3.0,1.0,1.0,1.0,2.0,0.0,1.0,1.0,0.0,0.0,2.0,0.0,1.0,1.0,1.0,1.0,2.0,1.0,0.0,0.0,3.0,0.0,1.0,0.0,2.0,2.0,1.0,0.0,0.0,11.0,1
215,1785.1364508926767,64787.93114999998,1.7386136150574132,310.2909976192108,0.3305029137529138,0.2406996734746735,2.18,-0.11226221277932175,24.0,6.0,0.0,2.0,4.0,3.0,4.0,4.0,5.0,1.0,1.0,2.0,5.0,3.0,3.0,1.0,0.0,3.0,4.0,2.0,1.0,0.0,2.0,1.0,8.0,1.0,5.0,1.0,0.0,1.0,2.0,22.0,6.0,1.0,0.0,4.0,2.0,2.0,5.0,5.0,5.0,3.0,2.0,2.0,1.0,3.0,2.0,3.0,4.0,1.0,3.0,1.0,5.0,3.0,4.0,3.0,1.0,2.0,4.0,0.0,0.0,3.0,8.0,0.0,2.0,3.0,1.0,1.0,0.0,1.0,1.0,3.0,1.0,2.0,1.0,5.0,0.0,2.0,1.0,1.0,3.0,0.0,1.0,2.0,0.0,2.0,0.0,2.0,0.0,0.0,2.0,0.0,1.0,7.0,0.0,0.0,0.0,1.0,2.0,1.0,1.0,1.0,3.0,1.0,0.0,0.0,3.0,1.0,2.0,0.0,0.0,1.0,1.0,2.0,0.0,0.0,2.0,1.0,0.0,0.0,3.0,2.0,0.0,0.0,3.0,2.0,0.0,0.0,2.0,0.0,0.0,0.0,2.0,0.0,2.0,3.0,1.0,1.0,0.0,2.0,1.0,3.0,1.0,1.0,0.0,0.0,0.0,2.0,0.0,1.0,2.0,4.0,2.0,2.0,2.0,7.0,1.0,2.0,1.0,0.0,2.0,1.0,4.0,0.0,3.0,0.0,1.0,5.0,0.0,0.0,0.0,0.0,4.0,0.0,2.0,2.0,0.0,0.0,0.0,0.0,6.0,2.0,1.0,1.0,0.0,1.0,6.0,0.0,1.0,1.0,0.0,0.0,3.0,0.0,2.0,1.0,1.0,1.0,0.0,2.0,1.0,0.0,0.0,1.0,0.0,0.0,0.0,1.0,1.0,0.0,3.0,4.0,1.0,0.0,0.0,0.0,2.0,8.0,3.0,0.0,1.0,2.0,2.0,3.0,2.0,0.0,2.0,1.0,1.0,1.0,0.0,1.0,0.0,0.0,1.0,0.0,0.0,0.0,2.0,2.0,2.0,4.0,0.0,1.0,0.0,3.0,0.0,5.0,2.0,0.0,0.0,3.0,1.0,1.0,2.0,0.0,0.0,1.0,1.0,4.0,2.0,1.0,2.0,5.0,0.0,2.0,2.0,1.0,1.0,2.0,3.0,2.0,0.0,1.0,1.0,0.0,0.0,0.0,1.0,3.0,0.0,1.0,4.0,1.0,1.0,0.0,0.0,1.0,1.0,0.0,1.0,2.0,1.0,2.0,1.0,2.0,0.0,1.0,1.0,0.0,3.0,4.0,2.0,0.0,1.0,0.0,0.0,0.0,2.0,0.0,14.0,1.0,5.0,3.0,2.0,3.0,0.0,2.0,0.0,0.0,3.0,0.0,2.0,1.0,0.0,0.0,1.0,0.0,0.0,2.0,0.0,3.0,2.0,0.0,1.0,1.0,0.0,3.0,3.0,0.0,1.0,10.0,2.0,1.0,0.0,1.0,0.0,0.0,0.0,2.0,1.0,0.0,1.0,0.0,3.0,0.0,1.0,4.0,3.0,0.0,0.0,1.0,1.0,4.0,3.0,4.0,1.0,2.0,3.0,3.0,3.0,5.0,17.0,0.0,2.0,4.0,0.0,2.0,2.0,0.0,2.0,4.0,1.0,3.0,1.0,0.0,3.0,2.0,2.0,2.0,5.0,0.0,2.0,1.0,0.0,1.0,0.0,1.0,0.0,1.0,0.0,1.0,1.0,7.0,1.0,1.0,0.0,2.0,0.0,2.0,3.0,1.0,1.0,1.0,2.0,0.0,1.0,1.0,1.0,0.0,4.0,2.0,2.0,2.0,0.0,0.0,0.0,2.0,0.0,0.0,2.0,0.0,1.0,4.0,20.0,0.0,1.0,4.0,0.0,1.0,0.0,2.0,2.0,1.0,1.0,2.0,0.0,1.0,1.0,0.0,4.0,2.0,2.0,0.0,2.0,0.0,0.0,1.0,0.0,0.0,0.0,1.0,2.0,1.0,0.0,4.0,2.0,0.0,2.0,0.0,2.0,0.0,1.0,6.0,3.0,1.0,0.0,3.0,1.0,0.0,3.0,3.0,1.0,0.0,0.0,0.0,2.0,2.0,5.0,1.0,2.0,0.0,1.0,1.0,1.0,1.0,11.0,2.0,1.0,1.0,2.0,0.0,0.0,0.0,1.0,1.0,3.0,0.0,0.0,0.0,5.0,8.0,1.0,2.0,4.0,5.0,1.0,0.0,1.0,2.0,0.0,0.0,2.0,1.0,1.0,0.0,2.0,12.0,3.0,1.0,0.0,0.0,2.0,1.0,2.0,2.0,1.0,1.0,2.0,0.0,5.0,5.0,1.0,0.0,1.0,4.0,0.0,1.0,1.0,1.0,2.0,0.0,2.0,0.0,0.0,0.0,2.0,1.0,6.0,0.0,0.0,2.0,1.0,0.0,1.0,0.0,1.0,1.0,1.0,0.0,1.0,0.0,0.0,0.0,1.0,0.0,3.0,1.0,0.0,2.0,0.0,2.0,0.0,0.0,1.0,0.0,1.0,1.0,0.0,8.0,1.0,2.0,1.0,2.0,2.0,2.0,2.0,4.0,3.0,1.0,1.0,4.0,2.0,0.0,2.0,0.0,1.0,0.0,0.0,1.0,6.0,0.0,1.0,2.0,0.0,2.0,1.0,1.0,2.0,2.0,12.0,0.0,3.0,3.0,5.0,2.0,0.0,0.0,1.0,2.0,2.0,2.0,0.0,0.0,1.0,0.0,2.0,0.0,1.0,1.0,1.0,0.0,2.0,0.0,3.0,0.0,1.0,1.0,2.0,3.0,0.0,11.0,3.0,2.0,0.0,1.0,0.0,0.0,1.0,0.0,3.0,5.0,2.0,1.0,1.0,4.0,0.0,1.0,1.0,0.0,1.0,0.0,4.0,0.0,0.0,2.0,2.0,3.0,0.0,0.0,4.0,2.0,4.0,3.0,1.0,1.0,2.0,1.0,0.0,0.0,2.0,0.0,3.0,2.0,0.0,0.0,2.0,1.0,1.0,1.0,1.0,1.0,1.0,2.0,2.0,4.0,1.0,2.0,1.0,1.0,5.0,2.0,2.0,9.0,2.0,1.0,4.0,2.0,1.0,0.0,3.0,4.0,1.0,2.0,0.0,0.0,3.0,0.0,1.0,4.0,1.0,1.0,0.0,1.0,0.0,2.0,0.0,1.0,1.0,1.0,5.0,3.0,0.0,2.0,8.0,1.0,0.0,2.0,2.0,1.0,1.0,2.0,0.0,3.0,0.0,2.0,0.0,0.0,3.0,0.0,4.0,2.0,1.0,0.0,0.0,0.0,0.0,2.0,0.0,0.0,1.0,1.0,1.0,1.0,1.0,6.0,0.0,1.0,0.0,1.0,5.0,2.0,3.0,0.0,1.0,1.0,0.0,1.0,1.0,1.0,0.0,0.0,4.0,0.0,1.0,2.0,5.0,2.0,2.0,1.0,0.0,0.0,0.0,1.0,0.0,0.0,4.0,0.0,0.0,1.0,1.0,2.0,1.0,1.0,1.0,0.0,0.0,1.0,1.0,0.0,1.0,1.0,2.0,0.0,1.0,1.0,3.0,3.0,1.0,3.0,1.0,1.0,3.0,0.0,0.0,1.0,2.0,10.0,2.0,0.0,1.0,1.0,1.0,0.0,1.0,2.0,1.0,1.0,1.0,1.0,1.0,1.0,1.0,1.0,1.0,1.0,2.0,1.0,1.0,2.0,2.0,0.0,0.0,2.0,0.0,0.0,3.0,0.0,9.0,2.0,1.0,2.0,0.0,0.0,0.0,0.0,1.0,1.0,1.0,0.0,0.0,1.0,1.0,0.0,2.0,0.0,0.0,1.0,1.0,0.0,0.0,0.0,3.0,1.0,1.0,0.0,0.0,0.0,1.0,1.0,1
216,1866.4533281517174,97430.79669354839,1.850030182281137,309.91345754577503,0.21961022848119613,0.14652868935127,3.3870967741935485,-0.09245353505155109,4.0,3.0,2.0,0.0,0.0,1.0,3.0,1.0,5.0,1.0,0.0,3.0,0.0,0.0,0.0,1.0,0.0,0.0,3.0,3.0,0.0,1.0,5.0,0.0,0.0,0.0,0.0,2.0,1.0,1.0,0.0,7.0,1.0,0.0,6.0,2.0,3.0,1.0,1.0,2.0,2.0,1.0,0.0,0.0,0.0,2.0,3.0,1.0,0.0,1.0,2.0,2.0,1.0,2.0,1.0,1.0,1.0,1.0,1.0,1.0,0.0,0.0,1.0,2.0,1.0,0.0,0.0,1.0,0.0,1.0,0.0,0.0,0.0,0.0,0.0,0.0,1.0,1.0,0.0,1.0,1.0,1.0,0.0,1.0,1.0,2.0,0.0,1.0,0.0,0.0,0.0,1.0,0.0,8.0,2.0,0.0,0.0,0.0,0.0,0.0,0.0,0.0,1.0,1.0,3.0,3.0,1.0,0.0,2.0,2.0,1.0,0.0,3.0,1.0,1.0,0.0,1.0,1.0,1.0,0.0,1.0,2.0,1.0,1.0,10.0,0.0,1.0,1.0,0.0,0.0,0.0,0.0,2.0,0.0,1.0,2.0,1.0,2.0,1.0,0.0,1.0,1.0,3.0,1.0,0.0,0.0,0.0,0.0,0.0,2.0,0.0,1.0,0.0,0.0,0.0,0.0,0.0,0.0,2.0,1.0,1.0,1.0,1.0,0.0,0.0,0.0,1.0,0.0,0.0,0.0,0.0,1.0,1.0,1.0,0.0,1.0,0.0,0.0,0.0,0.0,0.0,3.0,0.0,0.0,2.0,1.0,3.0,0.0,0.0,1.0,0.0,1.0,0.0,2.0,0.0,1.0,1.0,0.0,1.0,1.0,0.0,0.0,1.0,1.0,1.0,0.0,0.0,1.0,0.0,1.0,2.0,1.0,0.0,0.0,1.0,0.0,1.0,2.0,0.0,0.0,1.0,0.0,1.0,1.0,3.0,1.0,0.0,0.0,2.0,0.0,0.0,1.0,0.0,0.0,2.0,0.0,2.0,0.0,1.0,1.0,5.0,2.0,0.0,0.0,0.0,2.0,0.0,0.0,5.0,1.0,0.0,2.0,2.0,0.0,2.0,0.0,2.0,0.0,0.0,1.0,0.0,1.0,1.0,1.0,0.0,1.0,0.0,1.0,0.0,1.0,6.0,2.0,1.0,0.0,0.0,0.0,0.0,0.0,0.0,4.0,0.0,1.0,0.0,0.0,0.0,1.0,0.0,1.0,0.0,0.0,2.0,3.0,2.0,2.0,1.0,0.0,1.0,2.0,0.0,0.0,1.0,0.0,0.0,0.0,1.0,0.0,1.0,1.0,2.0,0.0,6.0,0.0,0.0,0.0,2.0,0.0,1.0,1.0,0.0,0.0,0.0,0.0,3.0,0.0,0.0,0.0,0.0,0.0,0.0,0.0,2.0,1.0,1.0,1.0,2.0,0.0,0.0,0.0,0.0,1.0,0.0,5.0,3.0,0.0,0.0,1.0,1.0,1.0,2.0,0.0,0.0,1.0,3.0,0.0,0.0,0.0,5.0,0.0,1.0,1.0,0.0,4.0,4.0,1.0,0.0,1.0,1.0,0.0,2.0,0.0,2.0,1.0,7.0,1.0,2.0,1.0,0.0,1.0,0.0,2.0,0.0,2.0,0.0,0.0,1.0,1.0,2.0,1.0,0.0,0.0,2.0,1.0,0.0,0.0,0.0,0.0,1.0,0.0,0.0,0.0,0.0,1.0,0.0,1.0,0.0,1.0,0.0,2.0,1.0,0.0,0.0,1.0,0.0,0.0,0.0,0.0,0.0,0.0,0.0,0.0,3.0,0.0,0.0,4.0,0.0,0.0,2.0,2.0,1.0,0.0,1.0,0.0,0.0,0.0,7.0,0.0,0.0,0.0,0.0,0.0,0.0,1.0,1.0,1.0,1.0,0.0,1.0,0.0,2.0,0.0,2.0,1.0,0.0,1.0,1.0,0.0,0.0,2.0,0.0,2.0,0.0,3.0,0.0,0.0,0.0,6.0,2.0,1.0,1.0,0.0,0.0,0.0,0.0,0.0,2.0,3.0,0.0,1.0,0.0,1.0,0.0,1.0,1.0,1.0,0.0,1.0,0.0,0.0,2.0,0.0,2.0,0.0,6.0,0.0,1.0,2.0,6.0,0.0,0.0,0.0,1.0,0.0,0.0,0.0,2.0,1.0,0.0,0.0,0.0,1.0,0.0,1.0,0.0,2.0,1.0,1.0,0.0,0.0,0.0,1.0,0.0,0.0,1.0,1.0,0.0,1.0,0.0,1.0,1.0,0.0,0.0,1.0,0.0,0.0,0.0,0.0,0.0,2.0,1.0,0.0,1.0,2.0,0.0,1.0,1.0,0.0,0.0,0.0,0.0,2.0,0.0,1.0,3.0,0.0,1.0,0.0,0.0,0.0,1.0,0.0,0.0,1.0,0.0,0.0,0.0,2.0,0.0,0.0,0.0,1.0,0.0,1.0,1.0,1.0,1.0,0.0,0.0,0.0,1.0,0.0,0.0,1.0,1.0,0.0,0.0,0.0,0.0,0.0,0.0,3.0,0.0,2.0,2.0,0.0,0.0,0.0,1.0,0.0,3.0,0.0,0.0,1.0,0.0,2.0,1.0,0.0,0.0,1.0,0.0,0.0,1.0,2.0,1.0,1.0,0.0,2.0,1.0,0.0,0.0,0.0,2.0,1.0,0.0,0.0,1.0,0.0,0.0,0.0,0.0,1.0,2.0,1.0,1.0,1.0,0.0,1.0,1.0,0.0,1.0,2.0,0.0,1.0,2.0,0.0,0.0,0.0,1.0,1.0,0.0,0.0,0.0,6.0,0.0,3.0,1.0,0.0,2.0,1.0,3.0,0.0,5.0,1.0,0.0,2.0,0.0,0.0,0.0,0.0,1.0,3.0,3.0,0.0,1.0,1.0,1.0,1.0,0.0,0.0,0.0,0.0,2.0,0.0,10.0,3.0,3.0,0.0,0.0,4.0,1.0,1.0,0.0,0.0,1.0,1.0,1.0,0.0,2.0,1.0,1.0,0.0,0.0,0.0,0.0,0.0,3.0,0.0,1.0,1.0,0.0,1.0,1.0,1.0,1.0,4.0,0.0,0.0,0.0,1.0,1.0,0.0,1.0,1.0,1.0,1.0,1.0,0.0,1.0,3.0,0.0,1.0,0.0,1.0,3.0,0.0,0.0,0.0,1.0,1.0,1.0,0.0,1.0,0.0,1.0,0.0,3.0,0.0,0.0,1.0,0.0,1.0,0.0,1.0,0.0,0.0,0.0,0.0,0.0,3.0,1.0,2.0,0.0,0.0,1.0,0.0,0.0,0.0,2.0,0.0,0.0,0.0,0.0,0.0,1.0,1.0,0.0,5.0,1.0,0.0,1.0,1.0,1.0,1.0,0.0,1.0,0.0,1.0,2.0,1.0,0.0,1.0,0.0,4.0,0.0,1.0,0.0,0.0,1.0,0.0,0.0,0.0,1.0,0.0,2.0,0.0,1.0,1.0,2.0,0.0,0.0,0.0,0.0,3.0,0.0,2.0,0.0,0.0,0.0,1.0,3.0,1.0,0.0,1.0,0.0,0.0,1.0,1.0,0.0,0.0,0.0,2.0,3.0,0.0,1.0,0.0,2.0,1.0,1.0,1.0,0.0,0.0,2.0,1.0,0.0,0.0,1.0,0.0,0.0,2.0,2.0,1.0,0.0,1.0,0.0,0.0,0.0,0.0,0.0,0.0,0.0,0.0,0.0,2.0,1.0,0.0,0.0,0.0,0.0,3.0,7.0,0.0,0.0,2.0,0.0,0.0,1.0,1.0,0.0,0.0,0.0,1.0,0.0,1.0,1.0,1.0,0.0,2.0,0.0,0.0,1.0,1.0,0.0,1.0,0.0,0.0,0.0,1.0,1.0,0.0,0.0,8.0,1
217,1852.7931549831378,111918.85635,1.7651777542374065,259.367767586172,0.28570418470418457,0.15372414622414626,3.51,-0.12021858389054593,18.0,0.0,1.0,0.0,1.0,2.0,3.0,1.0,3.0,0.0,3.0,3.0,6.0,2.0,0.0,1.0,2.0,3.0,4.0,1.0,4.0,0.0,1.0,1.0,3.0,2.0,2.0,0.0,4.0,3.0,0.0,17.0,2.0,3.0,1.0,2.0,2.0,2.0,2.0,4.0,1.0,3.0,2.0,5.0,1.0,2.0,2.0,3.0,2.0,2.0,3.0,1.0,1.0,1.0,2.0,1.0,0.0,1.0,3.0,2.0,0.0,2.0,20.0,1.0,0.0,1.0,2.0,0.0,0.0,1.0,0.0,0.0,3.0,0.0,2.0,0.0,0.0,1.0,0.0,0.0,2.0,0.0,1.0,0.0,1.0,1.0,0.0,1.0,0.0,5.0,2.0,1.0,1.0,6.0,1.0,0.0,1.0,0.0,1.0,1.0,0.0,0.0,1.0,0.0,0.0,0.0,3.0,0.0,2.0,1.0,1.0,0.0,3.0,2.0,1.0,2.0,0.0,2.0,2.0,0.0,4.0,0.0,0.0,1.0,15.0,2.0,3.0,2.0,1.0,1.0,1.0,1.0,1.0,3.0,4.0,2.0,2.0,1.0,1.0,1.0,2.0,0.0,1.0,1.0,1.0,0.0,1.0,2.0,0.0,1.0,1.0,5.0,1.0,0.0,2.0,13.0,0.0,1.0,2.0,4.0,0.0,0.0,3.0,1.0,0.0,1.0,0.0,0.0,0.0,0.0,0.0,1.0,0.0,2.0,1.0,2.0,1.0,0.0,1.0,0.0,1.0,1.0,0.0,0.0,1.0,1.0,12.0,2.0,0.0,1.0,0.0,1.0,1.0,3.0,3.0,0.0,0.0,2.0,0.0,1.0,1.0,1.0,4.0,4.0,1.0,2.0,0.0,1.0,2.0,0.0,1.0,3.0,0.0,0.0,1.0,0.0,1.0,9.0,1.0,1.0,0.0,1.0,1.0,3.0,4.0,2.0,0.0,2.0,0.0,1.0,1.0,1.0,1.0,1.0,0.0,2.0,1.0,1.0,1.0,0.0,1.0,1.0,2.0,0.0,0.0,1.0,1.0,1.0,22.0,0.0,0.0,3.0,3.0,0.0,2.0,0.0,1.0,2.0,0.0,3.0,1.0,1.0,1.0,0.0,4.0,0.0,1.0,2.0,1.0,1.0,3.0,3.0,0.0,0.0,2.0,1.0,0.0,0.0,0.0,13.0,2.0,0.0,6.0,1.0,0.0,0.0,1.0,3.0,0.0,2.0,0.0,1.0,1.0,1.0,2.0,0.0,0.0,0.0,1.0,1.0,2.0,3.0,0.0,2.0,1.0,0.0,2.0,1.0,2.0,0.0,10.0,1.0,0.0,2.0,1.0,0.0,0.0,1.0,0.0,2.0,1.0,0.0,1.0,1.0,1.0,0.0,2.0,0.0,2.0,1.0,1.0,7.0,0.0,1.0,3.0,0.0,0.0,0.0,1.0,0.0,2.0,12.0,2.0,2.0,0.0,1.0,1.0,0.0,1.0,2.0,1.0,1.0,1.0,3.0,2.0,1.0,0.0,0.0,1.0,1.0,2.0,0.0,1.0,4.0,0.0,3.0,3.0,2.0,2.0,4.0,3.0,0.0,26.0,4.0,0.0,1.0,1.0,2.0,3.0,1.0,1.0,1.0,2.0,4.0,0.0,1.0,0.0,0.0,3.0,1.0,3.0,1.0,2.0,2.0,1.0,1.0,0.0,5.0,1.0,1.0,1.0,2.0,6.0,10.0,3.0,0.0,1.0,1.0,0.0,1.0,0.0,2.0,0.0,2.0,5.0,0.0,0.0,0.0,1.0,0.0,1.0,2.0,1.0,1.0,4.0,0.0,0.0,2.0,1.0,3.0,1.0,2.0,1.0,0.0,9.0,0.0,4.0,0.0,0.0,2.0,1.0,2.0,2.0,2.0,0.0,1.0,2.0,0.0,1.0,0.0,1.0,5.0,0.0,0.0,1.0,0.0,0.0,1.0,1.0,1.0,0.0,1.0,2.0,1.0,1.0,7.0,1.0,1.0,1.0,0.0,0.0,0.0,1.0,1.0,4.0,0.0,1.0,1.0,0.0,0.0,2.0,2.0,1.0,0.0,2.0,2.0,0.0,0.0,1.0,1.0,0.0,0.0,2.0,1.0,0.0,4.0,10.0,2.0,0.0,0.0,1.0,1.0,0.0,2.0,2.0,4.0,1.0,0.0,1.0,1.0,2.0,4.0,2.0,3.0,0.0,2.0,2.0,0.0,1.0,0.0,0.0,1.0,0.0,2.0,0.0,1.0,0.0,11.0,1.0,1.0,0.0,2.0,4.0,1.0,1.0,0.0,0.0,3.0,0.0,0.0,1.0,2.0,1.0,0.0,2.0,0.0,1.0,0.0,1.0,0.0,0.0,3.0,1.0,0.0,1.0,0.0,3.0,2.0,12.0,0.0,0.0,0.0,2.0,2.0,0.0,2.0,1.0,1.0,0.0,2.0,4.0,1.0,1.0,2.0,2.0,1.0,1.0,2.0,0.0,0.0,1.0,1.0,0.0,1.0,1.0,0.0,1.0,0.0,0.0,12.0,0.0,2.0,0.0,1.0,0.0,0.0,2.0,2.0,3.0,1.0,0.0,1.0,2.0,0.0,2.0,0.0,1.0,1.0,3.0,2.0,1.0,1.0,0.0,1.0,1.0,1.0,0.0,1.0,0.0,0.0,3.0,3.0,0.0,1.0,1.0,0.0,0.0,2.0,1.0,0.0,3.0,6.0,0.0,0.0,0.0,1.0,1.0,2.0,3.0,2.0,0.0,0.0,0.0,0.0,1.0,1.0,2.0,1.0,0.0,1.0,1.0,3.0,2.0,1.0,1.0,1.0,1.0,0.0,0.0,1.0,5.0,0.0,1.0,1.0,3.0,1.0,1.0,0.0,1.0,0.0,0.0,2.0,2.0,1.0,0.0,1.0,0.0,1.0,3.0,0.0,1.0,1.0,10.0,3.0,0.0,0.0,3.0,1.0,1.0,1.0,1.0,0.0,1.0,2.0,5.0,0.0,3.0,1.0,0.0,1.0,3.0,3.0,2.0,1.0,1.0,3.0,2.0,2.0,2.0,0.0,1.0,4.0,1.0,19.0,1.0,1.0,3.0,1.0,1.0,2.0,3.0,2.0,1.0,0.0,3.0,3.0,1.0,0.0,1.0,1.0,4.0,3.0,0.0,2.0,0.0,2.0,1.0,0.0,1.0,1.0,2.0,3.0,1.0,0.0,18.0,2.0,0.0,0.0,2.0,0.0,3.0,0.0,0.0,2.0,1.0,1.0,2.0,1.0,0.0,0.0,1.0,1.0,0.0,1.0,2.0,0.0,3.0,0.0,2.0,1.0,0.0,2.0,0.0,1.0,2.0,31.0,0.0,3.0,0.0,0.0,2.0,1.0,2.0,1.0,0.0,1.0,1.0,2.0,0.0,0.0,0.0,1.0,1.0,3.0,2.0,0.0,0.0,0.0,1.0,1.0,0.0,0.0,0.0,1.0,1.0,0.0,9.0,0.0,1.0,0.0,2.0,2.0,0.0,0.0,1.0,1.0,1.0,1.0,2.0,1.0,0.0,1.0,0.0,0.0,2.0,1.0,1.0,1.0,1.0,1.0,0.0,0.0,0.0,6.0,0.0,2.0,0.0,11.0,1.0,0.0,3.0,0.0,0.0,1.0,0.0,1.0,1.0,1.0,0.0,1.0,2.0,0.0,2.0,2.0,2.0,1.0,1.0,0.0,2.0,2.0,1.0,2.0,1.0,2.0,1.0,1.0,0.0,3.0,15.0,1.0,2.0,1.0,1.0,1.0,0.0,1.0,0.0,0.0,2.0,0.0,2.0,0.0,1.0,0.0,2.0,1.0,0.0,1.0,1.0,2.0,0.0,1.0,2.0,1.0,1.0,1.0,0.0,1.0,0.0,5.0,1
219,1642.130816254453,102107.07185000002,1.9630649557257789,317.84003591510833,0.22856460206460205,0.09647169312169313,4.58,0.031775920536373764,30.0,3.0,2.0,2.0,4.0,1.0,1.0,2.0,5.0,1.0,2.0,0.0,3.0,6.0,4.0,2.0,0.0,1.0,1.0,2.0,4.0,2.0,3.0,2.0,0.0,1.0,1.0,3.0,6.0,5.0,3.0,17.0,2.0,2.0,1.0,4.0,3.0,0.0,1.0,2.0,7.0,3.0,0.0,2.0,2.0,2.0,2.0,1.0,0.0,0.0,1.0,7.0,1.0,2.0,2.0,3.0,2.0,0.0,3.0,0.0,2.0,3.0,9.0,1.0,0.0,0.0,0.0,1.0,2.0,2.0,1.0,2.0,2.0,5.0,1.0,1.0,2.0,0.0,0.0,0.0,0.0,2.0,0.0,3.0,1.0,0.0,1.0,0.0,0.0,3.0,0.0,1.0,1.0,9.0,0.0,1.0,0.0,0.0,2.0,0.0,1.0,0.0,1.0,1.0,1.0,0.0,0.0,0.0,0.0,0.0,1.0,4.0,0.0,1.0,2.0,1.0,0.0,1.0,1.0,0.0,1.0,2.0,0.0,0.0,15.0,2.0,1.0,0.0,0.0,0.0,0.0,1.0,3.0,3.0,1.0,1.0,2.0,1.0,2.0,0.0,0.0,0.0,2.0,1.0,0.0,2.0,1.0,0.0,0.0,1.0,3.0,2.0,1.0,0.0,2.0,4.0,1.0,1.0,0.0,2.0,1.0,1.0,2.0,1.0,1.0,0.0,2.0,0.0,0.0,0.0,0.0,1.0,1.0,3.0,1.0,1.0,0.0,0.0,0.0,1.0,2.0,2.0,1.0,0.0,0.0,2.0,23.0,1.0,2.0,1.0,2.0,0.0,1.0,1.0,3.0,0.0,0.0,0.0,0.0,1.0,1.0,0.0,0.0,2.0,1.0,1.0,1.0,0.0,0.0,1.0,1.0,0.0,0.0,0.0,0.0,1.0,4.0,10.0,1.0,0.0,1.0,0.0,3.0,3.0,1.0,0.0,0.0,3.0,2.0,1.0,0.0,0.0,1.0,1.0,1.0,0.0,2.0,2.0,1.0,2.0,0.0,4.0,1.0,2.0,0.0,0.0,1.0,0.0,17.0,1.0,1.0,4.0,2.0,0.0,3.0,1.0,1.0,0.0,0.0,3.0,0.0,0.0,0.0,1.0,2.0,0.0,3.0,1.0,0.0,2.0,0.0,1.0,1.0,0.0,0.0,2.0,0.0,0.0,2.0,10.0,0.0,0.0,2.0,2.0,1.0,1.0,0.0,0.0,0.0,0.0,0.0,1.0,2.0,0.0,3.0,2.0,0.0,2.0,0.0,2.0,2.0,4.0,1.0,0.0,1.0,1.0,0.0,0.0,0.0,0.0,15.0,4.0,1.0,1.0,2.0,1.0,2.0,0.0,0.0,0.0,2.0,0.0,3.0,3.0,2.0,1.0,1.0,4.0,0.0,2.0,1.0,3.0,0.0,0.0,2.0,0.0,0.0,2.0,0.0,0.0,0.0,6.0,1.0,0.0,2.0,2.0,2.0,0.0,1.0,1.0,1.0,0.0,0.0,3.0,2.0,1.0,1.0,0.0,0.0,0.0,2.0,3.0,0.0,2.0,1.0,1.0,2.0,3.0,3.0,1.0,1.0,1.0,12.0,1.0,0.0,6.0,0.0,6.0,0.0,2.0,2.0,3.0,2.0,1.0,0.0,1.0,2.0,3.0,0.0,0.0,6.0,1.0,4.0,0.0,2.0,0.0,1.0,0.0,1.0,0.0,2.0,0.0,3.0,18.0,1.0,0.0,1.0,1.0,1.0,1.0,0.0,2.0,1.0,5.0,2.0,1.0,1.0,2.0,0.0,1.0,7.0,1.0,2.0,0.0,1.0,0.0,1.0,3.0,1.0,0.0,4.0,0.0,0.0,1.0,13.0,1.0,1.0,0.0,3.0,3.0,1.0,3.0,0.0,2.0,1.0,2.0,1.0,2.0,1.0,1.0,5.0,1.0,2.0,0.0,1.0,1.0,1.0,1.0,2.0,0.0,0.0,0.0,1.0,0.0,0.0,12.0,0.0,2.0,0.0,1.0,2.0,0.0,1.0,1.0,2.0,2.0,2.0,2.0,1.0,1.0,0.0,1.0,3.0,2.0,3.0,2.0,0.0,2.0,0.0,2.0,2.0,0.0,3.0,1.0,0.0,1.0,9.0,0.0,1.0,1.0,0.0,1.0,0.0,0.0,1.0,0.0,0.0,1.0,0.0,0.0,5.0,1.0,0.0,1.0,1.0,0.0,0.0,0.0,1.0,1.0,0.0,0.0,1.0,1.0,1.0,1.0,0.0,12.0,1.0,0.0,0.0,2.0,0.0,3.0,1.0,1.0,3.0,0.0,1.0,1.0,0.0,3.0,0.0,0.0,0.0,0.0,0.0,1.0,1.0,0.0,0.0,0.0,1.0,1.0,0.0,1.0,0.0,0.0,6.0,0.0,0.0,1.0,1.0,2.0,0.0,2.0,0.0,0.0,1.0,1.0,2.0,0.0,3.0,1.0,0.0,1.0,0.0,0.0,0.0,3.0,1.0,1.0,3.0,0.0,0.0,0.0,1.0,0.0,0.0,6.0,2.0,1.0,1.0,1.0,0.0,2.0,1.0,0.0,1.0,1.0,4.0,4.0,1.0,0.0,1.0,0.0,1.0,1.0,1.0,1.0,1.0,3.0,3.0,1.0,3.0,1.0,0.0,0.0,0.0,0.0,17.0,1.0,0.0,0.0,1.0,2.0,2.0,1.0,0.0,2.0,2.0,2.0,1.0,0.0,2.0,1.0,1.0,1.0,2.0,1.0,2.0,0.0,1.0,1.0,1.0,0.0,2.0,2.0,0.0,1.0,3.0,20.0,1.0,1.0,4.0,2.0,1.0,2.0,0.0,1.0,3.0,1.0,1.0,1.0,1.0,2.0,1.0,1.0,0.0,0.0,2.0,1.0,3.0,0.0,0.0,0.0,1.0,0.0,1.0,1.0,2.0,0.0,8.0,7.0,2.0,1.0,0.0,2.0,1.0,0.0,2.0,1.0,3.0,3.0,1.0,2.0,3.0,4.0,2.0,0.0,1.0,2.0,0.0,1.0,4.0,2.0,3.0,2.0,2.0,3.0,1.0,1.0,1.0,32.0,2.0,2.0,0.0,2.0,1.0,0.0,3.0,3.0,0.0,0.0,1.0,0.0,0.0,1.0,2.0,0.0,2.0,0.0,4.0,2.0,1.0,1.0,1.0,1.0,0.0,0.0,3.0,1.0,5.0,1.0,23.0,1.0,0.0,2.0,1.0,0.0,1.0,1.0,1.0,1.0,1.0,1.0,0.0,3.0,0.0,2.0,0.0,0.0,2.0,1.0,2.0,1.0,0.0,2.0,0.0,1.0,3.0,1.0,5.0,3.0,2.0,22.0,3.0,0.0,0.0,0.0,3.0,2.0,1.0,1.0,0.0,2.0,0.0,1.0,1.0,2.0,0.0,1.0,1.0,2.0,6.0,1.0,0.0,1.0,0.0,3.0,2.0,1.0,1.0,0.0,0.0,0.0,11.0,0.0,1.0,0.0,2.0,5.0,2.0,0.0,0.0,0.0,0.0,1.0,1.0,1.0,1.0,1.0,1.0,0.0,0.0,1.0,3.0,3.0,1.0,1.0,2.0,0.0,0.0,2.0,0.0,2.0,2.0,15.0,1.0,0.0,2.0,1.0,0.0,1.0,0.0,0.0,3.0,1.0,0.0,1.0,1.0,0.0,0.0,1.0,0.0,3.0,0.0,1.0,0.0,0.0,2.0,0.0,1.0,0.0,0.0,1.0,2.0,0.0,18.0,0.0,6.0,2.0,1.0,0.0,1.0,1.0,1.0,0.0,0.0,0.0,2.0,0.0,1.0,1.0,2.0,1.0,0.0,0.0,0.0,0.0,0.0,3.0,2.0,0.0,1.0,2.0,0.0,1.0,0.0,9.0,1
220,1373.6532228854724,61430.95135000002,1.4644454333919041,333.8859206904207,0.426889971139971,0.197031746031746,3.18,-0.15369459700424723,25.0,0.0,1.0,0.0,3.0,3.0,0.0,2.0,2.0,1.0,2.0,0.0,1.0,4.0,1.0,1.0,1.0,0.0,0.0,0.0,1.0,2.0,1.0,1.0,0.0,0.0,1.0,3.0,0.0,0.0,1.0,15.0,0.0,2.0,0.0,3.0,3.0,2.0,0.0,0.0,1.0,1.0,0.0,0.0,1.0,1.0,0.0,2.0,0.0,1.0,1.0,1.0,0.0,0.0,1.0,1.0,1.0,0.0,0.0,0.0,0.0,0.0,3.0,1.0,1.0,2.0,1.0,0.0,0.0,0.0,0.0,0.0,0.0,0.0,1.0,0.0,2.0,0.0,0.0,0.0,2.0,0.0,0.0,2.0,1.0,1.0,1.0,1.0,0.0,1.0,0.0,1.0,0.0,9.0,0.0,0.0,1.0,2.0,0.0,0.0,0.0,1.0,1.0,1.0,0.0,2.0,0.0,2.0,0.0,0.0,1.0,2.0,2.0,2.0,2.0,0.0,0.0,0.0,0.0,0.0,5.0,1.0,2.0,0.0,7.0,0.0,0.0,0.0,1.0,0.0,0.0,0.0,1.0,1.0,0.0,1.0,0.0,0.0,0.0,3.0,2.0,0.0,0.0,5.0,1.0,1.0,1.0,0.0,1.0,0.0,0.0,3.0,2.0,1.0,0.0,24.0,0.0,0.0,1.0,0.0,3.0,0.0,3.0,2.0,0.0,1.0,2.0,0.0,1.0,1.0,1.0,1.0,0.0,3.0,2.0,0.0,1.0,0.0,2.0,1.0,0.0,2.0,1.0,1.0,0.0,1.0,11.0,1.0,0.0,0.0,0.0,2.0,2.0,0.0,0.0,0.0,0.0,0.0,0.0,0.0,1.0,1.0,0.0,4.0,1.0,1.0,0.0,2.0,0.0,0.0,1.0,2.0,0.0,0.0,2.0,1.0,0.0,14.0,1.0,1.0,1.0,0.0,2.0,0.0,1.0,1.0,2.0,1.0,1.0,0.0,0.0,0.0,1.0,2.0,2.0,2.0,0.0,2.0,1.0,1.0,0.0,1.0,0.0,0.0,1.0,0.0,0.0,2.0,11.0,0.0,0.0,0.0,1.0,0.0,1.0,1.0,0.0,0.0,1.0,0.0,0.0,2.0,2.0,1.0,1.0,1.0,3.0,3.0,1.0,1.0,1.0,0.0,0.0,0.0,1.0,1.0,0.0,0.0,0.0,15.0,1.0,1.0,1.0,0.0,0.0,1.0,1.0,1.0,0.0,1.0,2.0,1.0,1.0,2.0,1.0,0.0,1.0,1.0,3.0,1.0,0.0,0.0,0.0,1.0,0.0,1.0,0.0,2.0,0.0,1.0,13.0,0.0,4.0,0.0,0.0,0.0,1.0,3.0,1.0,0.0,0.0,2.0,0.0,0.0,2.0,1.0,3.0,1.0,1.0,3.0,1.0,0.0,0.0,0.0,1.0,0.0,0.0,1.0,1.0,0.0,1.0,2.0,1.0,0.0,1.0,0.0,0.0,1.0,0.0,0.0,0.0,0.0,0.0,1.0,2.0,1.0,3.0,0.0,2.0,1.0,1.0,0.0,0.0,0.0,3.0,2.0,3.0,1.0,2.0,2.0,2.0,2.0,12.0,1.0,1.0,1.0,0.0,3.0,2.0,0.0,0.0,1.0,2.0,0.0,1.0,0.0,0.0,3.0,2.0,0.0,0.0,0.0,1.0,0.0,0.0,1.0,0.0,1.0,0.0,0.0,0.0,1.0,0.0,10.0,0.0,0.0,0.0,1.0,0.0,0.0,1.0,1.0,1.0,1.0,2.0,2.0,0.0,0.0,2.0,1.0,1.0,1.0,0.0,1.0,1.0,0.0,1.0,0.0,0.0,1.0,0.0,0.0,0.0,0.0,8.0,0.0,0.0,1.0,1.0,1.0,0.0,3.0,1.0,0.0,2.0,1.0,0.0,1.0,1.0,0.0,2.0,1.0,0.0,2.0,3.0,0.0,0.0,2.0,1.0,0.0,0.0,0.0,0.0,0.0,0.0,26.0,0.0,1.0,0.0,1.0,1.0,1.0,1.0,1.0,1.0,1.0,1.0,2.0,0.0,0.0,1.0,1.0,1.0,0.0,1.0,1.0,1.0,0.0,1.0,0.0,2.0,0.0,1.0,0.0,1.0,2.0,9.0,1.0,0.0,0.0,0.0,0.0,0.0,0.0,1.0,1.0,0.0,1.0,0.0,2.0,1.0,2.0,1.0,2.0,0.0,0.0,0.0,1.0,2.0,4.0,3.0,0.0,0.0,1.0,1.0,0.0,0.0,15.0,3.0,0.0,3.0,1.0,1.0,3.0,1.0,2.0,0.0,0.0,1.0,0.0,1.0,0.0,1.0,1.0,0.0,0.0,0.0,1.0,2.0,0.0,1.0,1.0,2.0,0.0,0.0,1.0,1.0,2.0,6.0,1.0,0.0,1.0,0.0,1.0,1.0,0.0,0.0,4.0,0.0,0.0,0.0,1.0,1.0,0.0,2.0,1.0,0.0,0.0,0.0,0.0,0.0,0.0,0.0,0.0,1.0,1.0,0.0,0.0,1.0,4.0,1.0,1.0,2.0,1.0,1.0,1.0,1.0,0.0,0.0,1.0,0.0,2.0,0.0,1.0,1.0,2.0,3.0,1.0,0.0,0.0,1.0,1.0,0.0,0.0,0.0,0.0,0.0,5.0,0.0,2.0,24.0,2.0,1.0,1.0,2.0,1.0,1.0,0.0,0.0,0.0,2.0,1.0,1.0,1.0,1.0,2.0,1.0,0.0,0.0,0.0,1.0,1.0,4.0,1.0,2.0,1.0,3.0,0.0,1.0,1.0,0.0,22.0,0.0,2.0,1.0,2.0,0.0,0.0,1.0,0.0,0.0,0.0,0.0,0.0,0.0,0.0,1.0,0.0,3.0,1.0,1.0,0.0,4.0,0.0,0.0,0.0,1.0,0.0,2.0,0.0,0.0,1.0,6.0,0.0,2.0,1.0,1.0,0.0,0.0,1.0,0.0,1.0,2.0,1.0,4.0,4.0,0.0,2.0,1.0,1.0,0.0,2.0,0.0,0.0,1.0,3.0,0.0,3.0,1.0,0.0,3.0,2.0,0.0,21.0,0.0,3.0,2.0,0.0,2.0,2.0,1.0,1.0,1.0,0.0,0.0,0.0,3.0,1.0,2.0,5.0,2.0,1.0,1.0,2.0,0.0,2.0,2.0,0.0,2.0,1.0,3.0,1.0,1.0,1.0,7.0,0.0,2.0,1.0,1.0,1.0,1.0,0.0,0.0,0.0,0.0,1.0,0.0,4.0,0.0,2.0,0.0,1.0,0.0,1.0,1.0,1.0,1.0,3.0,1.0,0.0,1.0,0.0,0.0,2.0,2.0,23.0,2.0,3.0,0.0,1.0,4.0,1.0,0.0,3.0,0.0,1.0,1.0,0.0,1.0,0.0,0.0,0.0,3.0,0.0,1.0,0.0,2.0,0.0,1.0,2.0,0.0,0.0,2.0,1.0,2.0,1.0,13.0,0.0,0.0,0.0,2.0,1.0,1.0,1.0,0.0,1.0,0.0,1.0,2.0,0.0,2.0,1.0,0.0,0.0,1.0,0.0,0.0,2.0,2.0,2.0,0.0,0.0,0.0,2.0,3.0,1.0,1.0,10.0,0.0,3.0,2.0,0.0,0.0,1.0,1.0,3.0,1.0,0.0,1.0,2.0,1.0,1.0,2.0,1.0,1.0,0.0,0.0,0.0,1.0,0.0,1.0,2.0,0.0,0.0,0.0,0.0,0.0,0.0,5.0,0.0,3.0,0.0,1.0,0.0,0.0,0.0,0.0,1.0,0.0,2.0,2.0,1.0,1.0,1.0,1.0,1.0,0.0,1.0,0.0,0.0,1.0,1.0,0.0,1.0,0.0,2.0,0.0,1.0,0.0,8.0,1
221,2260.929408467011,99871.11255,2.0326577136885855,298.65159456947424,0.21870339382839377,0.19281727994227996,3.31,-0.0872591190391792,13.0,2.0,2.0,4.0,3.0,1.0,7.0,5.0,4.0,1.0,2.0,1.0,2.0,3.0,4.0,1.0,3.0,5.0,4.0,2.0,3.0,5.0,2.0,2.0,0.0,2.0,3.0,4.0,0.0,4.0,3.0,14.0,3.0,5.0,3.0,2.0,2.0,3.0,3.0,3.0,4.0,1.0,0.0,5.0,3.0,0.0,3.0,1.0,2.0,2.0,3.0,6.0,2.0,2.0,1.0,5.0,5.0,3.0,2.0,2.0,6.0,1.0,6.0,0.0,1.0,1.0,1.0,3.0,2.0,0.0,2.0,0.0,4.0,2.0,2.0,2.0,0.0,3.0,1.0,3.0,1.0,4.0,0.0,1.0,1.0,1.0,1.0,2.0,1.0,1.0,2.0,6.0,3.0,10.0,0.0,0.0,0.0,0.0,2.0,1.0,1.0,1.0,1.0,1.0,3.0,2.0,1.0,2.0,1.0,2.0,1.0,2.0,3.0,1.0,2.0,0.0,4.0,0.0,1.0,2.0,0.0,3.0,0.0,2.0,7.0,2.0,0.0,0.0,2.0,1.0,2.0,2.0,1.0,0.0,3.0,1.0,2.0,2.0,1.0,1.0,1.0,1.0,0.0,1.0,1.0,0.0,4.0,0.0,0.0,0.0,5.0,5.0,2.0,0.0,0.0,7.0,1.0,1.0,0.0,1.0,2.0,1.0,1.0,1.0,1.0,0.0,1.0,4.0,1.0,1.0,0.0,0.0,0.0,2.0,1.0,2.0,2.0,2.0,0.0,2.0,4.0,3.0,0.0,0.0,0.0,2.0,10.0,2.0,1.0,0.0,1.0,0.0,0.0,0.0,2.0,3.0,0.0,1.0,3.0,1.0,0.0,0.0,1.0,1.0,0.0,0.0,3.0,3.0,1.0,1.0,3.0,3.0,1.0,0.0,1.0,0.0,0.0,6.0,0.0,0.0,2.0,1.0,2.0,1.0,0.0,0.0,1.0,0.0,2.0,1.0,4.0,0.0,2.0,2.0,5.0,1.0,2.0,0.0,0.0,1.0,5.0,1.0,3.0,0.0,1.0,2.0,0.0,0.0,5.0,1.0,0.0,2.0,2.0,0.0,2.0,1.0,2.0,0.0,1.0,1.0,2.0,1.0,0.0,3.0,1.0,1.0,1.0,1.0,0.0,2.0,3.0,1.0,2.0,2.0,2.0,1.0,1.0,0.0,2.0,9.0,2.0,0.0,3.0,0.0,1.0,1.0,1.0,1.0,0.0,2.0,3.0,0.0,2.0,1.0,0.0,0.0,2.0,3.0,1.0,1.0,3.0,2.0,3.0,2.0,1.0,2.0,2.0,0.0,1.0,3.0,11.0,0.0,3.0,1.0,0.0,0.0,0.0,2.0,0.0,1.0,2.0,2.0,1.0,6.0,2.0,1.0,1.0,0.0,0.0,2.0,3.0,5.0,2.0,1.0,1.0,1.0,0.0,0.0,1.0,2.0,1.0,5.0,2.0,0.0,2.0,0.0,1.0,1.0,0.0,0.0,3.0,0.0,2.0,1.0,1.0,1.0,2.0,1.0,1.0,1.0,2.0,1.0,1.0,1.0,1.0,3.0,4.0,3.0,1.0,4.0,0.0,3.0,12.0,0.0,3.0,3.0,0.0,2.0,1.0,3.0,4.0,4.0,1.0,1.0,0.0,1.0,1.0,3.0,2.0,2.0,2.0,2.0,2.0,2.0,1.0,3.0,1.0,0.0,0.0,0.0,0.0,0.0,4.0,5.0,2.0,0.0,0.0,1.0,1.0,2.0,1.0,0.0,2.0,1.0,3.0,1.0,0.0,1.0,0.0,1.0,3.0,5.0,0.0,2.0,4.0,1.0,1.0,1.0,0.0,1.0,2.0,1.0,2.0,2.0,6.0,1.0,1.0,1.0,0.0,1.0,2.0,1.0,0.0,4.0,3.0,2.0,2.0,0.0,1.0,0.0,2.0,2.0,2.0,1.0,1.0,0.0,1.0,1.0,0.0,3.0,2.0,1.0,2.0,0.0,0.0,3.0,0.0,2.0,0.0,1.0,0.0,0.0,1.0,3.0,1.0,0.0,1.0,1.0,0.0,1.0,1.0,3.0,3.0,0.0,1.0,0.0,0.0,2.0,3.0,2.0,2.0,0.0,2.0,1.0,0.0,0.0,6.0,2.0,1.0,2.0,0.0,0.0,1.0,2.0,1.0,0.0,1.0,2.0,0.0,1.0,3.0,5.0,1.0,2.0,0.0,5.0,1.0,0.0,1.0,4.0,1.0,1.0,3.0,0.0,3.0,0.0,0.0,6.0,2.0,3.0,0.0,1.0,4.0,3.0,4.0,3.0,1.0,2.0,3.0,1.0,0.0,4.0,0.0,1.0,2.0,0.0,2.0,3.0,1.0,0.0,0.0,3.0,0.0,2.0,1.0,1.0,0.0,0.0,4.0,1.0,3.0,0.0,3.0,2.0,1.0,0.0,1.0,1.0,2.0,0.0,6.0,2.0,1.0,4.0,2.0,1.0,1.0,2.0,2.0,1.0,0.0,1.0,1.0,3.0,2.0,0.0,0.0,3.0,1.0,8.0,1.0,0.0,0.0,2.0,1.0,1.0,0.0,2.0,1.0,1.0,4.0,1.0,3.0,2.0,3.0,0.0,0.0,1.0,2.0,1.0,4.0,2.0,0.0,1.0,2.0,0.0,1.0,2.0,2.0,2.0,6.0,3.0,1.0,5.0,3.0,2.0,2.0,2.0,0.0,0.0,3.0,3.0,2.0,0.0,0.0,3.0,0.0,0.0,1.0,2.0,0.0,0.0,1.0,2.0,2.0,0.0,0.0,3.0,0.0,1.0,3.0,8.0,0.0,3.0,2.0,3.0,1.0,1.0,1.0,0.0,3.0,1.0,0.0,3.0,0.0,1.0,1.0,1.0,1.0,0.0,2.0,1.0,3.0,0.0,0.0,2.0,5.0,2.0,1.0,1.0,1.0,0.0,9.0,4.0,2.0,0.0,0.0,1.0,0.0,1.0,4.0,3.0,1.0,2.0,2.0,3.0,1.0,1.0,0.0,2.0,2.0,4.0,2.0,1.0,4.0,5.0,3.0,2.0,0.0,1.0,1.0,1.0,4.0,9.0,2.0,0.0,2.0,4.0,1.0,0.0,1.0,1.0,1.0,2.0,1.0,3.0,1.0,0.0,1.0,2.0,2.0,3.0,0.0,1.0,0.0,0.0,1.0,1.0,3.0,0.0,3.0,2.0,2.0,1.0,5.0,0.0,2.0,2.0,2.0,2.0,1.0,2.0,3.0,0.0,1.0,1.0,0.0,0.0,2.0,0.0,2.0,1.0,1.0,1.0,1.0,1.0,2.0,1.0,2.0,1.0,2.0,1.0,1.0,0.0,2.0,5.0,0.0,0.0,1.0,1.0,0.0,5.0,2.0,4.0,1.0,0.0,0.0,1.0,2.0,0.0,2.0,2.0,4.0,1.0,0.0,0.0,2.0,5.0,0.0,2.0,1.0,2.0,2.0,3.0,0.0,2.0,6.0,2.0,0.0,1.0,4.0,4.0,2.0,1.0,0.0,0.0,3.0,4.0,1.0,2.0,0.0,1.0,4.0,0.0,0.0,1.0,0.0,3.0,1.0,2.0,6.0,1.0,0.0,0.0,0.0,1.0,1.0,10.0,1.0,2.0,1.0,0.0,1.0,1.0,0.0,0.0,1.0,0.0,0.0,0.0,1.0,3.0,2.0,1.0,0.0,2.0,0.0,4.0,2.0,1.0,0.0,0.0,0.0,1.0,0.0,1.0,1.0,0.0,6.0,0.0,4.0,3.0,1.0,1.0,0.0,1.0,1.0,1.0,0.0,1.0,2.0,0.0,3.0,3.0,1.0,3.0,2.0,1.0,1.0,1.0,0.0,0.0,0.0,0.0,0.0,0.0,0.0,2.0,1.0,7.0,1
222,1562.0623580127995,62321.479693877576,1.8365501281633951,394.6478047128292,0.2656821353249925,0.15328738249656612,2.8979591836734695,-0.08173123998112782,14.0,4.0,3.0,2.0,2.0,1.0,6.0,1.0,3.0,5.0,2.0,1.0,5.0,4.0,1.0,1.0,3.0,1.0,0.0,3.0,3.0,1.0,2.0,2.0,2.0,1.0,2.0,3.0,2.0,3.0,1.0,8.0,2.0,3.0,4.0,2.0,1.0,1.0,6.0,2.0,0.0,1.0,0.0,3.0,0.0,0.0,3.0,1.0,2.0,1.0,2.0,1.0,1.0,6.0,2.0,3.0,1.0,1.0,1.0,3.0,2.0,1.0,7.0,0.0,1.0,1.0,0.0,0.0,3.0,1.0,1.0,0.0,3.0,0.0,2.0,0.0,1.0,1.0,0.0,0.0,0.0,2.0,1.0,0.0,0.0,1.0,0.0,1.0,0.0,2.0,2.0,4.0,1.0,5.0,0.0,1.0,0.0,0.0,3.0,1.0,1.0,1.0,0.0,1.0,2.0,0.0,3.0,1.0,1.0,0.0,1.0,1.0,2.0,1.0,2.0,2.0,1.0,0.0,0.0,1.0,1.0,2.0,0.0,0.0,7.0,0.0,0.0,2.0,0.0,0.0,1.0,2.0,2.0,0.0,2.0,1.0,1.0,1.0,1.0,0.0,2.0,3.0,1.0,4.0,0.0,2.0,1.0,3.0,1.0,1.0,6.0,1.0,1.0,2.0,0.0,8.0,0.0,1.0,2.0,0.0,1.0,2.0,1.0,1.0,1.0,1.0,0.0,2.0,2.0,0.0,0.0,0.0,1.0,2.0,0.0,1.0,3.0,1.0,0.0,1.0,2.0,1.0,1.0,0.0,0.0,2.0,2.0,1.0,0.0,0.0,0.0,1.0,0.0,0.0,3.0,0.0,1.0,1.0,0.0,2.0,0.0,0.0,1.0,1.0,0.0,0.0,1.0,2.0,0.0,0.0,5.0,2.0,0.0,2.0,2.0,1.0,2.0,7.0,1.0,2.0,1.0,0.0,0.0,1.0,0.0,0.0,0.0,2.0,1.0,1.0,2.0,0.0,1.0,1.0,1.0,1.0,1.0,0.0,0.0,0.0,3.0,3.0,1.0,3.0,1.0,3.0,1.0,0.0,5.0,1.0,0.0,0.0,3.0,1.0,1.0,1.0,0.0,0.0,3.0,1.0,2.0,1.0,5.0,1.0,2.0,2.0,2.0,0.0,0.0,1.0,4.0,1.0,4.0,1.0,1.0,1.0,0.0,0.0,0.0,5.0,2.0,1.0,2.0,1.0,0.0,0.0,1.0,1.0,0.0,0.0,1.0,1.0,0.0,1.0,1.0,0.0,2.0,0.0,1.0,1.0,0.0,0.0,0.0,0.0,0.0,0.0,0.0,1.0,1.0,0.0,3.0,1.0,2.0,2.0,1.0,0.0,0.0,1.0,2.0,1.0,1.0,0.0,0.0,2.0,3.0,0.0,2.0,4.0,2.0,0.0,5.0,3.0,0.0,2.0,3.0,1.0,0.0,2.0,0.0,0.0,0.0,2.0,2.0,2.0,0.0,1.0,0.0,0.0,0.0,1.0,2.0,1.0,0.0,1.0,0.0,0.0,3.0,1.0,0.0,0.0,2.0,2.0,2.0,2.0,6.0,1.0,0.0,0.0,2.0,2.0,1.0,1.0,9.0,5.0,4.0,1.0,1.0,4.0,2.0,3.0,0.0,0.0,1.0,0.0,4.0,3.0,1.0,1.0,0.0,1.0,4.0,2.0,0.0,1.0,1.0,1.0,0.0,0.0,0.0,0.0,1.0,3.0,4.0,9.0,0.0,0.0,1.0,3.0,0.0,0.0,4.0,1.0,3.0,2.0,0.0,1.0,1.0,1.0,2.0,1.0,2.0,3.0,0.0,1.0,3.0,2.0,3.0,1.0,0.0,1.0,2.0,1.0,5.0,0.0,8.0,3.0,2.0,0.0,2.0,1.0,0.0,0.0,5.0,3.0,1.0,0.0,1.0,0.0,0.0,1.0,3.0,0.0,0.0,1.0,2.0,0.0,1.0,0.0,2.0,0.0,0.0,0.0,0.0,1.0,3.0,2.0,0.0,1.0,4.0,0.0,0.0,0.0,2.0,0.0,3.0,1.0,0.0,0.0,1.0,0.0,0.0,2.0,1.0,2.0,1.0,2.0,0.0,3.0,1.0,1.0,0.0,0.0,1.0,0.0,1.0,1.0,5.0,0.0,0.0,1.0,1.0,0.0,1.0,3.0,2.0,1.0,1.0,2.0,0.0,1.0,5.0,3.0,0.0,2.0,1.0,1.0,0.0,0.0,0.0,2.0,1.0,1.0,1.0,3.0,2.0,2.0,2.0,8.0,1.0,1.0,1.0,2.0,0.0,2.0,1.0,2.0,2.0,3.0,0.0,1.0,3.0,3.0,0.0,2.0,0.0,0.0,0.0,2.0,0.0,1.0,1.0,1.0,3.0,0.0,0.0,1.0,0.0,3.0,12.0,0.0,1.0,1.0,1.0,2.0,3.0,0.0,0.0,4.0,1.0,0.0,2.0,1.0,1.0,2.0,0.0,0.0,0.0,2.0,1.0,0.0,1.0,2.0,1.0,1.0,0.0,0.0,2.0,0.0,0.0,6.0,1.0,2.0,0.0,1.0,0.0,2.0,0.0,0.0,2.0,3.0,1.0,4.0,1.0,0.0,1.0,1.0,1.0,1.0,1.0,1.0,2.0,0.0,3.0,1.0,2.0,1.0,0.0,3.0,1.0,1.0,4.0,3.0,1.0,2.0,0.0,0.0,0.0,2.0,0.0,2.0,0.0,1.0,0.0,0.0,1.0,1.0,0.0,1.0,2.0,1.0,0.0,2.0,3.0,0.0,1.0,0.0,0.0,3.0,1.0,1.0,1.0,4.0,0.0,1.0,0.0,0.0,0.0,2.0,0.0,1.0,4.0,0.0,3.0,0.0,0.0,2.0,1.0,0.0,1.0,0.0,1.0,1.0,1.0,0.0,3.0,1.0,3.0,1.0,0.0,2.0,0.0,0.0,9.0,5.0,1.0,0.0,2.0,2.0,1.0,1.0,5.0,3.0,1.0,0.0,1.0,1.0,0.0,3.0,1.0,2.0,4.0,3.0,3.0,1.0,3.0,1.0,1.0,2.0,2.0,1.0,3.0,0.0,2.0,11.0,0.0,0.0,1.0,3.0,1.0,1.0,2.0,3.0,0.0,2.0,1.0,1.0,1.0,3.0,3.0,1.0,0.0,0.0,0.0,2.0,2.0,1.0,1.0,3.0,1.0,2.0,1.0,0.0,3.0,0.0,5.0,1.0,0.0,2.0,0.0,0.0,2.0,1.0,0.0,1.0,0.0,0.0,1.0,0.0,1.0,1.0,1.0,1.0,2.0,3.0,0.0,3.0,0.0,2.0,1.0,0.0,2.0,1.0,1.0,0.0,0.0,11.0,1.0,1.0,0.0,0.0,1.0,1.0,1.0,1.0,0.0,1.0,0.0,1.0,3.0,0.0,1.0,1.0,3.0,2.0,2.0,2.0,0.0,0.0,2.0,1.0,1.0,0.0,0.0,1.0,3.0,1.0,8.0,1.0,0.0,0.0,1.0,0.0,0.0,1.0,2.0,4.0,1.0,2.0,2.0,1.0,1.0,2.0,1.0,1.0,3.0,1.0,1.0,3.0,3.0,1.0,3.0,1.0,1.0,2.0,2.0,0.0,0.0,10.0,0.0,1.0,0.0,0.0,0.0,0.0,0.0,1.0,0.0,2.0,2.0,1.0,0.0,1.0,0.0,0.0,0.0,0.0,1.0,1.0,1.0,2.0,0.0,0.0,0.0,1.0,1.0,0.0,1.0,0.0,2.0,0.0,1.0,3.0,1.0,0.0,0.0,1.0,1.0,0.0,1.0,1.0,0.0,0.0,1.0,1.0,5.0,2.0,0.0,1.0,0.0,0.0,1.0,1.0,0.0,2.0,2.0,1.0,0.0,1.0,0.0,6.0,1
223,2745.9508679902583,177005.9463265306,2.142228059016199,286.027964838993,0.1722299542527633,0.1132101958887673,3.938775510204082,0.02168122152695984,25.0,1.0,4.0,1.0,3.0,3.0,5.0,2.0,5.0,4.0,3.0,0.0,1.0,4.0,2.0,2.0,1.0,3.0,4.0,3.0,0.0,4.0,1.0,2.0,1.0,2.0,2.0,2.0,3.0,4.0,1.0,11.0,3.0,1.0,0.0,0.0,2.0,3.0,1.0,1.0,3.0,1.0,1.0,0.0,2.0,0.0,2.0,3.0,4.0,2.0,3.0,2.0,2.0,2.0,2.0,5.0,1.0,4.0,1.0,0.0,2.0,5.0,16.0,1.0,1.0,2.0,1.0,2.0,0.0,0.0,1.0,4.0,0.0,2.0,3.0,2.0,3.0,3.0,2.0,1.0,0.0,0.0,1.0,1.0,0.0,2.0,2.0,2.0,0.0,2.0,2.0,0.0,1.0,10.0,0.0,1.0,1.0,1.0,4.0,0.0,1.0,2.0,0.0,1.0,1.0,1.0,1.0,0.0,0.0,1.0,0.0,1.0,2.0,6.0,5.0,0.0,1.0,0.0,1.0,1.0,0.0,2.0,0.0,2.0,5.0,0.0,1.0,0.0,1.0,1.0,2.0,1.0,3.0,2.0,3.0,1.0,0.0,3.0,1.0,1.0,0.0,1.0,2.0,1.0,1.0,0.0,1.0,1.0,3.0,0.0,1.0,2.0,1.0,0.0,1.0,7.0,1.0,0.0,2.0,3.0,3.0,0.0,2.0,1.0,2.0,1.0,2.0,2.0,0.0,1.0,1.0,1.0,1.0,0.0,0.0,0.0,0.0,2.0,1.0,0.0,3.0,2.0,2.0,1.0,0.0,2.0,13.0,1.0,3.0,0.0,0.0,0.0,2.0,1.0,0.0,0.0,1.0,0.0,1.0,0.0,3.0,2.0,1.0,3.0,4.0,2.0,4.0,1.0,1.0,1.0,2.0,3.0,1.0,2.0,1.0,0.0,1.0,8.0,0.0,0.0,0.0,0.0,3.0,1.0,2.0,1.0,1.0,1.0,1.0,3.0,1.0,5.0,2.0,1.0,3.0,0.0,1.0,0.0,2.0,0.0,1.0,0.0,1.0,1.0,0.0,0.0,0.0,1.0,9.0,0.0,4.0,3.0,2.0,1.0,3.0,1.0,3.0,3.0,2.0,3.0,1.0,4.0,0.0,3.0,1.0,2.0,3.0,0.0,0.0,2.0,8.0,5.0,0.0,2.0,0.0,0.0,2.0,2.0,0.0,9.0,2.0,0.0,0.0,1.0,1.0,0.0,0.0,0.0,0.0,1.0,1.0,1.0,0.0,2.0,1.0,0.0,0.0,3.0,2.0,5.0,1.0,1.0,0.0,2.0,0.0,0.0,1.0,3.0,1.0,0.0,18.0,0.0,1.0,3.0,2.0,0.0,0.0,0.0,0.0,1.0,3.0,2.0,3.0,3.0,3.0,5.0,1.0,7.0,2.0,0.0,3.0,1.0,3.0,1.0,3.0,1.0,1.0,0.0,0.0,1.0,1.0,6.0,0.0,0.0,1.0,0.0,0.0,1.0,0.0,2.0,0.0,2.0,1.0,1.0,3.0,1.0,2.0,1.0,1.0,2.0,4.0,2.0,1.0,3.0,1.0,2.0,0.0,2.0,0.0,4.0,2.0,0.0,5.0,1.0,3.0,0.0,0.0,1.0,1.0,0.0,0.0,3.0,0.0,1.0,2.0,3.0,3.0,3.0,1.0,0.0,3.0,0.0,0.0,1.0,1.0,2.0,1.0,0.0,1.0,2.0,0.0,3.0,2.0,9.0,3.0,1.0,1.0,1.0,1.0,3.0,0.0,1.0,0.0,0.0,2.0,1.0,3.0,0.0,0.0,1.0,3.0,3.0,2.0,2.0,1.0,1.0,0.0,0.0,1.0,2.0,1.0,1.0,4.0,2.0,10.0,0.0,1.0,1.0,2.0,4.0,3.0,3.0,1.0,0.0,2.0,1.0,3.0,2.0,2.0,1.0,4.0,1.0,1.0,1.0,2.0,1.0,2.0,0.0,1.0,1.0,0.0,0.0,1.0,1.0,0.0,8.0,1.0,1.0,2.0,3.0,1.0,1.0,2.0,1.0,1.0,3.0,0.0,2.0,2.0,1.0,3.0,0.0,1.0,2.0,2.0,0.0,1.0,2.0,1.0,0.0,2.0,1.0,1.0,0.0,0.0,3.0,4.0,0.0,0.0,2.0,4.0,0.0,1.0,1.0,1.0,0.0,0.0,2.0,2.0,0.0,2.0,4.0,0.0,2.0,0.0,3.0,3.0,0.0,3.0,5.0,1.0,1.0,2.0,1.0,1.0,2.0,1.0,7.0,0.0,1.0,1.0,1.0,2.0,1.0,0.0,0.0,3.0,2.0,1.0,1.0,2.0,2.0,2.0,0.0,0.0,3.0,0.0,2.0,1.0,0.0,0.0,1.0,1.0,1.0,2.0,2.0,1.0,0.0,6.0,4.0,1.0,1.0,0.0,4.0,3.0,2.0,0.0,1.0,0.0,0.0,5.0,3.0,6.0,0.0,1.0,0.0,0.0,0.0,1.0,2.0,2.0,1.0,1.0,2.0,3.0,0.0,0.0,1.0,2.0,11.0,0.0,1.0,2.0,1.0,2.0,5.0,3.0,1.0,1.0,1.0,2.0,1.0,1.0,2.0,1.0,0.0,1.0,1.0,1.0,2.0,2.0,0.0,2.0,1.0,2.0,0.0,0.0,2.0,1.0,0.0,3.0,0.0,0.0,0.0,1.0,3.0,1.0,0.0,1.0,3.0,5.0,3.0,3.0,0.0,2.0,0.0,2.0,1.0,3.0,2.0,0.0,2.0,3.0,1.0,1.0,1.0,1.0,2.0,1.0,1.0,0.0,10.0,0.0,5.0,1.0,1.0,2.0,2.0,0.0,0.0,2.0,1.0,1.0,1.0,3.0,2.0,0.0,3.0,0.0,0.0,1.0,0.0,1.0,2.0,1.0,4.0,1.0,0.0,2.0,1.0,0.0,1.0,4.0,4.0,0.0,0.0,0.0,2.0,1.0,1.0,3.0,1.0,3.0,0.0,2.0,2.0,4.0,2.0,2.0,2.0,1.0,2.0,1.0,1.0,1.0,3.0,3.0,2.0,0.0,3.0,0.0,2.0,4.0,22.0,3.0,0.0,4.0,3.0,1.0,0.0,4.0,2.0,2.0,1.0,3.0,1.0,3.0,3.0,2.0,0.0,4.0,7.0,0.0,1.0,2.0,1.0,0.0,2.0,2.0,0.0,2.0,1.0,3.0,3.0,14.0,0.0,1.0,1.0,0.0,1.0,1.0,1.0,0.0,1.0,0.0,2.0,5.0,1.0,1.0,1.0,2.0,0.0,3.0,2.0,0.0,2.0,1.0,4.0,1.0,2.0,3.0,0.0,0.0,0.0,1.0,9.0,1.0,1.0,6.0,0.0,1.0,1.0,3.0,2.0,2.0,0.0,0.0,1.0,2.0,2.0,2.0,1.0,2.0,0.0,3.0,4.0,1.0,6.0,3.0,3.0,2.0,1.0,1.0,4.0,1.0,0.0,13.0,1.0,0.0,0.0,1.0,2.0,0.0,0.0,0.0,1.0,2.0,3.0,4.0,3.0,3.0,2.0,2.0,1.0,4.0,3.0,3.0,0.0,2.0,1.0,0.0,1.0,1.0,1.0,3.0,2.0,3.0,12.0,0.0,0.0,2.0,1.0,1.0,3.0,3.0,1.0,1.0,2.0,4.0,1.0,0.0,0.0,0.0,0.0,1.0,0.0,1.0,1.0,0.0,0.0,1.0,2.0,1.0,2.0,2.0,2.0,3.0,1.0,10.0,0.0,1.0,2.0,2.0,0.0,1.0,1.0,1.0,0.0,0.0,0.0,2.0,0.0,2.0,0.0,0.0,2.0,1.0,1.0,1.0,0.0,0.0,1.0,1.0,2.0,3.0,0.0,1.0,1.0,1.0,3.0,1
227,1127.848224412397,52084.60983333334,1.5413298238074582,681.3017952884751,0.36111394778061423,0.12006319811875367,3.4,-0.10865631698027053,18.0,2.0,1.0,1.0,1.0,0.0,2.0,6.0,1.0,0.0,1.0,3.0,1.0,2.0,0.0,2.0,2.0,1.0,1.0,3.0,1.0,3.0,1.0,2.0,1.0,0.0,1.0,1.0,1.0,0.0,1.0,9.0,4.0,3.0,4.0,1.0,2.0,1.0,0.0,1.0,0.0,1.0,1.0,2.0,2.0,1.0,1.0,5.0,0.0,1.0,4.0,3.0,3.0,0.0,1.0,1.0,0.0,2.0,1.0,1.0,1.0,1.0,8.0,1.0,0.0,1.0,0.0,0.0,0.0,1.0,0.0,1.0,0.0,0.0,1.0,1.0,1.0,3.0,0.0,3.0,0.0,2.0,1.0,0.0,0.0,3.0,0.0,0.0,0.0,0.0,1.0,1.0,1.0,0.0,0.0,0.0,0.0,0.0,0.0,0.0,1.0,0.0,1.0,1.0,0.0,0.0,0.0,1.0,0.0,1.0,1.0,2.0,1.0,0.0,0.0,1.0,0.0,1.0,0.0,1.0,3.0,2.0,0.0,1.0,3.0,0.0,0.0,0.0,0.0,1.0,1.0,1.0,2.0,0.0,1.0,1.0,0.0,0.0,1.0,0.0,0.0,0.0,0.0,0.0,0.0,1.0,0.0,0.0,0.0,0.0,0.0,2.0,0.0,0.0,0.0,3.0,0.0,0.0,1.0,0.0,0.0,1.0,1.0,1.0,0.0,1.0,0.0,0.0,0.0,0.0,2.0,0.0,0.0,0.0,0.0,0.0,0.0,0.0,0.0,0.0,0.0,2.0,3.0,0.0,1.0,0.0,3.0,1.0,0.0,0.0,1.0,0.0,0.0,0.0,1.0,0.0,1.0,0.0,0.0,0.0,1.0,0.0,0.0,1.0,1.0,0.0,1.0,0.0,0.0,0.0,2.0,3.0,0.0,1.0,1.0,1.0,2.0,4.0,0.0,0.0,0.0,0.0,1.0,1.0,1.0,0.0,0.0,1.0,0.0,0.0,0.0,2.0,2.0,0.0,1.0,0.0,1.0,1.0,1.0,0.0,3.0,1.0,1.0,0.0,0.0,1.0,0.0,0.0,4.0,0.0,0.0,1.0,0.0,0.0,0.0,1.0,0.0,2.0,0.0,0.0,0.0,1.0,0.0,1.0,1.0,1.0,0.0,3.0,0.0,0.0,1.0,1.0,1.0,1.0,0.0,1.0,0.0,1.0,1.0,5.0,0.0,3.0,1.0,0.0,1.0,0.0,2.0,0.0,0.0,0.0,0.0,0.0,2.0,2.0,1.0,0.0,1.0,1.0,0.0,0.0,0.0,2.0,0.0,1.0,1.0,0.0,1.0,0.0,1.0,1.0,4.0,0.0,1.0,1.0,0.0,0.0,0.0,0.0,2.0,0.0,0.0,0.0,1.0,3.0,3.0,0.0,0.0,0.0,2.0,0.0,4.0,4.0,0.0,0.0,0.0,0.0,0.0,2.0,0.0,0.0,1.0,2.0,1.0,0.0,2.0,3.0,0.0,0.0,0.0,0.0,0.0,0.0,0.0,1.0,0.0,1.0,0.0,0.0,0.0,2.0,0.0,1.0,0.0,0.0,1.0,1.0,0.0,2.0,4.0,2.0,1.0,0.0,13.0,1.0,1.0,0.0,0.0,1.0,0.0,1.0,0.0,0.0,1.0,1.0,2.0,1.0,2.0,5.0,2.0,3.0,3.0,1.0,1.0,1.0,1.0,1.0,0.0,2.0,1.0,0.0,1.0,0.0,0.0,6.0,0.0,0.0,0.0,1.0,1.0,0.0,0.0,0.0,1.0,2.0,0.0,0.0,0.0,0.0,1.0,0.0,1.0,1.0,1.0,0.0,1.0,0.0,0.0,0.0,1.0,0.0,0.0,1.0,2.0,0.0,3.0,2.0,0.0,0.0,0.0,0.0,0.0,0.0,0.0,1.0,1.0,1.0,1.0,2.0,1.0,0.0,2.0,0.0,0.0,0.0,3.0,1.0,0.0,1.0,0.0,1.0,1.0,1.0,1.0,0.0,0.0,5.0,1.0,0.0,0.0,2.0,0.0,1.0,1.0,0.0,1.0,0.0,1.0,2.0,0.0,1.0,0.0,2.0,0.0,0.0,0.0,0.0,0.0,0.0,0.0,0.0,3.0,1.0,2.0,1.0,0.0,0.0,4.0,0.0,0.0,2.0,0.0,0.0,0.0,0.0,2.0,1.0,1.0,0.0,0.0,1.0,1.0,3.0,1.0,1.0,1.0,0.0,0.0,0.0,1.0,0.0,0.0,0.0,1.0,0.0,0.0,1.0,1.0,3.0,2.0,1.0,0.0,1.0,0.0,2.0,0.0,2.0,2.0,1.0,0.0,2.0,0.0,0.0,1.0,0.0,0.0,0.0,0.0,2.0,0.0,1.0,0.0,0.0,1.0,1.0,0.0,0.0,1.0,0.0,4.0,0.0,0.0,0.0,1.0,0.0,0.0,0.0,0.0,2.0,0.0,0.0,3.0,0.0,0.0,0.0,0.0,0.0,0.0,0.0,0.0,0.0,0.0,1.0,4.0,0.0,0.0,0.0,1.0,0.0,0.0,5.0,1.0,1.0,0.0,1.0,0.0,0.0,1.0,1.0,1.0,1.0,1.0,4.0,1.0,1.0,0.0,1.0,0.0,1.0,1.0,0.0,1.0,0.0,0.0,0.0,0.0,0.0,1.0,0.0,0.0,0.0,2.0,1.0,0.0,0.0,1.0,1.0,0.0,1.0,0.0,0.0,1.0,3.0,1.0,2.0,0.0,0.0,0.0,0.0,1.0,2.0,0.0,0.0,0.0,0.0,1.0,1.0,0.0,1.0,0.0,2.0,2.0,5.0,0.0,1.0,1.0,0.0,0.0,2.0,3.0,0.0,3.0,3.0,1.0,0.0,0.0,0.0,0.0,0.0,0.0,2.0,0.0,0.0,3.0,2.0,0.0,0.0,0.0,1.0,0.0,0.0,0.0,0.0,4.0,2.0,1.0,1.0,0.0,1.0,0.0,1.0,0.0,0.0,0.0,0.0,0.0,0.0,2.0,0.0,1.0,1.0,2.0,2.0,2.0,0.0,2.0,2.0,0.0,1.0,0.0,0.0,0.0,2.0,1.0,8.0,1.0,1.0,0.0,2.0,0.0,1.0,1.0,2.0,0.0,0.0,0.0,0.0,1.0,0.0,0.0,1.0,1.0,0.0,1.0,1.0,0.0,1.0,2.0,0.0,1.0,0.0,0.0,0.0,2.0,0.0,4.0,0.0,5.0,1.0,1.0,1.0,3.0,2.0,0.0,1.0,0.0,0.0,2.0,1.0,0.0,1.0,1.0,0.0,0.0,0.0,1.0,0.0,0.0,3.0,1.0,0.0,0.0,0.0,1.0,0.0,0.0,8.0,1.0,1.0,2.0,1.0,1.0,2.0,1.0,0.0,0.0,0.0,0.0,1.0,1.0,0.0,2.0,0.0,2.0,0.0,0.0,2.0,0.0,0.0,0.0,0.0,1.0,1.0,0.0,2.0,0.0,4.0,5.0,0.0,0.0,0.0,2.0,2.0,1.0,0.0,0.0,0.0,0.0,1.0,1.0,2.0,0.0,3.0,4.0,2.0,2.0,1.0,0.0,1.0,0.0,0.0,1.0,1.0,2.0,0.0,1.0,0.0,1.0,6.0,0.0,2.0,2.0,0.0,1.0,0.0,0.0,0.0,2.0,1.0,1.0,2.0,1.0,0.0,0.0,0.0,0.0,0.0,1.0,1.0,0.0,0.0,1.0,2.0,0.0,1.0,0.0,1.0,1.0,0.0,9.0,0.0,1.0,0.0,0.0,0.0,0.0,0.0,0.0,0.0,0.0,2.0,1.0,1.0,0.0,2.0,1.0,1.0,0.0,1.0,1.0,0.0,1.0,1.0,0.0,0.0,2.0,1.0,0.0,0.0,2.0,5.0,1
228,1446.0907455528782,75481.79215,1.793910212595919,315.8345518521296,0.30091078366078355,0.11574748677248678,3.83,-0.015130186955810157,50.0,2.0,5.0,5.0,2.0,0.0,2.0,5.0,2.0,3.0,3.0,2.0,3.0,2.0,2.0,2.0,1.0,0.0,0.0,1.0,2.0,3.0,4.0,2.0,5.0,2.0,3.0,1.0,1.0,2.0,2.0,31.0,4.0,2.0,2.0,3.0,4.0,0.0,3.0,2.0,2.0,2.0,1.0,2.0,0.0,4.0,1.0,1.0,2.0,0.0,0.0,4.0,2.0,2.0,0.0,2.0,3.0,1.0,2.0,2.0,2.0,2.0,21.0,1.0,1.0,1.0,1.0,0.0,1.0,0.0,0.0,0.0,1.0,0.0,3.0,5.0,0.0,2.0,0.0,2.0,1.0,1.0,1.0,1.0,0.0,3.0,0.0,2.0,1.0,3.0,1.0,2.0,1.0,25.0,0.0,2.0,1.0,0.0,2.0,1.0,2.0,2.0,2.0,1.0,2.0,1.0,3.0,1.0,0.0,1.0,2.0,0.0,2.0,1.0,2.0,2.0,2.0,2.0,0.0,1.0,1.0,4.0,0.0,0.0,9.0,2.0,1.0,0.0,0.0,1.0,3.0,0.0,2.0,1.0,1.0,1.0,1.0,0.0,0.0,2.0,2.0,1.0,5.0,0.0,1.0,1.0,1.0,0.0,0.0,0.0,1.0,1.0,0.0,1.0,1.0,8.0,0.0,1.0,1.0,3.0,2.0,1.0,3.0,0.0,0.0,0.0,1.0,2.0,0.0,0.0,0.0,0.0,2.0,2.0,0.0,0.0,0.0,2.0,2.0,0.0,3.0,5.0,0.0,1.0,1.0,0.0,5.0,2.0,0.0,0.0,0.0,1.0,1.0,0.0,0.0,0.0,2.0,0.0,0.0,0.0,2.0,0.0,1.0,0.0,1.0,4.0,0.0,0.0,0.0,1.0,1.0,1.0,0.0,1.0,0.0,0.0,0.0,21.0,1.0,0.0,0.0,0.0,1.0,3.0,1.0,0.0,1.0,3.0,1.0,2.0,2.0,1.0,0.0,2.0,2.0,0.0,2.0,1.0,0.0,0.0,1.0,4.0,0.0,2.0,2.0,0.0,0.0,0.0,17.0,0.0,0.0,1.0,0.0,0.0,1.0,1.0,1.0,0.0,1.0,2.0,3.0,0.0,1.0,2.0,1.0,1.0,0.0,3.0,1.0,1.0,4.0,2.0,0.0,0.0,0.0,0.0,0.0,2.0,1.0,16.0,0.0,0.0,1.0,1.0,0.0,0.0,0.0,3.0,0.0,1.0,1.0,0.0,0.0,0.0,0.0,1.0,1.0,2.0,1.0,0.0,1.0,5.0,0.0,1.0,3.0,0.0,0.0,2.0,0.0,0.0,18.0,0.0,0.0,2.0,1.0,1.0,1.0,1.0,0.0,2.0,0.0,3.0,2.0,2.0,2.0,2.0,1.0,0.0,0.0,0.0,1.0,2.0,1.0,0.0,1.0,0.0,0.0,1.0,0.0,2.0,2.0,12.0,0.0,1.0,1.0,1.0,1.0,0.0,3.0,0.0,1.0,0.0,0.0,2.0,1.0,1.0,1.0,2.0,1.0,1.0,2.0,0.0,2.0,2.0,2.0,2.0,2.0,1.0,3.0,2.0,1.0,1.0,41.0,4.0,5.0,2.0,4.0,0.0,1.0,3.0,2.0,2.0,1.0,1.0,0.0,2.0,2.0,3.0,0.0,3.0,3.0,2.0,0.0,0.0,1.0,3.0,1.0,2.0,1.0,0.0,1.0,2.0,4.0,16.0,1.0,1.0,1.0,1.0,0.0,1.0,2.0,1.0,0.0,1.0,0.0,1.0,0.0,0.0,2.0,0.0,2.0,0.0,1.0,2.0,1.0,1.0,3.0,1.0,1.0,0.0,0.0,2.0,5.0,0.0,18.0,0.0,1.0,0.0,2.0,0.0,2.0,0.0,2.0,1.0,2.0,0.0,1.0,2.0,2.0,0.0,5.0,1.0,2.0,3.0,0.0,0.0,0.0,1.0,2.0,0.0,2.0,1.0,4.0,1.0,0.0,14.0,2.0,1.0,3.0,2.0,2.0,0.0,1.0,2.0,1.0,0.0,1.0,2.0,0.0,0.0,4.0,4.0,1.0,2.0,1.0,1.0,1.0,0.0,3.0,2.0,2.0,0.0,3.0,1.0,0.0,1.0,11.0,0.0,1.0,1.0,0.0,0.0,1.0,1.0,1.0,0.0,0.0,1.0,0.0,0.0,3.0,1.0,1.0,3.0,1.0,0.0,1.0,0.0,0.0,1.0,1.0,0.0,1.0,1.0,0.0,1.0,0.0,12.0,0.0,0.0,1.0,2.0,1.0,0.0,1.0,0.0,1.0,0.0,1.0,0.0,4.0,0.0,1.0,1.0,1.0,0.0,1.0,1.0,0.0,1.0,1.0,2.0,2.0,1.0,0.0,2.0,0.0,1.0,15.0,2.0,1.0,0.0,0.0,1.0,1.0,3.0,0.0,2.0,0.0,1.0,2.0,2.0,2.0,1.0,2.0,2.0,0.0,1.0,0.0,1.0,0.0,1.0,3.0,1.0,2.0,2.0,2.0,0.0,0.0,18.0,0.0,1.0,1.0,0.0,1.0,2.0,0.0,0.0,0.0,0.0,4.0,1.0,3.0,2.0,0.0,0.0,1.0,0.0,1.0,1.0,1.0,3.0,3.0,0.0,2.0,2.0,0.0,1.0,1.0,1.0,15.0,1.0,1.0,3.0,0.0,0.0,1.0,0.0,2.0,0.0,4.0,2.0,3.0,0.0,0.0,1.0,0.0,1.0,2.0,0.0,1.0,1.0,0.0,0.0,0.0,1.0,0.0,1.0,0.0,0.0,3.0,12.0,1.0,2.0,1.0,1.0,0.0,1.0,0.0,0.0,5.0,2.0,1.0,1.0,2.0,2.0,1.0,1.0,1.0,0.0,1.0,1.0,3.0,3.0,3.0,1.0,0.0,2.0,0.0,3.0,0.0,1.0,20.0,4.0,2.0,0.0,1.0,1.0,0.0,1.0,1.0,0.0,0.0,1.0,2.0,0.0,2.0,0.0,0.0,0.0,2.0,1.0,0.0,0.0,2.0,4.0,3.0,0.0,2.0,0.0,2.0,2.0,5.0,33.0,1.0,2.0,1.0,3.0,3.0,2.0,2.0,1.0,0.0,4.0,1.0,0.0,0.0,3.0,0.0,0.0,1.0,2.0,2.0,1.0,2.0,2.0,1.0,2.0,1.0,0.0,2.0,1.0,2.0,0.0,16.0,0.0,0.0,2.0,2.0,0.0,1.0,4.0,1.0,1.0,2.0,0.0,2.0,0.0,1.0,1.0,1.0,0.0,2.0,2.0,1.0,1.0,1.0,0.0,4.0,0.0,0.0,1.0,0.0,1.0,2.0,17.0,1.0,1.0,1.0,2.0,1.0,1.0,1.0,1.0,2.0,0.0,1.0,0.0,2.0,1.0,0.0,1.0,1.0,1.0,1.0,1.0,0.0,0.0,2.0,1.0,0.0,0.0,0.0,3.0,1.0,2.0,19.0,0.0,1.0,0.0,3.0,3.0,2.0,0.0,0.0,2.0,0.0,0.0,1.0,0.0,1.0,0.0,3.0,1.0,2.0,2.0,2.0,0.0,2.0,0.0,1.0,1.0,2.0,0.0,2.0,2.0,1.0,22.0,0.0,1.0,1.0,1.0,1.0,0.0,0.0,3.0,0.0,1.0,0.0,0.0,1.0,0.0,1.0,1.0,1.0,0.0,0.0,0.0,2.0,1.0,0.0,0.0,3.0,4.0,0.0,0.0,1.0,0.0,15.0,1.0,2.0,0.0,2.0,1.0,0.0,1.0,0.0,0.0,0.0,0.0,1.0,0.0,3.0,1.0,0.0,0.0,1.0,0.0,2.0,1.0,1.0,0.0,2.0,1.0,3.0,0.0,0.0,0.0,0.0,11.0,1
229,1913.3313326025534,124511.02394999997,2.108419273311851,256.97050729013847,0.18802272727272723,0.10590033670033669,5.21,0.04243487073994502,28.0,1.0,4.0,3.0,4.0,3.0,2.0,2.0,3.0,1.0,3.0,2.0,2.0,2.0,2.0,3.0,0.0,2.0,2.0,2.0,2.0,1.0,5.0,0.0,0.0,2.0,5.0,2.0,3.0,1.0,1.0,25.0,6.0,1.0,7.0,2.0,4.0,0.0,2.0,2.0,3.0,2.0,1.0,1.0,1.0,6.0,2.0,3.0,2.0,3.0,3.0,2.0,2.0,6.0,3.0,1.0,2.0,2.0,1.0,1.0,2.0,5.0,23.0,1.0,3.0,2.0,0.0,0.0,5.0,0.0,0.0,0.0,3.0,2.0,3.0,1.0,1.0,1.0,0.0,3.0,3.0,4.0,0.0,2.0,3.0,1.0,2.0,1.0,0.0,2.0,1.0,2.0,0.0,20.0,0.0,1.0,0.0,0.0,1.0,1.0,2.0,3.0,3.0,1.0,5.0,1.0,0.0,0.0,4.0,0.0,0.0,1.0,2.0,2.0,4.0,2.0,0.0,1.0,1.0,5.0,2.0,4.0,2.0,0.0,17.0,0.0,2.0,0.0,0.0,0.0,1.0,2.0,1.0,1.0,1.0,1.0,1.0,2.0,2.0,2.0,2.0,2.0,2.0,4.0,2.0,2.0,1.0,1.0,1.0,3.0,1.0,6.0,0.0,3.0,1.0,19.0,1.0,0.0,1.0,1.0,0.0,0.0,4.0,1.0,0.0,1.0,1.0,3.0,0.0,0.0,0.0,1.0,2.0,1.0,2.0,1.0,1.0,2.0,2.0,0.0,1.0,2.0,3.0,0.0,2.0,2.0,13.0,1.0,0.0,0.0,0.0,2.0,3.0,2.0,1.0,0.0,0.0,1.0,1.0,2.0,1.0,1.0,0.0,3.0,1.0,0.0,2.0,0.0,1.0,2.0,1.0,0.0,2.0,2.0,1.0,1.0,0.0,7.0,1.0,1.0,0.0,2.0,3.0,0.0,0.0,0.0,1.0,0.0,0.0,0.0,1.0,4.0,0.0,1.0,2.0,0.0,1.0,3.0,0.0,0.0,7.0,3.0,3.0,1.0,1.0,1.0,1.0,0.0,11.0,0.0,0.0,0.0,1.0,1.0,0.0,0.0,0.0,2.0,2.0,1.0,0.0,3.0,3.0,3.0,0.0,1.0,0.0,4.0,1.0,0.0,2.0,2.0,2.0,2.0,2.0,1.0,0.0,0.0,1.0,21.0,1.0,1.0,1.0,1.0,3.0,0.0,2.0,0.0,1.0,4.0,1.0,1.0,0.0,1.0,1.0,0.0,2.0,1.0,0.0,2.0,1.0,4.0,1.0,0.0,1.0,1.0,2.0,0.0,0.0,2.0,18.0,1.0,2.0,1.0,0.0,1.0,0.0,0.0,1.0,1.0,1.0,3.0,2.0,4.0,2.0,0.0,1.0,3.0,0.0,2.0,3.0,3.0,3.0,2.0,0.0,0.0,1.0,2.0,2.0,2.0,1.0,7.0,2.0,0.0,0.0,1.0,0.0,0.0,1.0,0.0,2.0,0.0,0.0,0.0,1.0,1.0,0.0,0.0,3.0,2.0,5.0,2.0,3.0,2.0,1.0,2.0,0.0,6.0,5.0,3.0,1.0,0.0,33.0,3.0,2.0,0.0,2.0,2.0,0.0,3.0,3.0,1.0,0.0,2.0,2.0,1.0,3.0,5.0,1.0,3.0,5.0,3.0,1.0,0.0,1.0,1.0,1.0,2.0,0.0,0.0,3.0,1.0,3.0,9.0,0.0,0.0,1.0,0.0,1.0,0.0,0.0,1.0,4.0,5.0,1.0,1.0,2.0,1.0,0.0,0.0,6.0,3.0,0.0,4.0,1.0,2.0,1.0,3.0,0.0,3.0,1.0,1.0,1.0,0.0,14.0,0.0,1.0,1.0,0.0,0.0,3.0,0.0,1.0,3.0,2.0,1.0,1.0,2.0,1.0,0.0,4.0,2.0,0.0,1.0,1.0,0.0,3.0,0.0,0.0,0.0,2.0,1.0,2.0,0.0,2.0,10.0,1.0,2.0,3.0,0.0,0.0,1.0,2.0,0.0,1.0,3.0,0.0,2.0,0.0,0.0,2.0,1.0,1.0,1.0,2.0,1.0,1.0,1.0,0.0,0.0,2.0,0.0,2.0,0.0,0.0,0.0,4.0,3.0,0.0,0.0,0.0,0.0,1.0,2.0,1.0,0.0,0.0,0.0,0.0,0.0,5.0,2.0,0.0,1.0,0.0,1.0,1.0,0.0,2.0,1.0,0.0,1.0,4.0,1.0,1.0,1.0,0.0,12.0,1.0,0.0,1.0,0.0,0.0,2.0,2.0,2.0,1.0,2.0,2.0,0.0,1.0,5.0,2.0,0.0,1.0,0.0,0.0,3.0,1.0,0.0,1.0,0.0,5.0,1.0,0.0,0.0,0.0,0.0,9.0,0.0,2.0,0.0,1.0,2.0,4.0,0.0,0.0,2.0,1.0,0.0,2.0,1.0,1.0,2.0,2.0,1.0,1.0,0.0,0.0,4.0,1.0,0.0,2.0,0.0,1.0,1.0,1.0,1.0,0.0,13.0,0.0,0.0,1.0,2.0,1.0,1.0,3.0,0.0,0.0,0.0,1.0,4.0,0.0,2.0,1.0,0.0,1.0,1.0,1.0,1.0,1.0,2.0,0.0,1.0,1.0,1.0,1.0,1.0,1.0,0.0,14.0,1.0,0.0,1.0,2.0,4.0,2.0,5.0,2.0,1.0,1.0,2.0,1.0,0.0,2.0,4.0,0.0,0.0,3.0,1.0,1.0,0.0,2.0,1.0,1.0,2.0,0.0,1.0,3.0,1.0,2.0,19.0,1.0,1.0,3.0,3.0,2.0,1.0,1.0,0.0,0.0,3.0,0.0,0.0,3.0,0.0,3.0,1.0,1.0,3.0,2.0,1.0,3.0,4.0,0.0,1.0,0.0,0.0,0.0,1.0,1.0,1.0,14.0,1.0,2.0,2.0,3.0,4.0,1.0,0.0,3.0,1.0,3.0,4.0,2.0,2.0,1.0,1.0,1.0,1.0,2.0,2.0,4.0,0.0,5.0,2.0,2.0,1.0,2.0,1.0,2.0,3.0,5.0,24.0,1.0,0.0,1.0,3.0,0.0,0.0,1.0,0.0,2.0,3.0,1.0,2.0,5.0,0.0,2.0,0.0,1.0,1.0,0.0,4.0,5.0,3.0,0.0,0.0,1.0,2.0,2.0,4.0,1.0,0.0,25.0,1.0,2.0,2.0,0.0,4.0,0.0,1.0,3.0,3.0,0.0,0.0,1.0,1.0,4.0,3.0,1.0,1.0,2.0,2.0,1.0,1.0,0.0,0.0,1.0,0.0,0.0,1.0,3.0,1.0,0.0,23.0,0.0,0.0,0.0,0.0,1.0,0.0,2.0,1.0,1.0,1.0,1.0,0.0,1.0,1.0,1.0,1.0,1.0,4.0,3.0,2.0,1.0,3.0,1.0,0.0,2.0,3.0,0.0,3.0,1.0,0.0,16.0,1.0,1.0,1.0,2.0,6.0,0.0,3.0,3.0,2.0,1.0,2.0,2.0,2.0,2.0,3.0,0.0,0.0,3.0,0.0,2.0,4.0,2.0,0.0,3.0,0.0,2.0,2.0,4.0,0.0,0.0,21.0,0.0,1.0,0.0,3.0,1.0,0.0,1.0,2.0,0.0,0.0,0.0,1.0,2.0,1.0,2.0,2.0,1.0,2.0,0.0,0.0,0.0,1.0,1.0,1.0,0.0,0.0,1.0,0.0,1.0,0.0,8.0,0.0,3.0,1.0,4.0,1.0,0.0,1.0,0.0,1.0,0.0,1.0,2.0,1.0,4.0,2.0,0.0,2.0,0.0,1.0,0.0,2.0,1.0,0.0,1.0,1.0,0.0,0.0,0.0,1.0,0.0,12.0,1
231,2376.2312462300406,108833.22635000001,2.1152915440731577,267.25148670382765,0.18520041070041074,0.14047522292522294,3.34,-0.08006383361407961,18.0,2.0,1.0,7.0,8.0,0.0,4.0,1.0,0.0,0.0,2.0,1.0,0.0,2.0,0.0,1.0,1.0,4.0,3.0,1.0,1.0,5.0,2.0,4.0,3.0,3.0,2.0,0.0,6.0,3.0,2.0,13.0,5.0,3.0,3.0,3.0,2.0,1.0,5.0,3.0,8.0,2.0,2.0,2.0,2.0,1.0,7.0,3.0,1.0,4.0,2.0,2.0,1.0,3.0,2.0,3.0,2.0,1.0,3.0,4.0,3.0,2.0,6.0,1.0,1.0,2.0,1.0,1.0,1.0,3.0,3.0,1.0,5.0,3.0,2.0,3.0,1.0,4.0,0.0,0.0,1.0,1.0,1.0,0.0,1.0,3.0,0.0,2.0,1.0,0.0,2.0,3.0,1.0,8.0,1.0,0.0,0.0,0.0,0.0,3.0,0.0,3.0,0.0,1.0,4.0,1.0,1.0,0.0,4.0,3.0,2.0,2.0,1.0,0.0,1.0,1.0,1.0,4.0,0.0,1.0,1.0,0.0,2.0,0.0,5.0,1.0,0.0,0.0,0.0,0.0,2.0,0.0,4.0,2.0,2.0,1.0,0.0,2.0,2.0,0.0,2.0,2.0,2.0,4.0,0.0,1.0,2.0,1.0,0.0,1.0,2.0,4.0,1.0,0.0,0.0,6.0,6.0,0.0,0.0,0.0,1.0,1.0,2.0,0.0,0.0,3.0,1.0,1.0,1.0,0.0,1.0,2.0,0.0,5.0,2.0,2.0,1.0,0.0,1.0,1.0,3.0,1.0,1.0,0.0,2.0,0.0,2.0,1.0,1.0,1.0,0.0,0.0,2.0,0.0,1.0,1.0,2.0,0.0,3.0,0.0,1.0,4.0,2.0,2.0,1.0,3.0,1.0,1.0,0.0,1.0,1.0,1.0,1.0,1.0,2.0,1.0,1.0,7.0,0.0,3.0,2.0,0.0,5.0,0.0,3.0,0.0,1.0,1.0,0.0,0.0,0.0,0.0,0.0,0.0,4.0,1.0,2.0,1.0,1.0,0.0,5.0,6.0,0.0,1.0,1.0,0.0,0.0,1.0,6.0,0.0,1.0,0.0,0.0,2.0,0.0,3.0,1.0,0.0,0.0,1.0,0.0,2.0,1.0,1.0,2.0,0.0,1.0,2.0,0.0,2.0,4.0,5.0,1.0,0.0,0.0,2.0,1.0,2.0,0.0,5.0,1.0,2.0,1.0,0.0,0.0,0.0,2.0,0.0,0.0,2.0,3.0,2.0,0.0,2.0,3.0,2.0,2.0,1.0,1.0,1.0,2.0,5.0,5.0,0.0,0.0,2.0,1.0,2.0,2.0,0.0,6.0,1.0,0.0,1.0,0.0,2.0,1.0,0.0,2.0,1.0,7.0,0.0,4.0,6.0,1.0,0.0,2.0,3.0,0.0,2.0,2.0,4.0,3.0,0.0,0.0,0.0,0.0,2.0,0.0,1.0,1.0,3.0,1.0,5.0,1.0,1.0,0.0,0.0,3.0,2.0,1.0,0.0,1.0,1.0,3.0,1.0,3.0,0.0,0.0,0.0,3.0,1.0,1.0,3.0,1.0,2.0,3.0,1.0,0.0,2.0,1.0,2.0,5.0,1.0,2.0,1.0,1.0,4.0,1.0,2.0,1.0,0.0,4.0,0.0,1.0,3.0,4.0,4.0,2.0,3.0,0.0,2.0,1.0,0.0,1.0,3.0,0.0,2.0,1.0,0.0,0.0,0.0,4.0,8.0,2.0,0.0,3.0,1.0,1.0,1.0,1.0,1.0,1.0,1.0,1.0,1.0,3.0,2.0,3.0,0.0,3.0,1.0,2.0,0.0,0.0,0.0,2.0,0.0,0.0,1.0,2.0,0.0,1.0,2.0,4.0,0.0,1.0,1.0,3.0,3.0,0.0,0.0,1.0,4.0,5.0,3.0,0.0,3.0,0.0,1.0,1.0,1.0,1.0,4.0,1.0,1.0,2.0,1.0,0.0,2.0,1.0,0.0,1.0,0.0,1.0,2.0,2.0,2.0,1.0,2.0,1.0,0.0,0.0,1.0,2.0,2.0,2.0,0.0,2.0,2.0,5.0,4.0,1.0,2.0,1.0,1.0,1.0,0.0,3.0,0.0,1.0,3.0,1.0,1.0,0.0,2.0,2.0,5.0,1.0,1.0,2.0,0.0,1.0,0.0,1.0,0.0,0.0,0.0,0.0,1.0,3.0,4.0,0.0,1.0,1.0,3.0,2.0,0.0,0.0,1.0,1.0,0.0,3.0,0.0,2.0,2.0,0.0,8.0,1.0,0.0,2.0,2.0,1.0,2.0,4.0,3.0,4.0,3.0,3.0,3.0,3.0,2.0,1.0,3.0,3.0,0.0,2.0,3.0,1.0,1.0,2.0,1.0,0.0,1.0,0.0,1.0,0.0,2.0,2.0,1.0,1.0,0.0,0.0,1.0,1.0,0.0,2.0,2.0,3.0,3.0,0.0,5.0,2.0,1.0,2.0,1.0,0.0,0.0,1.0,2.0,2.0,1.0,3.0,1.0,2.0,1.0,0.0,1.0,0.0,4.0,0.0,3.0,2.0,0.0,0.0,1.0,1.0,0.0,1.0,2.0,1.0,6.0,2.0,0.0,0.0,1.0,1.0,1.0,2.0,1.0,3.0,2.0,1.0,2.0,0.0,0.0,0.0,2.0,0.0,0.0,6.0,0.0,3.0,2.0,4.0,4.0,0.0,1.0,0.0,1.0,1.0,3.0,3.0,1.0,1.0,1.0,0.0,0.0,3.0,0.0,0.0,1.0,2.0,1.0,2.0,1.0,0.0,2.0,2.0,1.0,5.0,6.0,0.0,2.0,0.0,0.0,2.0,0.0,0.0,0.0,1.0,0.0,2.0,2.0,0.0,4.0,0.0,0.0,2.0,1.0,3.0,1.0,1.0,1.0,1.0,1.0,1.0,1.0,2.0,0.0,2.0,1.0,7.0,0.0,1.0,2.0,1.0,2.0,0.0,1.0,2.0,3.0,2.0,3.0,0.0,0.0,2.0,3.0,0.0,0.0,4.0,3.0,1.0,1.0,4.0,1.0,1.0,5.0,3.0,2.0,0.0,0.0,1.0,9.0,0.0,0.0,2.0,3.0,1.0,1.0,1.0,6.0,1.0,2.0,1.0,3.0,1.0,2.0,3.0,1.0,3.0,1.0,1.0,1.0,2.0,1.0,1.0,1.0,2.0,1.0,3.0,1.0,2.0,1.0,9.0,3.0,2.0,1.0,0.0,1.0,3.0,5.0,0.0,2.0,0.0,3.0,0.0,3.0,0.0,1.0,2.0,4.0,4.0,2.0,1.0,0.0,1.0,1.0,0.0,2.0,0.0,0.0,1.0,2.0,2.0,6.0,3.0,0.0,0.0,5.0,5.0,1.0,1.0,2.0,2.0,1.0,1.0,2.0,2.0,5.0,2.0,0.0,2.0,2.0,2.0,1.0,3.0,5.0,1.0,3.0,0.0,1.0,0.0,0.0,1.0,2.0,12.0,0.0,0.0,0.0,1.0,1.0,1.0,0.0,0.0,1.0,0.0,1.0,6.0,2.0,0.0,3.0,3.0,0.0,1.0,3.0,3.0,0.0,3.0,0.0,1.0,1.0,2.0,2.0,1.0,2.0,0.0,8.0,2.0,0.0,5.0,1.0,1.0,0.0,1.0,2.0,1.0,1.0,0.0,4.0,0.0,2.0,2.0,0.0,0.0,2.0,0.0,1.0,0.0,1.0,0.0,2.0,0.0,2.0,0.0,0.0,0.0,2.0,3.0,1.0,2.0,3.0,3.0,1.0,1.0,0.0,1.0,1.0,0.0,2.0,4.0,1.0,2.0,2.0,2.0,2.0,3.0,2.0,0.0,2.0,0.0,0.0,0.0,0.0,2.0,1.0,2.0,1.0,1.0,3.0,1
232,1741.0231002512048,67686.441,1.5851313787793528,301.8404405349124,0.43755042180042203,0.3173623136123135,2.35,-0.1965996631670971,27.0,0.0,0.0,1.0,3.0,2.0,1.0,2.0,3.0,4.0,3.0,6.0,0.0,3.0,0.0,0.0,1.0,1.0,2.0,11.0,2.0,2.0,2.0,2.0,1.0,2.0,4.0,5.0,1.0,6.0,0.0,14.0,2.0,2.0,1.0,5.0,1.0,1.0,1.0,1.0,5.0,1.0,1.0,1.0,0.0,0.0,1.0,4.0,1.0,1.0,7.0,3.0,0.0,1.0,0.0,1.0,1.0,3.0,3.0,1.0,3.0,0.0,6.0,0.0,0.0,4.0,0.0,0.0,1.0,0.0,1.0,1.0,1.0,0.0,0.0,1.0,0.0,2.0,1.0,2.0,0.0,0.0,0.0,0.0,1.0,3.0,4.0,0.0,2.0,0.0,0.0,1.0,0.0,7.0,0.0,1.0,0.0,1.0,0.0,0.0,1.0,2.0,1.0,1.0,0.0,3.0,0.0,0.0,1.0,2.0,1.0,2.0,1.0,2.0,2.0,1.0,2.0,1.0,3.0,0.0,3.0,3.0,0.0,1.0,16.0,1.0,1.0,2.0,0.0,0.0,3.0,0.0,2.0,0.0,5.0,0.0,0.0,2.0,3.0,2.0,3.0,0.0,0.0,0.0,1.0,3.0,0.0,3.0,0.0,1.0,2.0,6.0,5.0,0.0,1.0,6.0,1.0,1.0,1.0,0.0,2.0,0.0,3.0,2.0,2.0,0.0,1.0,6.0,0.0,0.0,0.0,1.0,3.0,2.0,1.0,1.0,1.0,1.0,1.0,2.0,2.0,0.0,0.0,0.0,1.0,2.0,5.0,1.0,0.0,0.0,0.0,0.0,0.0,0.0,0.0,0.0,0.0,1.0,2.0,0.0,0.0,1.0,0.0,1.0,5.0,1.0,0.0,1.0,0.0,0.0,4.0,0.0,0.0,2.0,0.0,1.0,0.0,14.0,2.0,1.0,3.0,1.0,3.0,2.0,1.0,0.0,3.0,3.0,1.0,0.0,0.0,0.0,0.0,0.0,2.0,0.0,5.0,2.0,0.0,1.0,3.0,1.0,1.0,0.0,1.0,0.0,0.0,1.0,5.0,0.0,0.0,0.0,4.0,1.0,0.0,2.0,0.0,1.0,0.0,0.0,0.0,2.0,0.0,1.0,0.0,5.0,2.0,0.0,1.0,2.0,4.0,0.0,0.0,0.0,2.0,1.0,0.0,2.0,3.0,6.0,2.0,3.0,2.0,3.0,0.0,0.0,1.0,2.0,0.0,0.0,1.0,1.0,0.0,0.0,0.0,1.0,2.0,1.0,0.0,1.0,0.0,4.0,2.0,1.0,3.0,0.0,0.0,0.0,0.0,3.0,12.0,2.0,0.0,1.0,0.0,2.0,0.0,3.0,1.0,0.0,1.0,1.0,0.0,1.0,2.0,1.0,1.0,3.0,1.0,3.0,3.0,1.0,0.0,1.0,0.0,1.0,0.0,2.0,1.0,1.0,1.0,13.0,0.0,0.0,3.0,1.0,0.0,1.0,1.0,0.0,1.0,0.0,0.0,2.0,8.0,0.0,2.0,0.0,2.0,1.0,4.0,2.0,1.0,4.0,1.0,3.0,1.0,2.0,5.0,3.0,0.0,0.0,26.0,2.0,1.0,1.0,0.0,5.0,1.0,2.0,1.0,3.0,4.0,2.0,2.0,0.0,1.0,5.0,2.0,3.0,3.0,1.0,1.0,1.0,1.0,2.0,0.0,2.0,1.0,4.0,1.0,1.0,2.0,10.0,0.0,0.0,1.0,3.0,2.0,0.0,2.0,0.0,0.0,1.0,0.0,6.0,1.0,2.0,2.0,1.0,4.0,2.0,0.0,0.0,0.0,2.0,0.0,0.0,0.0,0.0,1.0,2.0,1.0,1.0,5.0,0.0,1.0,0.0,3.0,0.0,1.0,1.0,1.0,0.0,1.0,1.0,3.0,1.0,0.0,1.0,0.0,0.0,0.0,3.0,0.0,0.0,0.0,1.0,0.0,1.0,1.0,1.0,2.0,0.0,1.0,3.0,0.0,0.0,4.0,1.0,2.0,1.0,1.0,1.0,1.0,2.0,0.0,4.0,0.0,2.0,2.0,0.0,1.0,0.0,0.0,2.0,0.0,1.0,1.0,0.0,0.0,0.0,2.0,0.0,1.0,1.0,3.0,1.0,0.0,0.0,1.0,1.0,0.0,3.0,2.0,3.0,2.0,0.0,0.0,1.0,1.0,2.0,1.0,0.0,1.0,7.0,0.0,2.0,0.0,1.0,2.0,1.0,6.0,5.0,0.0,3.0,1.0,13.0,3.0,1.0,1.0,1.0,1.0,0.0,1.0,1.0,3.0,1.0,1.0,2.0,1.0,2.0,0.0,1.0,3.0,0.0,1.0,0.0,2.0,2.0,2.0,0.0,2.0,2.0,1.0,1.0,0.0,2.0,11.0,1.0,0.0,0.0,0.0,1.0,1.0,1.0,2.0,2.0,3.0,1.0,6.0,1.0,3.0,0.0,2.0,1.0,2.0,0.0,0.0,1.0,0.0,0.0,3.0,1.0,0.0,0.0,0.0,0.0,1.0,18.0,0.0,1.0,2.0,0.0,0.0,0.0,2.0,1.0,3.0,0.0,1.0,4.0,1.0,2.0,6.0,1.0,0.0,1.0,0.0,0.0,2.0,0.0,4.0,1.0,0.0,1.0,2.0,1.0,0.0,0.0,18.0,0.0,1.0,4.0,1.0,2.0,0.0,0.0,0.0,0.0,1.0,4.0,0.0,0.0,1.0,1.0,1.0,0.0,1.0,2.0,0.0,0.0,1.0,1.0,1.0,1.0,1.0,0.0,2.0,0.0,1.0,6.0,2.0,2.0,1.0,2.0,1.0,1.0,0.0,1.0,3.0,3.0,1.0,1.0,0.0,1.0,0.0,0.0,0.0,2.0,1.0,1.0,3.0,1.0,2.0,1.0,0.0,1.0,1.0,2.0,1.0,0.0,5.0,2.0,0.0,1.0,0.0,0.0,1.0,3.0,2.0,2.0,0.0,1.0,3.0,1.0,0.0,0.0,0.0,0.0,0.0,1.0,0.0,0.0,2.0,3.0,2.0,3.0,0.0,1.0,1.0,5.0,4.0,10.0,0.0,0.0,3.0,0.0,1.0,0.0,3.0,0.0,1.0,2.0,3.0,2.0,5.0,3.0,0.0,0.0,0.0,2.0,2.0,2.0,0.0,1.0,1.0,2.0,0.0,0.0,3.0,0.0,0.0,0.0,19.0,0.0,1.0,0.0,2.0,1.0,2.0,1.0,0.0,3.0,1.0,3.0,0.0,2.0,4.0,1.0,2.0,1.0,1.0,5.0,2.0,2.0,0.0,1.0,1.0,0.0,3.0,1.0,0.0,1.0,0.0,24.0,0.0,0.0,1.0,2.0,3.0,2.0,4.0,1.0,0.0,0.0,1.0,4.0,1.0,1.0,0.0,1.0,5.0,2.0,1.0,0.0,4.0,2.0,0.0,1.0,0.0,2.0,4.0,2.0,2.0,0.0,13.0,0.0,1.0,0.0,4.0,3.0,1.0,1.0,2.0,2.0,2.0,1.0,0.0,1.0,2.0,2.0,8.0,0.0,3.0,0.0,1.0,0.0,1.0,0.0,1.0,0.0,0.0,3.0,1.0,0.0,0.0,30.0,0.0,0.0,1.0,1.0,1.0,1.0,2.0,0.0,1.0,3.0,1.0,2.0,1.0,2.0,2.0,2.0,0.0,3.0,0.0,1.0,1.0,2.0,0.0,0.0,2.0,0.0,0.0,0.0,0.0,2.0,9.0,1.0,5.0,3.0,1.0,0.0,1.0,0.0,0.0,2.0,0.0,1.0,0.0,2.0,0.0,2.0,1.0,2.0,3.0,1.0,1.0,1.0,2.0,0.0,4.0,1.0,0.0,2.0,1.0,0.0,1.0,5.0,1
234,2320.74488877864,131319.03325,2.0880744191655527,291.24246509162504,0.1844534909534909,0.1444515068265068,3.88,-0.026106029712594295,10.0,0.0,3.0,2.0,1.0,4.0,4.0,3.0,3.0,3.0,2.0,3.0,0.0,1.0,4.0,2.0,2.0,0.0,4.0,1.0,1.0,2.0,3.0,3.0,2.0,1.0,0.0,2.0,1.0,3.0,0.0,11.0,3.0,5.0,3.0,2.0,0.0,0.0,1.0,2.0,0.0,0.0,2.0,4.0,3.0,3.0,1.0,6.0,2.0,0.0,2.0,2.0,0.0,3.0,2.0,6.0,0.0,1.0,4.0,0.0,3.0,2.0,19.0,3.0,1.0,4.0,2.0,3.0,2.0,2.0,1.0,1.0,5.0,0.0,1.0,0.0,1.0,0.0,3.0,3.0,1.0,1.0,1.0,4.0,1.0,2.0,4.0,0.0,0.0,2.0,3.0,0.0,0.0,12.0,2.0,0.0,0.0,1.0,3.0,2.0,4.0,2.0,4.0,3.0,1.0,4.0,0.0,0.0,1.0,1.0,3.0,2.0,2.0,1.0,3.0,2.0,2.0,0.0,2.0,1.0,3.0,1.0,3.0,3.0,11.0,2.0,1.0,0.0,1.0,0.0,2.0,0.0,2.0,0.0,1.0,3.0,2.0,0.0,1.0,0.0,2.0,1.0,1.0,0.0,1.0,2.0,2.0,1.0,1.0,0.0,2.0,5.0,2.0,0.0,0.0,18.0,2.0,1.0,3.0,2.0,2.0,1.0,5.0,1.0,1.0,1.0,2.0,1.0,0.0,0.0,1.0,0.0,2.0,3.0,1.0,4.0,0.0,1.0,0.0,0.0,1.0,3.0,0.0,2.0,1.0,2.0,8.0,2.0,0.0,0.0,0.0,0.0,0.0,1.0,0.0,1.0,0.0,1.0,3.0,2.0,1.0,2.0,3.0,4.0,0.0,2.0,1.0,0.0,1.0,0.0,2.0,4.0,1.0,1.0,0.0,1.0,1.0,9.0,1.0,2.0,2.0,2.0,0.0,1.0,5.0,2.0,2.0,2.0,0.0,1.0,1.0,1.0,0.0,2.0,2.0,2.0,0.0,0.0,1.0,3.0,3.0,3.0,3.0,1.0,2.0,2.0,0.0,3.0,10.0,0.0,0.0,1.0,3.0,1.0,0.0,1.0,1.0,1.0,1.0,3.0,1.0,1.0,0.0,0.0,2.0,2.0,3.0,1.0,0.0,0.0,4.0,3.0,2.0,0.0,1.0,0.0,0.0,1.0,1.0,7.0,2.0,2.0,1.0,2.0,1.0,2.0,0.0,0.0,0.0,3.0,3.0,0.0,1.0,0.0,1.0,2.0,1.0,1.0,1.0,0.0,1.0,5.0,2.0,1.0,0.0,3.0,0.0,2.0,1.0,2.0,7.0,0.0,2.0,0.0,1.0,1.0,1.0,2.0,0.0,0.0,2.0,1.0,2.0,1.0,2.0,0.0,0.0,2.0,1.0,0.0,3.0,2.0,2.0,2.0,4.0,0.0,0.0,2.0,1.0,0.0,1.0,3.0,4.0,0.0,1.0,0.0,0.0,1.0,1.0,2.0,0.0,0.0,1.0,0.0,1.0,0.0,2.0,1.0,0.0,0.0,2.0,1.0,2.0,2.0,1.0,0.0,1.0,1.0,4.0,2.0,2.0,3.0,18.0,3.0,6.0,2.0,4.0,0.0,1.0,3.0,1.0,1.0,3.0,0.0,5.0,1.0,2.0,2.0,5.0,4.0,2.0,1.0,0.0,1.0,0.0,3.0,3.0,3.0,0.0,0.0,0.0,0.0,4.0,7.0,0.0,2.0,1.0,0.0,0.0,0.0,3.0,1.0,2.0,1.0,2.0,1.0,1.0,0.0,2.0,0.0,3.0,2.0,3.0,3.0,3.0,2.0,1.0,1.0,0.0,2.0,1.0,2.0,1.0,1.0,9.0,1.0,1.0,1.0,2.0,3.0,2.0,2.0,4.0,0.0,0.0,2.0,2.0,3.0,1.0,0.0,5.0,3.0,2.0,4.0,0.0,2.0,0.0,0.0,3.0,0.0,0.0,1.0,2.0,0.0,1.0,8.0,1.0,0.0,2.0,2.0,1.0,1.0,0.0,1.0,2.0,1.0,3.0,0.0,2.0,0.0,0.0,2.0,3.0,1.0,1.0,0.0,0.0,1.0,0.0,2.0,2.0,0.0,4.0,1.0,1.0,0.0,3.0,1.0,0.0,0.0,1.0,2.0,0.0,3.0,2.0,1.0,1.0,1.0,0.0,0.0,2.0,3.0,1.0,0.0,2.0,3.0,1.0,0.0,1.0,1.0,0.0,1.0,1.0,0.0,0.0,0.0,1.0,4.0,0.0,1.0,1.0,2.0,0.0,3.0,2.0,2.0,2.0,1.0,4.0,0.0,3.0,1.0,0.0,3.0,2.0,1.0,1.0,1.0,2.0,2.0,0.0,2.0,3.0,0.0,2.0,1.0,0.0,1.0,8.0,0.0,2.0,0.0,0.0,2.0,0.0,0.0,3.0,2.0,2.0,2.0,1.0,2.0,2.0,0.0,0.0,1.0,1.0,1.0,0.0,3.0,0.0,0.0,2.0,0.0,2.0,2.0,1.0,2.0,4.0,8.0,1.0,0.0,2.0,1.0,0.0,1.0,4.0,4.0,2.0,0.0,2.0,2.0,6.0,3.0,1.0,0.0,1.0,1.0,1.0,1.0,0.0,0.0,0.0,2.0,2.0,1.0,1.0,0.0,1.0,2.0,10.0,0.0,1.0,3.0,0.0,1.0,0.0,2.0,0.0,4.0,1.0,1.0,2.0,1.0,1.0,1.0,1.0,0.0,0.0,0.0,2.0,3.0,2.0,1.0,1.0,1.0,1.0,2.0,0.0,1.0,0.0,4.0,0.0,4.0,0.0,1.0,1.0,0.0,2.0,1.0,2.0,2.0,3.0,1.0,2.0,2.0,1.0,2.0,4.0,0.0,0.0,2.0,2.0,0.0,4.0,1.0,0.0,1.0,1.0,1.0,1.0,1.0,8.0,4.0,1.0,1.0,1.0,0.0,1.0,0.0,2.0,1.0,1.0,0.0,0.0,1.0,6.0,0.0,1.0,1.0,2.0,1.0,1.0,2.0,3.0,0.0,3.0,3.0,1.0,2.0,2.0,2.0,3.0,14.0,0.0,0.0,1.0,4.0,4.0,0.0,1.0,0.0,2.0,3.0,1.0,1.0,1.0,6.0,1.0,1.0,2.0,0.0,0.0,2.0,1.0,2.0,0.0,1.0,1.0,2.0,0.0,1.0,3.0,1.0,10.0,0.0,2.0,6.0,0.0,2.0,2.0,1.0,1.0,1.0,3.0,1.0,1.0,2.0,1.0,3.0,4.0,0.0,2.0,1.0,0.0,1.0,0.0,1.0,1.0,2.0,2.0,1.0,2.0,0.0,5.0,12.0,0.0,2.0,1.0,1.0,3.0,1.0,1.0,0.0,2.0,1.0,1.0,3.0,1.0,1.0,3.0,0.0,3.0,2.0,1.0,3.0,2.0,6.0,3.0,4.0,0.0,1.0,0.0,0.0,2.0,1.0,18.0,0.0,0.0,0.0,2.0,3.0,1.0,2.0,1.0,3.0,0.0,0.0,1.0,0.0,1.0,2.0,5.0,4.0,1.0,1.0,1.0,1.0,1.0,1.0,1.0,0.0,0.0,1.0,2.0,0.0,2.0,11.0,2.0,0.0,2.0,3.0,1.0,3.0,1.0,1.0,2.0,2.0,1.0,0.0,0.0,2.0,2.0,0.0,5.0,0.0,0.0,1.0,2.0,0.0,0.0,2.0,2.0,2.0,1.0,2.0,3.0,1.0,18.0,0.0,0.0,0.0,1.0,1.0,0.0,0.0,1.0,0.0,1.0,1.0,0.0,0.0,2.0,0.0,0.0,1.0,1.0,0.0,2.0,0.0,1.0,1.0,3.0,0.0,1.0,2.0,2.0,1.0,1.0,6.0,1
236,1103.6951942694338,53227.57990000001,1.669030184929863,504.5046509601509,0.3153975468975469,0.108890873015873,3.8,-0.10262046288820996,18.0,2.0,5.0,2.0,2.0,2.0,1.0,1.0,5.0,0.0,0.0,3.0,3.0,3.0,0.0,2.0,1.0,1.0,2.0,0.0,1.0,4.0,2.0,1.0,0.0,0.0,1.0,1.0,1.0,0.0,1.0,13.0,1.0,3.0,1.0,2.0,0.0,1.0,1.0,1.0,0.0,2.0,2.0,3.0,2.0,3.0,1.0,3.0,1.0,1.0,2.0,3.0,1.0,2.0,1.0,0.0,2.0,2.0,0.0,2.0,1.0,0.0,6.0,0.0,1.0,0.0,0.0,0.0,0.0,0.0,0.0,1.0,2.0,0.0,2.0,0.0,1.0,4.0,0.0,3.0,1.0,2.0,1.0,0.0,0.0,1.0,1.0,2.0,3.0,2.0,0.0,4.0,1.0,11.0,0.0,1.0,0.0,0.0,0.0,2.0,0.0,2.0,0.0,0.0,3.0,0.0,0.0,2.0,1.0,2.0,0.0,1.0,1.0,0.0,2.0,1.0,2.0,0.0,1.0,2.0,1.0,2.0,0.0,0.0,6.0,1.0,0.0,0.0,2.0,0.0,0.0,1.0,1.0,0.0,1.0,0.0,1.0,3.0,1.0,1.0,1.0,1.0,0.0,0.0,0.0,0.0,0.0,2.0,0.0,0.0,2.0,1.0,0.0,1.0,0.0,5.0,0.0,3.0,1.0,1.0,1.0,1.0,3.0,1.0,3.0,3.0,0.0,0.0,0.0,0.0,1.0,0.0,0.0,3.0,1.0,1.0,1.0,1.0,0.0,0.0,3.0,2.0,0.0,0.0,0.0,1.0,5.0,2.0,0.0,0.0,0.0,0.0,1.0,1.0,1.0,0.0,0.0,0.0,0.0,1.0,0.0,1.0,1.0,0.0,0.0,0.0,1.0,0.0,0.0,0.0,1.0,2.0,1.0,1.0,0.0,1.0,1.0,6.0,0.0,0.0,0.0,3.0,1.0,0.0,0.0,0.0,1.0,1.0,0.0,1.0,1.0,0.0,0.0,3.0,2.0,0.0,1.0,1.0,1.0,2.0,7.0,2.0,0.0,0.0,1.0,2.0,0.0,0.0,8.0,0.0,1.0,0.0,0.0,0.0,0.0,0.0,0.0,0.0,2.0,2.0,0.0,0.0,0.0,1.0,1.0,1.0,2.0,1.0,0.0,0.0,2.0,0.0,1.0,3.0,0.0,0.0,0.0,1.0,0.0,5.0,0.0,4.0,1.0,0.0,0.0,0.0,0.0,0.0,0.0,0.0,1.0,0.0,2.0,0.0,1.0,1.0,0.0,0.0,0.0,1.0,1.0,3.0,0.0,3.0,0.0,0.0,0.0,0.0,0.0,0.0,6.0,2.0,1.0,0.0,1.0,1.0,1.0,1.0,0.0,2.0,0.0,0.0,0.0,1.0,0.0,0.0,1.0,0.0,1.0,1.0,0.0,2.0,1.0,0.0,2.0,0.0,1.0,3.0,2.0,1.0,1.0,7.0,3.0,0.0,0.0,1.0,1.0,1.0,1.0,1.0,0.0,0.0,0.0,1.0,3.0,0.0,1.0,3.0,1.0,3.0,1.0,2.0,2.0,2.0,3.0,3.0,0.0,1.0,1.0,1.0,2.0,1.0,10.0,0.0,2.0,2.0,0.0,4.0,2.0,3.0,1.0,1.0,2.0,2.0,2.0,2.0,3.0,1.0,0.0,0.0,2.0,1.0,0.0,1.0,1.0,1.0,0.0,0.0,1.0,1.0,1.0,1.0,1.0,5.0,0.0,0.0,1.0,1.0,0.0,0.0,2.0,0.0,0.0,0.0,1.0,0.0,0.0,1.0,1.0,0.0,2.0,2.0,0.0,1.0,1.0,2.0,0.0,2.0,3.0,2.0,0.0,1.0,3.0,0.0,13.0,2.0,1.0,2.0,1.0,1.0,1.0,1.0,0.0,2.0,2.0,1.0,0.0,1.0,0.0,0.0,1.0,0.0,0.0,0.0,1.0,3.0,0.0,0.0,2.0,0.0,0.0,0.0,1.0,2.0,2.0,6.0,1.0,1.0,1.0,2.0,0.0,0.0,2.0,2.0,2.0,0.0,1.0,0.0,0.0,2.0,1.0,1.0,0.0,0.0,1.0,2.0,0.0,1.0,1.0,1.0,0.0,0.0,1.0,0.0,0.0,2.0,7.0,0.0,1.0,0.0,1.0,0.0,1.0,0.0,1.0,0.0,1.0,0.0,0.0,0.0,1.0,3.0,1.0,1.0,0.0,0.0,1.0,1.0,0.0,1.0,2.0,0.0,4.0,0.0,1.0,1.0,1.0,8.0,1.0,0.0,1.0,0.0,2.0,0.0,0.0,4.0,3.0,1.0,0.0,1.0,2.0,1.0,0.0,1.0,2.0,0.0,1.0,1.0,0.0,1.0,0.0,1.0,0.0,1.0,0.0,1.0,0.0,1.0,3.0,0.0,0.0,0.0,1.0,2.0,2.0,1.0,0.0,1.0,2.0,0.0,5.0,0.0,3.0,3.0,0.0,1.0,2.0,1.0,0.0,0.0,2.0,0.0,0.0,1.0,0.0,0.0,2.0,0.0,1.0,7.0,0.0,1.0,0.0,1.0,1.0,0.0,2.0,1.0,1.0,0.0,0.0,1.0,3.0,0.0,0.0,1.0,1.0,1.0,0.0,1.0,1.0,2.0,2.0,0.0,1.0,0.0,0.0,0.0,1.0,1.0,6.0,0.0,1.0,2.0,0.0,0.0,2.0,0.0,0.0,1.0,0.0,3.0,2.0,1.0,0.0,3.0,0.0,0.0,1.0,0.0,0.0,1.0,3.0,0.0,1.0,2.0,0.0,0.0,0.0,2.0,1.0,5.0,1.0,0.0,3.0,0.0,0.0,1.0,0.0,1.0,2.0,2.0,1.0,1.0,1.0,1.0,2.0,1.0,0.0,0.0,1.0,0.0,3.0,1.0,2.0,0.0,0.0,1.0,0.0,0.0,0.0,0.0,11.0,3.0,0.0,0.0,0.0,1.0,0.0,0.0,2.0,0.0,0.0,0.0,2.0,1.0,1.0,1.0,0.0,1.0,1.0,2.0,0.0,0.0,5.0,2.0,0.0,1.0,0.0,0.0,2.0,2.0,3.0,4.0,0.0,0.0,1.0,0.0,2.0,1.0,1.0,3.0,2.0,1.0,0.0,0.0,2.0,1.0,1.0,0.0,1.0,1.0,3.0,1.0,1.0,1.0,0.0,0.0,1.0,1.0,1.0,0.0,0.0,2.0,9.0,0.0,1.0,0.0,2.0,0.0,0.0,2.0,1.0,0.0,0.0,0.0,0.0,0.0,0.0,1.0,1.0,0.0,0.0,1.0,0.0,1.0,0.0,1.0,3.0,0.0,2.0,1.0,1.0,0.0,0.0,4.0,0.0,0.0,0.0,0.0,3.0,3.0,2.0,0.0,0.0,0.0,1.0,2.0,0.0,0.0,1.0,1.0,2.0,2.0,1.0,0.0,2.0,0.0,0.0,2.0,2.0,3.0,0.0,0.0,0.0,0.0,8.0,0.0,0.0,1.0,0.0,0.0,1.0,0.0,0.0,0.0,1.0,0.0,0.0,1.0,1.0,2.0,2.0,1.0,4.0,1.0,0.0,0.0,1.0,1.0,0.0,1.0,0.0,1.0,0.0,1.0,1.0,6.0,1.0,1.0,3.0,0.0,0.0,0.0,0.0,0.0,0.0,1.0,1.0,1.0,0.0,1.0,2.0,0.0,1.0,0.0,0.0,1.0,0.0,1.0,0.0,1.0,0.0,2.0,2.0,0.0,0.0,0.0,8.0,0.0,1.0,0.0,0.0,3.0,0.0,1.0,0.0,0.0,1.0,1.0,3.0,0.0,1.0,0.0,0.0,1.0,1.0,2.0,1.0,0.0,0.0,3.0,1.0,0.0,0.0,1.0,0.0,1.0,0.0,9.0,1
237,2182.142893959143,94350.30734999999,1.9171912633800559,257.6686028734206,0.2550933788433789,0.20264006734006723,2.6,-0.06460863251373661,28.0,3.0,2.0,4.0,5.0,4.0,3.0,1.0,4.0,4.0,1.0,1.0,4.0,5.0,7.0,2.0,2.0,4.0,3.0,2.0,2.0,5.0,2.0,1.0,1.0,2.0,1.0,3.0,1.0,4.0,1.0,12.0,4.0,2.0,0.0,1.0,1.0,0.0,3.0,1.0,2.0,4.0,3.0,4.0,4.0,2.0,3.0,5.0,2.0,0.0,3.0,2.0,1.0,2.0,1.0,1.0,2.0,2.0,3.0,2.0,1.0,1.0,12.0,1.0,1.0,2.0,1.0,3.0,1.0,0.0,1.0,2.0,4.0,0.0,2.0,1.0,1.0,0.0,1.0,0.0,2.0,3.0,5.0,3.0,3.0,1.0,0.0,3.0,4.0,1.0,3.0,3.0,1.0,20.0,0.0,2.0,0.0,4.0,3.0,1.0,0.0,0.0,0.0,1.0,3.0,0.0,4.0,5.0,0.0,1.0,2.0,1.0,2.0,1.0,1.0,2.0,1.0,0.0,1.0,0.0,3.0,4.0,3.0,0.0,28.0,3.0,2.0,0.0,3.0,0.0,0.0,1.0,0.0,2.0,4.0,0.0,1.0,7.0,2.0,1.0,1.0,0.0,1.0,5.0,0.0,3.0,1.0,1.0,0.0,0.0,6.0,0.0,2.0,0.0,1.0,12.0,2.0,2.0,0.0,1.0,0.0,0.0,2.0,2.0,2.0,2.0,0.0,2.0,0.0,2.0,1.0,1.0,0.0,2.0,1.0,0.0,1.0,1.0,0.0,2.0,0.0,3.0,1.0,1.0,0.0,0.0,10.0,2.0,1.0,1.0,0.0,2.0,3.0,0.0,2.0,2.0,0.0,0.0,0.0,1.0,0.0,2.0,2.0,0.0,3.0,2.0,1.0,0.0,1.0,0.0,1.0,2.0,2.0,1.0,1.0,1.0,0.0,16.0,0.0,0.0,0.0,1.0,1.0,0.0,5.0,2.0,5.0,0.0,1.0,1.0,1.0,1.0,1.0,2.0,1.0,2.0,0.0,0.0,1.0,0.0,4.0,2.0,1.0,2.0,0.0,1.0,1.0,1.0,12.0,0.0,1.0,0.0,2.0,1.0,1.0,0.0,2.0,3.0,7.0,1.0,3.0,0.0,2.0,2.0,3.0,0.0,1.0,1.0,1.0,1.0,2.0,2.0,1.0,2.0,2.0,0.0,0.0,0.0,0.0,8.0,0.0,0.0,1.0,0.0,2.0,0.0,1.0,1.0,2.0,0.0,2.0,0.0,3.0,3.0,3.0,1.0,2.0,2.0,0.0,1.0,2.0,1.0,2.0,1.0,3.0,1.0,0.0,2.0,1.0,1.0,11.0,1.0,1.0,0.0,3.0,0.0,1.0,0.0,0.0,0.0,0.0,1.0,0.0,2.0,1.0,1.0,2.0,2.0,0.0,1.0,3.0,0.0,1.0,1.0,3.0,0.0,1.0,0.0,0.0,0.0,1.0,10.0,3.0,1.0,1.0,0.0,2.0,3.0,0.0,0.0,0.0,0.0,0.0,5.0,1.0,1.0,1.0,3.0,0.0,0.0,3.0,2.0,2.0,5.0,3.0,1.0,1.0,0.0,4.0,1.0,3.0,2.0,30.0,3.0,1.0,2.0,2.0,5.0,6.0,0.0,1.0,2.0,1.0,4.0,3.0,2.0,1.0,1.0,2.0,2.0,5.0,1.0,0.0,2.0,4.0,2.0,1.0,1.0,0.0,0.0,1.0,0.0,2.0,10.0,1.0,1.0,2.0,0.0,3.0,0.0,2.0,2.0,0.0,1.0,2.0,1.0,0.0,0.0,2.0,1.0,7.0,3.0,2.0,2.0,4.0,0.0,2.0,2.0,1.0,2.0,3.0,2.0,4.0,0.0,22.0,0.0,2.0,1.0,0.0,3.0,1.0,3.0,2.0,1.0,0.0,1.0,1.0,0.0,2.0,3.0,1.0,1.0,0.0,0.0,4.0,1.0,2.0,4.0,2.0,0.0,0.0,0.0,3.0,3.0,0.0,13.0,1.0,1.0,1.0,0.0,0.0,1.0,2.0,0.0,1.0,0.0,1.0,1.0,0.0,2.0,4.0,3.0,0.0,4.0,2.0,0.0,1.0,3.0,1.0,1.0,0.0,1.0,2.0,2.0,0.0,1.0,11.0,2.0,2.0,0.0,0.0,2.0,0.0,1.0,0.0,1.0,3.0,2.0,1.0,2.0,5.0,1.0,0.0,1.0,4.0,2.0,0.0,2.0,0.0,2.0,3.0,3.0,4.0,2.0,0.0,1.0,1.0,28.0,1.0,3.0,3.0,1.0,0.0,4.0,0.0,3.0,0.0,3.0,2.0,1.0,3.0,3.0,4.0,0.0,2.0,1.0,2.0,0.0,1.0,1.0,0.0,0.0,2.0,0.0,0.0,2.0,2.0,2.0,12.0,4.0,1.0,1.0,2.0,2.0,1.0,0.0,1.0,1.0,4.0,0.0,2.0,4.0,1.0,0.0,1.0,2.0,0.0,1.0,0.0,0.0,3.0,1.0,1.0,2.0,0.0,1.0,0.0,1.0,0.0,7.0,1.0,1.0,0.0,1.0,3.0,1.0,0.0,0.0,1.0,1.0,2.0,1.0,2.0,0.0,1.0,0.0,1.0,0.0,2.0,1.0,0.0,1.0,3.0,0.0,2.0,1.0,0.0,4.0,0.0,0.0,5.0,1.0,1.0,0.0,2.0,2.0,2.0,1.0,1.0,0.0,1.0,3.0,2.0,4.0,0.0,1.0,1.0,2.0,2.0,0.0,1.0,3.0,2.0,1.0,1.0,1.0,3.0,1.0,0.0,0.0,0.0,14.0,0.0,4.0,0.0,2.0,0.0,0.0,2.0,1.0,0.0,0.0,2.0,1.0,1.0,1.0,0.0,0.0,5.0,4.0,1.0,0.0,1.0,0.0,1.0,1.0,1.0,0.0,2.0,1.0,2.0,1.0,21.0,0.0,3.0,1.0,2.0,2.0,3.0,0.0,1.0,3.0,3.0,3.0,3.0,3.0,2.0,1.0,3.0,4.0,4.0,2.0,3.0,2.0,1.0,2.0,0.0,1.0,1.0,3.0,0.0,1.0,1.0,27.0,0.0,1.0,1.0,3.0,2.0,1.0,1.0,4.0,0.0,1.0,0.0,1.0,0.0,0.0,2.0,3.0,0.0,0.0,4.0,1.0,2.0,1.0,0.0,2.0,4.0,1.0,1.0,2.0,1.0,1.0,9.0,1.0,0.0,2.0,0.0,0.0,5.0,0.0,4.0,1.0,2.0,0.0,4.0,0.0,1.0,0.0,3.0,0.0,3.0,1.0,1.0,3.0,1.0,0.0,0.0,1.0,0.0,1.0,1.0,1.0,0.0,11.0,0.0,0.0,2.0,1.0,3.0,1.0,1.0,0.0,0.0,2.0,0.0,1.0,1.0,1.0,1.0,1.0,2.0,2.0,0.0,1.0,0.0,0.0,1.0,2.0,1.0,1.0,0.0,3.0,1.0,1.0,12.0,0.0,0.0,1.0,4.0,4.0,2.0,1.0,1.0,1.0,0.0,1.0,1.0,2.0,1.0,3.0,1.0,0.0,3.0,2.0,1.0,2.0,2.0,0.0,0.0,2.0,1.0,2.0,0.0,0.0,0.0,9.0,0.0,1.0,3.0,4.0,2.0,0.0,1.0,1.0,0.0,0.0,1.0,1.0,0.0,0.0,4.0,1.0,3.0,1.0,1.0,0.0,1.0,2.0,1.0,0.0,3.0,1.0,0.0,2.0,2.0,1.0,13.0,1.0,7.0,2.0,1.0,1.0,0.0,1.0,2.0,0.0,1.0,1.0,0.0,0.0,0.0,1.0,2.0,0.0,2.0,0.0,0.0,0.0,0.0,0.0,2.0,1.0,0.0,1.0,1.0,3.0,1.0,16.0,1
238,1601.8103736530552,83355.56,1.8953452400032376,312.31134986286776,0.247523706452278,0.14687061332469498,3.4591836734693877,-0.04611761563853769,24.0,1.0,4.0,1.0,3.0,2.0,2.0,1.0,0.0,3.0,3.0,1.0,3.0,0.0,3.0,1.0,2.0,4.0,2.0,4.0,0.0,3.0,1.0,2.0,2.0,3.0,3.0,4.0,5.0,1.0,0.0,15.0,6.0,1.0,1.0,2.0,2.0,1.0,3.0,1.0,0.0,2.0,2.0,4.0,0.0,0.0,4.0,4.0,2.0,3.0,2.0,3.0,0.0,3.0,2.0,1.0,3.0,3.0,0.0,2.0,3.0,1.0,10.0,0.0,2.0,0.0,0.0,2.0,0.0,4.0,0.0,0.0,1.0,2.0,2.0,2.0,1.0,0.0,1.0,0.0,0.0,1.0,3.0,1.0,0.0,1.0,1.0,2.0,0.0,1.0,1.0,3.0,0.0,13.0,0.0,1.0,2.0,0.0,0.0,2.0,0.0,0.0,0.0,1.0,2.0,2.0,1.0,2.0,0.0,2.0,2.0,0.0,1.0,3.0,1.0,2.0,1.0,0.0,1.0,2.0,0.0,1.0,0.0,1.0,12.0,1.0,3.0,0.0,0.0,2.0,1.0,1.0,3.0,0.0,2.0,1.0,1.0,3.0,0.0,2.0,0.0,1.0,2.0,2.0,0.0,0.0,2.0,1.0,1.0,0.0,3.0,2.0,0.0,1.0,1.0,7.0,1.0,1.0,2.0,2.0,1.0,2.0,2.0,2.0,1.0,0.0,2.0,1.0,0.0,0.0,3.0,1.0,0.0,3.0,1.0,0.0,1.0,0.0,1.0,2.0,3.0,1.0,2.0,0.0,0.0,1.0,12.0,1.0,1.0,0.0,1.0,0.0,1.0,0.0,0.0,0.0,0.0,2.0,1.0,0.0,1.0,2.0,0.0,0.0,0.0,0.0,1.0,2.0,1.0,2.0,0.0,1.0,0.0,0.0,1.0,0.0,2.0,14.0,1.0,1.0,0.0,1.0,4.0,2.0,2.0,3.0,0.0,1.0,2.0,3.0,2.0,2.0,0.0,0.0,1.0,1.0,2.0,1.0,1.0,2.0,4.0,2.0,1.0,1.0,1.0,1.0,0.0,2.0,4.0,0.0,0.0,0.0,1.0,1.0,1.0,0.0,0.0,0.0,0.0,1.0,1.0,0.0,2.0,0.0,1.0,2.0,2.0,1.0,0.0,0.0,3.0,0.0,0.0,0.0,3.0,3.0,0.0,2.0,1.0,12.0,1.0,1.0,2.0,1.0,1.0,2.0,0.0,1.0,1.0,1.0,0.0,1.0,1.0,2.0,1.0,0.0,1.0,1.0,2.0,0.0,1.0,5.0,1.0,3.0,2.0,1.0,0.0,1.0,0.0,1.0,9.0,2.0,1.0,4.0,1.0,0.0,0.0,0.0,0.0,1.0,3.0,0.0,2.0,0.0,0.0,0.0,1.0,0.0,0.0,0.0,0.0,2.0,2.0,1.0,2.0,0.0,1.0,1.0,0.0,0.0,0.0,5.0,1.0,2.0,1.0,2.0,1.0,0.0,1.0,1.0,0.0,0.0,0.0,1.0,0.0,1.0,3.0,2.0,3.0,0.0,2.0,2.0,4.0,1.0,0.0,4.0,2.0,3.0,2.0,2.0,1.0,1.0,7.0,2.0,1.0,1.0,0.0,2.0,2.0,3.0,0.0,2.0,1.0,0.0,1.0,0.0,0.0,2.0,0.0,1.0,3.0,0.0,0.0,0.0,0.0,4.0,0.0,3.0,4.0,2.0,1.0,1.0,0.0,9.0,0.0,2.0,1.0,1.0,0.0,1.0,2.0,0.0,2.0,1.0,1.0,1.0,2.0,2.0,2.0,1.0,4.0,1.0,0.0,3.0,2.0,2.0,2.0,2.0,0.0,0.0,1.0,1.0,3.0,1.0,8.0,0.0,1.0,1.0,1.0,3.0,1.0,2.0,0.0,1.0,2.0,1.0,0.0,2.0,0.0,1.0,1.0,6.0,1.0,1.0,2.0,0.0,1.0,2.0,2.0,1.0,0.0,1.0,0.0,0.0,0.0,9.0,0.0,1.0,2.0,4.0,0.0,0.0,2.0,0.0,0.0,1.0,0.0,0.0,2.0,0.0,2.0,1.0,0.0,0.0,1.0,0.0,0.0,1.0,3.0,0.0,1.0,1.0,1.0,0.0,1.0,2.0,5.0,0.0,1.0,0.0,1.0,0.0,0.0,2.0,0.0,1.0,1.0,1.0,0.0,0.0,7.0,4.0,0.0,5.0,0.0,2.0,0.0,0.0,0.0,0.0,1.0,1.0,3.0,0.0,1.0,0.0,0.0,11.0,0.0,1.0,3.0,2.0,2.0,1.0,1.0,1.0,2.0,2.0,2.0,0.0,1.0,5.0,0.0,1.0,0.0,0.0,0.0,3.0,0.0,0.0,0.0,2.0,0.0,2.0,2.0,0.0,0.0,1.0,5.0,0.0,1.0,0.0,1.0,2.0,1.0,1.0,2.0,0.0,2.0,2.0,2.0,1.0,0.0,2.0,1.0,0.0,1.0,0.0,0.0,1.0,0.0,2.0,2.0,1.0,4.0,2.0,1.0,0.0,2.0,11.0,1.0,0.0,3.0,1.0,3.0,0.0,0.0,2.0,0.0,3.0,0.0,1.0,1.0,2.0,1.0,1.0,0.0,1.0,1.0,0.0,3.0,1.0,0.0,1.0,0.0,2.0,0.0,1.0,0.0,1.0,9.0,3.0,1.0,4.0,1.0,0.0,3.0,1.0,0.0,1.0,3.0,2.0,2.0,0.0,0.0,1.0,0.0,0.0,0.0,2.0,0.0,0.0,1.0,3.0,1.0,1.0,0.0,1.0,0.0,1.0,1.0,6.0,1.0,5.0,1.0,0.0,3.0,0.0,0.0,1.0,4.0,0.0,3.0,0.0,0.0,1.0,1.0,0.0,2.0,0.0,5.0,1.0,4.0,2.0,2.0,0.0,0.0,0.0,1.0,1.0,1.0,1.0,10.0,3.0,0.0,1.0,4.0,0.0,0.0,1.0,1.0,1.0,0.0,3.0,2.0,1.0,0.0,2.0,2.0,1.0,2.0,2.0,1.0,1.0,2.0,1.0,1.0,6.0,1.0,0.0,2.0,3.0,1.0,19.0,1.0,0.0,2.0,2.0,3.0,0.0,1.0,1.0,1.0,2.0,2.0,2.0,0.0,2.0,1.0,1.0,3.0,0.0,0.0,0.0,4.0,1.0,1.0,0.0,0.0,0.0,1.0,0.0,1.0,0.0,10.0,0.0,1.0,0.0,1.0,0.0,4.0,1.0,1.0,1.0,1.0,1.0,1.0,0.0,0.0,0.0,2.0,0.0,1.0,0.0,1.0,0.0,1.0,2.0,0.0,0.0,0.0,1.0,0.0,0.0,2.0,6.0,0.0,0.0,2.0,1.0,2.0,3.0,1.0,0.0,1.0,1.0,0.0,2.0,0.0,2.0,1.0,1.0,0.0,2.0,2.0,2.0,0.0,3.0,6.0,0.0,1.0,1.0,5.0,1.0,2.0,0.0,17.0,2.0,2.0,0.0,2.0,6.0,0.0,0.0,2.0,0.0,1.0,0.0,0.0,0.0,1.0,1.0,4.0,0.0,1.0,1.0,2.0,0.0,3.0,0.0,2.0,0.0,3.0,1.0,0.0,2.0,0.0,4.0,1.0,1.0,5.0,1.0,1.0,1.0,0.0,3.0,0.0,0.0,0.0,1.0,1.0,1.0,1.0,3.0,0.0,2.0,0.0,3.0,0.0,1.0,0.0,1.0,1.0,4.0,1.0,0.0,1.0,0.0,21.0,0.0,2.0,2.0,0.0,1.0,0.0,1.0,1.0,3.0,0.0,3.0,0.0,1.0,0.0,0.0,0.0,0.0,0.0,2.0,0.0,1.0,0.0,0.0,2.0,1.0,0.0,3.0,1.0,1.0,0.0,7.0,1
239,2784.2760505322103,173393.32619999998,2.1341223344304336,288.3380141937955,0.17237878787878777,0.11283270988270988,3.75,-0.05746867091486771,22.0,5.0,5.0,5.0,6.0,4.0,4.0,1.0,2.0,6.0,4.0,2.0,3.0,0.0,5.0,3.0,2.0,2.0,3.0,2.0,1.0,2.0,6.0,2.0,2.0,1.0,7.0,4.0,1.0,2.0,3.0,14.0,4.0,1.0,2.0,2.0,0.0,0.0,8.0,0.0,2.0,2.0,2.0,2.0,2.0,2.0,3.0,1.0,1.0,1.0,2.0,2.0,2.0,2.0,2.0,5.0,0.0,1.0,2.0,5.0,3.0,3.0,17.0,4.0,1.0,1.0,3.0,1.0,0.0,0.0,0.0,0.0,4.0,3.0,3.0,3.0,2.0,1.0,2.0,0.0,0.0,0.0,0.0,2.0,1.0,2.0,2.0,3.0,1.0,5.0,5.0,3.0,2.0,9.0,1.0,1.0,0.0,1.0,0.0,0.0,2.0,4.0,4.0,0.0,3.0,1.0,2.0,2.0,1.0,3.0,1.0,1.0,2.0,4.0,4.0,2.0,3.0,1.0,2.0,1.0,2.0,3.0,0.0,0.0,7.0,2.0,1.0,2.0,0.0,1.0,1.0,2.0,5.0,0.0,0.0,0.0,1.0,0.0,2.0,4.0,0.0,2.0,0.0,1.0,0.0,5.0,1.0,1.0,1.0,0.0,4.0,1.0,4.0,1.0,2.0,6.0,0.0,1.0,1.0,1.0,2.0,1.0,1.0,1.0,1.0,0.0,0.0,1.0,0.0,0.0,2.0,0.0,0.0,2.0,3.0,1.0,1.0,0.0,1.0,1.0,6.0,1.0,1.0,0.0,0.0,1.0,5.0,2.0,2.0,0.0,2.0,1.0,2.0,1.0,1.0,1.0,0.0,1.0,1.0,1.0,0.0,0.0,2.0,0.0,3.0,4.0,0.0,1.0,1.0,2.0,2.0,1.0,0.0,0.0,1.0,1.0,3.0,5.0,2.0,1.0,2.0,1.0,2.0,0.0,2.0,0.0,0.0,0.0,2.0,1.0,0.0,1.0,3.0,1.0,1.0,1.0,1.0,1.0,1.0,1.0,3.0,7.0,2.0,2.0,0.0,1.0,2.0,0.0,7.0,1.0,1.0,2.0,1.0,1.0,4.0,1.0,1.0,1.0,0.0,2.0,0.0,3.0,0.0,0.0,2.0,0.0,2.0,2.0,1.0,1.0,3.0,3.0,1.0,1.0,1.0,0.0,1.0,1.0,2.0,6.0,1.0,1.0,1.0,0.0,1.0,1.0,0.0,1.0,1.0,2.0,1.0,1.0,2.0,1.0,1.0,1.0,0.0,0.0,1.0,3.0,2.0,3.0,0.0,2.0,1.0,2.0,1.0,0.0,2.0,0.0,5.0,3.0,3.0,2.0,4.0,0.0,1.0,2.0,0.0,2.0,1.0,0.0,2.0,4.0,4.0,2.0,2.0,1.0,0.0,3.0,2.0,5.0,4.0,1.0,2.0,1.0,0.0,0.0,1.0,1.0,0.0,4.0,1.0,1.0,3.0,0.0,0.0,1.0,1.0,1.0,0.0,0.0,0.0,5.0,5.0,0.0,1.0,2.0,1.0,1.0,2.0,0.0,3.0,7.0,1.0,3.0,3.0,4.0,2.0,2.0,1.0,2.0,12.0,1.0,0.0,2.0,3.0,2.0,0.0,4.0,0.0,3.0,2.0,3.0,4.0,0.0,3.0,4.0,1.0,2.0,1.0,2.0,3.0,0.0,2.0,2.0,0.0,2.0,2.0,1.0,1.0,0.0,1.0,2.0,0.0,1.0,0.0,0.0,1.0,0.0,0.0,1.0,1.0,0.0,1.0,3.0,2.0,1.0,1.0,0.0,5.0,2.0,0.0,3.0,1.0,0.0,2.0,0.0,1.0,1.0,2.0,1.0,1.0,1.0,5.0,3.0,2.0,1.0,2.0,2.0,1.0,1.0,0.0,1.0,3.0,1.0,1.0,2.0,4.0,3.0,6.0,0.0,2.0,1.0,0.0,0.0,2.0,0.0,1.0,0.0,2.0,0.0,3.0,0.0,0.0,3.0,1.0,0.0,3.0,1.0,3.0,3.0,3.0,1.0,0.0,0.0,2.0,1.0,1.0,0.0,1.0,0.0,1.0,3.0,2.0,1.0,1.0,2.0,0.0,0.0,5.0,1.0,2.0,1.0,2.0,3.0,3.0,0.0,0.0,0.0,1.0,2.0,2.0,2.0,0.0,0.0,1.0,0.0,0.0,2.0,2.0,0.0,0.0,2.0,0.0,0.0,0.0,0.0,1.0,0.0,0.0,0.0,3.0,1.0,0.0,0.0,2.0,5.0,1.0,0.0,1.0,4.0,0.0,0.0,0.0,0.0,3.0,1.0,1.0,1.0,1.0,2.0,0.0,1.0,1.0,0.0,2.0,1.0,0.0,1.0,1.0,0.0,5.0,0.0,0.0,2.0,1.0,0.0,4.0,0.0,0.0,0.0,0.0,1.0,1.0,1.0,2.0,2.0,1.0,1.0,1.0,0.0,1.0,2.0,5.0,0.0,2.0,0.0,0.0,6.0,1.0,1.0,2.0,0.0,0.0,0.0,0.0,0.0,0.0,9.0,0.0,0.0,3.0,2.0,5.0,1.0,3.0,3.0,2.0,0.0,3.0,0.0,2.0,4.0,1.0,0.0,0.0,3.0,2.0,0.0,0.0,2.0,0.0,1.0,0.0,0.0,0.0,0.0,1.0,0.0,5.0,1.0,2.0,1.0,2.0,1.0,1.0,0.0,0.0,0.0,2.0,4.0,1.0,1.0,1.0,1.0,0.0,3.0,1.0,0.0,0.0,0.0,2.0,0.0,1.0,1.0,1.0,1.0,2.0,0.0,2.0,7.0,1.0,4.0,0.0,3.0,2.0,0.0,1.0,2.0,4.0,3.0,2.0,1.0,1.0,3.0,1.0,1.0,3.0,1.0,3.0,2.0,2.0,2.0,3.0,4.0,2.0,1.0,1.0,0.0,0.0,0.0,8.0,1.0,2.0,0.0,2.0,0.0,0.0,1.0,6.0,2.0,0.0,3.0,1.0,1.0,3.0,3.0,3.0,1.0,2.0,0.0,1.0,0.0,1.0,1.0,1.0,1.0,0.0,1.0,2.0,3.0,4.0,9.0,2.0,3.0,4.0,1.0,0.0,2.0,7.0,3.0,5.0,3.0,1.0,1.0,1.0,1.0,3.0,1.0,2.0,3.0,1.0,2.0,2.0,0.0,4.0,1.0,0.0,1.0,3.0,1.0,4.0,4.0,7.0,1.0,2.0,1.0,0.0,3.0,5.0,1.0,2.0,1.0,1.0,1.0,2.0,0.0,0.0,0.0,3.0,3.0,2.0,2.0,2.0,1.0,0.0,0.0,0.0,3.0,1.0,3.0,1.0,1.0,3.0,14.0,1.0,2.0,2.0,1.0,2.0,1.0,1.0,3.0,1.0,1.0,1.0,1.0,0.0,2.0,4.0,1.0,2.0,2.0,3.0,3.0,1.0,2.0,1.0,2.0,0.0,1.0,2.0,3.0,4.0,3.0,9.0,0.0,7.0,1.0,3.0,4.0,2.0,1.0,0.0,1.0,1.0,0.0,1.0,2.0,4.0,0.0,5.0,3.0,0.0,1.0,2.0,1.0,0.0,2.0,3.0,1.0,0.0,1.0,2.0,0.0,0.0,7.0,0.0,0.0,2.0,0.0,0.0,0.0,0.0,0.0,0.0,2.0,1.0,3.0,1.0,2.0,1.0,2.0,2.0,0.0,1.0,0.0,1.0,3.0,0.0,1.0,1.0,3.0,1.0,1.0,2.0,4.0,12.0,1.0,4.0,2.0,2.0,2.0,1.0,2.0,2.0,0.0,2.0,1.0,0.0,3.0,2.0,0.0,2.0,2.0,2.0,0.0,0.0,2.0,2.0,0.0,1.0,0.0,3.0,2.0,4.0,1.0,1.0,5.0,1
240,1903.245397789579,114260.3483673469,1.8495687184444982,292.2906623157177,0.26210345776672306,0.1384274106467984,3.642857142857143,-0.037791678860165524,28.0,2.0,0.0,0.0,4.0,4.0,1.0,5.0,2.0,3.0,4.0,4.0,5.0,5.0,3.0,2.0,2.0,1.0,1.0,0.0,1.0,1.0,2.0,5.0,2.0,1.0,2.0,1.0,2.0,5.0,3.0,12.0,6.0,1.0,2.0,0.0,1.0,0.0,1.0,3.0,8.0,3.0,1.0,2.0,1.0,1.0,7.0,4.0,2.0,0.0,0.0,2.0,3.0,1.0,2.0,2.0,2.0,1.0,2.0,2.0,1.0,6.0,12.0,1.0,1.0,0.0,1.0,0.0,1.0,1.0,0.0,2.0,3.0,4.0,0.0,1.0,2.0,0.0,1.0,2.0,1.0,3.0,1.0,1.0,1.0,1.0,1.0,0.0,1.0,1.0,1.0,1.0,2.0,11.0,0.0,1.0,0.0,2.0,0.0,2.0,2.0,1.0,0.0,0.0,1.0,0.0,2.0,0.0,0.0,4.0,1.0,2.0,1.0,1.0,2.0,2.0,3.0,0.0,1.0,3.0,1.0,0.0,2.0,0.0,24.0,1.0,2.0,0.0,2.0,3.0,1.0,0.0,1.0,0.0,2.0,3.0,0.0,1.0,0.0,1.0,1.0,0.0,0.0,0.0,2.0,0.0,2.0,0.0,0.0,0.0,5.0,4.0,1.0,1.0,1.0,11.0,1.0,1.0,0.0,3.0,1.0,2.0,3.0,3.0,3.0,0.0,0.0,2.0,0.0,0.0,0.0,0.0,1.0,1.0,0.0,0.0,3.0,2.0,1.0,1.0,2.0,5.0,1.0,0.0,1.0,2.0,14.0,3.0,0.0,0.0,0.0,0.0,1.0,3.0,2.0,1.0,0.0,0.0,1.0,1.0,0.0,0.0,1.0,2.0,4.0,0.0,0.0,0.0,2.0,0.0,5.0,0.0,2.0,2.0,0.0,1.0,2.0,10.0,0.0,0.0,1.0,1.0,1.0,0.0,3.0,0.0,1.0,1.0,1.0,1.0,1.0,1.0,1.0,2.0,2.0,0.0,0.0,0.0,0.0,1.0,0.0,1.0,2.0,1.0,1.0,2.0,2.0,0.0,6.0,1.0,0.0,2.0,0.0,0.0,0.0,0.0,0.0,1.0,2.0,0.0,1.0,0.0,3.0,0.0,1.0,2.0,1.0,3.0,0.0,1.0,3.0,1.0,0.0,4.0,0.0,4.0,1.0,0.0,0.0,22.0,3.0,4.0,1.0,1.0,3.0,0.0,1.0,1.0,0.0,3.0,0.0,0.0,3.0,2.0,0.0,1.0,0.0,0.0,2.0,1.0,4.0,2.0,0.0,3.0,0.0,1.0,0.0,1.0,0.0,0.0,14.0,2.0,0.0,0.0,0.0,1.0,1.0,4.0,1.0,1.0,0.0,1.0,1.0,2.0,3.0,1.0,2.0,3.0,1.0,0.0,3.0,5.0,5.0,0.0,0.0,2.0,1.0,0.0,4.0,1.0,3.0,15.0,3.0,0.0,0.0,0.0,0.0,0.0,4.0,1.0,4.0,0.0,0.0,1.0,1.0,0.0,1.0,1.0,0.0,0.0,3.0,2.0,1.0,1.0,0.0,4.0,1.0,2.0,2.0,2.0,1.0,1.0,21.0,3.0,0.0,2.0,2.0,1.0,3.0,1.0,0.0,2.0,1.0,1.0,0.0,0.0,1.0,3.0,0.0,1.0,3.0,3.0,1.0,0.0,0.0,1.0,0.0,0.0,2.0,0.0,1.0,0.0,4.0,6.0,0.0,2.0,1.0,0.0,0.0,0.0,3.0,2.0,0.0,0.0,1.0,3.0,2.0,2.0,1.0,1.0,2.0,0.0,2.0,0.0,1.0,2.0,0.0,3.0,0.0,1.0,0.0,1.0,0.0,4.0,20.0,4.0,2.0,0.0,0.0,1.0,0.0,1.0,0.0,3.0,3.0,0.0,2.0,0.0,1.0,2.0,2.0,3.0,1.0,2.0,1.0,2.0,1.0,1.0,0.0,0.0,0.0,1.0,1.0,1.0,1.0,11.0,0.0,0.0,0.0,2.0,0.0,0.0,0.0,0.0,4.0,1.0,3.0,4.0,1.0,0.0,4.0,4.0,1.0,0.0,0.0,1.0,0.0,1.0,2.0,1.0,1.0,0.0,1.0,0.0,0.0,2.0,6.0,1.0,0.0,3.0,0.0,0.0,3.0,1.0,1.0,0.0,2.0,2.0,3.0,0.0,0.0,3.0,0.0,1.0,0.0,3.0,1.0,1.0,1.0,1.0,0.0,0.0,2.0,0.0,1.0,0.0,0.0,11.0,0.0,0.0,0.0,2.0,1.0,1.0,0.0,2.0,1.0,0.0,1.0,1.0,2.0,2.0,0.0,3.0,0.0,0.0,2.0,1.0,0.0,2.0,0.0,3.0,1.0,0.0,1.0,1.0,0.0,0.0,6.0,0.0,1.0,1.0,0.0,0.0,3.0,0.0,2.0,1.0,0.0,1.0,4.0,1.0,1.0,4.0,1.0,0.0,0.0,2.0,1.0,3.0,1.0,0.0,0.0,1.0,0.0,1.0,2.0,1.0,1.0,6.0,0.0,0.0,0.0,0.0,0.0,2.0,2.0,0.0,1.0,0.0,3.0,3.0,0.0,0.0,1.0,0.0,2.0,0.0,2.0,1.0,1.0,1.0,1.0,0.0,1.0,2.0,0.0,0.0,0.0,0.0,5.0,1.0,1.0,0.0,2.0,1.0,1.0,0.0,0.0,0.0,2.0,1.0,2.0,1.0,1.0,0.0,0.0,1.0,1.0,1.0,1.0,1.0,0.0,0.0,1.0,1.0,2.0,1.0,0.0,2.0,0.0,17.0,1.0,3.0,1.0,2.0,3.0,0.0,1.0,0.0,2.0,3.0,1.0,1.0,1.0,1.0,1.0,0.0,0.0,1.0,0.0,1.0,3.0,0.0,3.0,1.0,1.0,2.0,1.0,0.0,2.0,1.0,11.0,5.0,1.0,2.0,1.0,1.0,0.0,0.0,1.0,2.0,1.0,3.0,3.0,1.0,4.0,2.0,1.0,4.0,1.0,1.0,0.0,0.0,1.0,1.0,1.0,0.0,0.0,0.0,1.0,1.0,4.0,12.0,0.0,0.0,0.0,1.0,1.0,2.0,3.0,1.0,2.0,1.0,3.0,1.0,2.0,1.0,2.0,0.0,1.0,2.0,2.0,1.0,2.0,1.0,1.0,1.0,1.0,0.0,2.0,3.0,1.0,0.0,23.0,1.0,2.0,4.0,1.0,2.0,3.0,1.0,1.0,3.0,1.0,0.0,0.0,0.0,0.0,1.0,3.0,0.0,0.0,0.0,1.0,0.0,0.0,0.0,1.0,1.0,1.0,2.0,3.0,1.0,1.0,8.0,2.0,1.0,2.0,1.0,2.0,3.0,1.0,2.0,0.0,2.0,3.0,1.0,1.0,2.0,0.0,1.0,4.0,1.0,0.0,1.0,1.0,0.0,2.0,2.0,1.0,3.0,2.0,0.0,1.0,4.0,23.0,0.0,1.0,1.0,3.0,1.0,1.0,0.0,0.0,1.0,2.0,0.0,1.0,2.0,1.0,0.0,2.0,3.0,1.0,4.0,2.0,1.0,2.0,2.0,0.0,0.0,1.0,0.0,1.0,0.0,0.0,3.0,0.0,0.0,1.0,2.0,0.0,0.0,2.0,1.0,1.0,2.0,0.0,0.0,0.0,2.0,0.0,0.0,1.0,0.0,2.0,0.0,1.0,0.0,1.0,0.0,1.0,3.0,2.0,1.0,1.0,1.0,12.0,1.0,2.0,1.0,1.0,0.0,0.0,2.0,0.0,0.0,1.0,0.0,0.0,4.0,1.0,1.0,3.0,0.0,1.0,0.0,2.0,1.0,2.0,1.0,0.0,1.0,3.0,1.0,0.0,0.0,0.0,13.0,1
241,734.8658613311078,27356.265000000003,1.2778453788338862,702.9550225772128,0.5232044080258365,0.11157879818594103,2.9404761904761907,-0.11915130493906774,8.0,2.0,2.0,0.0,0.0,1.0,1.0,1.0,2.0,1.0,2.0,0.0,2.0,0.0,2.0,0.0,1.0,1.0,1.0,3.0,3.0,0.0,1.0,0.0,1.0,1.0,2.0,0.0,2.0,0.0,0.0,14.0,1.0,2.0,2.0,2.0,1.0,0.0,1.0,1.0,1.0,1.0,1.0,1.0,1.0,2.0,1.0,1.0,1.0,0.0,0.0,3.0,1.0,0.0,2.0,0.0,1.0,1.0,1.0,0.0,3.0,2.0,5.0,0.0,0.0,0.0,1.0,0.0,1.0,0.0,0.0,1.0,0.0,0.0,1.0,2.0,0.0,0.0,0.0,1.0,1.0,1.0,0.0,0.0,0.0,2.0,1.0,0.0,0.0,2.0,0.0,2.0,0.0,3.0,1.0,1.0,1.0,0.0,1.0,1.0,1.0,0.0,0.0,2.0,1.0,0.0,0.0,0.0,1.0,0.0,0.0,0.0,0.0,0.0,1.0,1.0,1.0,1.0,0.0,0.0,0.0,3.0,0.0,0.0,4.0,0.0,1.0,0.0,2.0,0.0,0.0,0.0,1.0,0.0,0.0,0.0,1.0,0.0,0.0,0.0,2.0,0.0,0.0,0.0,0.0,0.0,0.0,0.0,0.0,0.0,1.0,0.0,0.0,2.0,1.0,6.0,0.0,0.0,0.0,1.0,1.0,1.0,0.0,0.0,0.0,0.0,2.0,2.0,0.0,2.0,0.0,2.0,0.0,1.0,2.0,0.0,3.0,0.0,0.0,1.0,1.0,0.0,1.0,0.0,1.0,1.0,7.0,1.0,1.0,0.0,1.0,0.0,2.0,0.0,0.0,0.0,1.0,0.0,0.0,0.0,0.0,0.0,0.0,1.0,0.0,0.0,0.0,0.0,0.0,0.0,0.0,0.0,0.0,0.0,0.0,1.0,1.0,4.0,0.0,0.0,0.0,1.0,1.0,0.0,0.0,1.0,1.0,1.0,2.0,0.0,0.0,0.0,0.0,0.0,0.0,1.0,1.0,1.0,1.0,0.0,2.0,2.0,0.0,3.0,0.0,0.0,0.0,0.0,8.0,0.0,0.0,1.0,1.0,0.0,1.0,1.0,0.0,1.0,0.0,1.0,1.0,0.0,0.0,1.0,1.0,0.0,0.0,0.0,0.0,0.0,1.0,0.0,1.0,0.0,0.0,0.0,0.0,0.0,0.0,3.0,1.0,1.0,1.0,0.0,0.0,0.0,0.0,1.0,0.0,0.0,1.0,1.0,0.0,0.0,0.0,1.0,0.0,0.0,1.0,0.0,0.0,4.0,1.0,1.0,0.0,2.0,1.0,1.0,0.0,1.0,9.0,0.0,0.0,2.0,0.0,1.0,0.0,0.0,1.0,0.0,1.0,0.0,2.0,0.0,1.0,0.0,1.0,0.0,0.0,1.0,1.0,1.0,0.0,0.0,0.0,1.0,0.0,0.0,0.0,0.0,3.0,0.0,0.0,0.0,0.0,0.0,3.0,1.0,1.0,1.0,1.0,0.0,0.0,0.0,1.0,0.0,0.0,0.0,0.0,1.0,1.0,2.0,2.0,1.0,0.0,1.0,1.0,0.0,2.0,0.0,1.0,2.0,11.0,0.0,0.0,1.0,0.0,0.0,2.0,3.0,0.0,1.0,0.0,1.0,1.0,0.0,1.0,1.0,0.0,2.0,1.0,0.0,0.0,0.0,0.0,0.0,0.0,0.0,1.0,1.0,0.0,1.0,0.0,5.0,0.0,0.0,0.0,0.0,0.0,0.0,0.0,0.0,1.0,0.0,1.0,0.0,1.0,1.0,0.0,1.0,1.0,1.0,0.0,1.0,0.0,1.0,0.0,0.0,0.0,0.0,0.0,0.0,1.0,0.0,2.0,0.0,0.0,0.0,0.0,0.0,0.0,0.0,0.0,3.0,0.0,0.0,1.0,1.0,0.0,1.0,0.0,0.0,1.0,0.0,0.0,1.0,0.0,1.0,0.0,0.0,1.0,1.0,1.0,0.0,0.0,8.0,0.0,0.0,0.0,0.0,0.0,0.0,3.0,0.0,1.0,2.0,0.0,1.0,1.0,0.0,1.0,1.0,0.0,0.0,0.0,0.0,0.0,0.0,0.0,0.0,2.0,0.0,2.0,0.0,1.0,0.0,0.0,2.0,0.0,0.0,0.0,0.0,1.0,0.0,2.0,6.0,0.0,0.0,0.0,0.0,1.0,0.0,2.0,0.0,0.0,1.0,0.0,1.0,0.0,1.0,1.0,0.0,2.0,0.0,0.0,0.0,2.0,1.0,0.0,0.0,0.0,0.0,0.0,0.0,1.0,0.0,0.0,1.0,1.0,1.0,2.0,0.0,0.0,1.0,1.0,1.0,0.0,1.0,1.0,0.0,0.0,0.0,3.0,0.0,1.0,1.0,0.0,0.0,6.0,1.0,0.0,3.0,0.0,0.0,0.0,1.0,0.0,1.0,0.0,0.0,1.0,0.0,2.0,0.0,0.0,3.0,0.0,0.0,1.0,0.0,0.0,0.0,0.0,0.0,0.0,0.0,0.0,0.0,1.0,8.0,0.0,2.0,1.0,1.0,1.0,0.0,3.0,0.0,0.0,0.0,1.0,2.0,0.0,1.0,1.0,0.0,0.0,1.0,0.0,1.0,1.0,1.0,2.0,0.0,0.0,0.0,0.0,0.0,0.0,1.0,2.0,1.0,1.0,0.0,0.0,0.0,1.0,0.0,0.0,0.0,3.0,3.0,1.0,0.0,1.0,0.0,0.0,0.0,1.0,0.0,0.0,0.0,2.0,0.0,0.0,0.0,0.0,1.0,3.0,0.0,0.0,5.0,0.0,0.0,0.0,2.0,0.0,0.0,0.0,0.0,2.0,0.0,1.0,0.0,1.0,1.0,0.0,0.0,1.0,0.0,1.0,1.0,0.0,0.0,0.0,0.0,1.0,1.0,0.0,1.0,1.0,1.0,5.0,1.0,0.0,0.0,1.0,0.0,0.0,1.0,1.0,0.0,0.0,0.0,0.0,0.0,1.0,0.0,0.0,1.0,1.0,0.0,1.0,0.0,2.0,1.0,2.0,0.0,0.0,0.0,0.0,0.0,0.0,11.0,0.0,1.0,0.0,0.0,0.0,0.0,2.0,1.0,0.0,2.0,0.0,0.0,0.0,0.0,0.0,0.0,0.0,1.0,1.0,1.0,0.0,1.0,1.0,2.0,1.0,1.0,1.0,0.0,1.0,1.0,17.0,0.0,2.0,3.0,1.0,0.0,3.0,1.0,1.0,1.0,1.0,0.0,1.0,0.0,0.0,0.0,2.0,1.0,0.0,1.0,0.0,1.0,0.0,0.0,1.0,0.0,1.0,1.0,1.0,0.0,1.0,6.0,0.0,0.0,0.0,0.0,0.0,0.0,1.0,1.0,0.0,2.0,0.0,3.0,1.0,1.0,0.0,0.0,0.0,2.0,1.0,1.0,0.0,0.0,0.0,1.0,0.0,0.0,2.0,0.0,2.0,0.0,8.0,1.0,0.0,0.0,1.0,0.0,0.0,0.0,0.0,1.0,0.0,1.0,0.0,0.0,0.0,0.0,1.0,0.0,0.0,1.0,1.0,1.0,2.0,0.0,1.0,1.0,0.0,0.0,1.0,0.0,0.0,4.0,0.0,1.0,1.0,1.0,0.0,0.0,0.0,1.0,1.0,1.0,0.0,0.0,0.0,0.0,0.0,0.0,0.0,0.0,0.0,0.0,0.0,0.0,1.0,0.0,1.0,0.0,1.0,0.0,0.0,0.0,3.0,0.0,1.0,1.0,2.0,0.0,0.0,0.0,0.0,1.0,0.0,0.0,1.0,1.0,1.0,0.0,0.0,0.0,0.0,0.0,1.0,0.0,0.0,0.0,0.0,1.0,2.0,0.0,0.0,0.0,0.0,4.0,1
242,1400.77423999315,77021.94055555556,1.7278130745283244,474.7294416681225,0.28634384694990755,0.07498542422784849,3.9494949494949494,-0.08101474928250861,4.0,4.0,3.0,3.0,4.0,1.0,4.0,0.0,1.0,0.0,0.0,0.0,2.0,2.0,1.0,1.0,0.0,3.0,1.0,2.0,0.0,2.0,1.0,2.0,1.0,2.0,2.0,3.0,2.0,4.0,3.0,18.0,4.0,2.0,1.0,2.0,2.0,2.0,2.0,2.0,1.0,0.0,2.0,3.0,0.0,1.0,1.0,4.0,0.0,3.0,0.0,0.0,1.0,2.0,2.0,2.0,1.0,2.0,0.0,1.0,1.0,1.0,8.0,0.0,0.0,1.0,1.0,2.0,0.0,1.0,0.0,1.0,3.0,0.0,1.0,3.0,0.0,1.0,2.0,0.0,1.0,1.0,1.0,0.0,0.0,2.0,1.0,1.0,0.0,0.0,3.0,1.0,0.0,9.0,0.0,4.0,0.0,2.0,0.0,3.0,0.0,0.0,0.0,1.0,2.0,1.0,3.0,0.0,1.0,0.0,1.0,0.0,1.0,1.0,1.0,1.0,0.0,0.0,0.0,1.0,1.0,2.0,0.0,0.0,10.0,1.0,1.0,1.0,0.0,1.0,2.0,3.0,0.0,2.0,1.0,0.0,0.0,1.0,2.0,0.0,0.0,0.0,1.0,0.0,1.0,2.0,2.0,0.0,0.0,2.0,4.0,1.0,1.0,0.0,1.0,9.0,0.0,0.0,1.0,1.0,2.0,0.0,3.0,0.0,1.0,2.0,0.0,2.0,0.0,0.0,0.0,1.0,1.0,1.0,0.0,2.0,1.0,1.0,0.0,0.0,1.0,0.0,0.0,2.0,1.0,1.0,3.0,2.0,0.0,0.0,0.0,0.0,0.0,0.0,0.0,1.0,0.0,2.0,1.0,2.0,0.0,0.0,2.0,1.0,1.0,1.0,1.0,1.0,0.0,0.0,2.0,2.0,0.0,0.0,2.0,2.0,1.0,13.0,0.0,2.0,0.0,1.0,1.0,3.0,0.0,1.0,0.0,1.0,1.0,2.0,0.0,1.0,0.0,4.0,2.0,0.0,0.0,2.0,1.0,0.0,0.0,3.0,0.0,0.0,1.0,2.0,0.0,0.0,11.0,0.0,2.0,0.0,0.0,3.0,0.0,0.0,0.0,1.0,0.0,2.0,0.0,1.0,0.0,1.0,0.0,1.0,1.0,2.0,0.0,0.0,3.0,1.0,2.0,0.0,1.0,2.0,0.0,1.0,0.0,5.0,0.0,0.0,1.0,1.0,2.0,0.0,0.0,2.0,0.0,0.0,1.0,2.0,0.0,0.0,0.0,0.0,1.0,0.0,0.0,0.0,0.0,2.0,0.0,1.0,0.0,0.0,0.0,1.0,0.0,1.0,2.0,0.0,1.0,1.0,1.0,2.0,1.0,2.0,1.0,1.0,0.0,0.0,2.0,2.0,1.0,2.0,0.0,0.0,0.0,1.0,1.0,2.0,1.0,1.0,3.0,0.0,0.0,1.0,0.0,0.0,1.0,9.0,4.0,1.0,0.0,1.0,3.0,0.0,0.0,2.0,0.0,1.0,0.0,1.0,0.0,0.0,1.0,1.0,0.0,3.0,2.0,2.0,0.0,1.0,0.0,1.0,0.0,4.0,2.0,2.0,0.0,0.0,12.0,2.0,1.0,0.0,3.0,3.0,3.0,2.0,2.0,1.0,0.0,0.0,1.0,2.0,0.0,2.0,0.0,2.0,3.0,1.0,2.0,1.0,1.0,0.0,2.0,1.0,1.0,0.0,1.0,2.0,2.0,8.0,1.0,0.0,0.0,1.0,0.0,1.0,0.0,0.0,1.0,2.0,2.0,0.0,1.0,0.0,2.0,2.0,3.0,0.0,2.0,2.0,1.0,0.0,1.0,1.0,1.0,1.0,0.0,0.0,2.0,2.0,10.0,0.0,0.0,0.0,1.0,1.0,1.0,1.0,2.0,3.0,0.0,1.0,0.0,1.0,0.0,0.0,0.0,1.0,1.0,1.0,2.0,1.0,0.0,2.0,2.0,0.0,1.0,1.0,0.0,2.0,0.0,6.0,2.0,1.0,3.0,1.0,1.0,0.0,0.0,1.0,0.0,1.0,0.0,1.0,1.0,1.0,1.0,3.0,2.0,0.0,0.0,0.0,0.0,0.0,0.0,1.0,1.0,2.0,1.0,0.0,1.0,2.0,3.0,0.0,1.0,0.0,1.0,0.0,0.0,1.0,1.0,3.0,1.0,0.0,0.0,0.0,2.0,4.0,0.0,1.0,0.0,2.0,2.0,3.0,1.0,0.0,0.0,2.0,1.0,0.0,2.0,0.0,2.0,5.0,1.0,0.0,1.0,1.0,0.0,3.0,1.0,0.0,2.0,1.0,1.0,0.0,0.0,0.0,1.0,1.0,0.0,1.0,1.0,2.0,3.0,1.0,1.0,2.0,0.0,2.0,0.0,1.0,0.0,2.0,3.0,1.0,1.0,0.0,1.0,0.0,0.0,1.0,1.0,2.0,0.0,2.0,4.0,1.0,0.0,0.0,1.0,0.0,0.0,1.0,0.0,0.0,1.0,1.0,3.0,1.0,2.0,2.0,0.0,0.0,1.0,2.0,1.0,1.0,1.0,1.0,0.0,1.0,2.0,0.0,1.0,1.0,2.0,0.0,2.0,1.0,2.0,0.0,0.0,0.0,0.0,0.0,0.0,1.0,0.0,0.0,1.0,0.0,0.0,1.0,1.0,1.0,4.0,1.0,0.0,1.0,1.0,0.0,0.0,1.0,0.0,1.0,2.0,2.0,0.0,3.0,1.0,0.0,0.0,0.0,3.0,0.0,0.0,1.0,0.0,0.0,0.0,0.0,0.0,1.0,2.0,0.0,1.0,3.0,0.0,1.0,0.0,1.0,1.0,1.0,0.0,0.0,1.0,1.0,2.0,1.0,2.0,1.0,0.0,0.0,1.0,0.0,0.0,2.0,1.0,1.0,1.0,0.0,1.0,0.0,0.0,2.0,1.0,0.0,7.0,3.0,0.0,0.0,1.0,1.0,0.0,1.0,3.0,1.0,0.0,3.0,0.0,2.0,2.0,0.0,0.0,0.0,5.0,2.0,4.0,0.0,2.0,1.0,0.0,0.0,1.0,0.0,0.0,1.0,2.0,9.0,1.0,1.0,1.0,2.0,1.0,0.0,0.0,2.0,0.0,0.0,0.0,0.0,0.0,1.0,0.0,1.0,2.0,1.0,0.0,1.0,0.0,2.0,1.0,4.0,0.0,0.0,2.0,1.0,2.0,0.0,9.0,1.0,0.0,1.0,0.0,0.0,2.0,2.0,0.0,1.0,0.0,0.0,0.0,0.0,1.0,0.0,1.0,3.0,3.0,0.0,2.0,2.0,1.0,0.0,0.0,0.0,1.0,1.0,1.0,1.0,1.0,7.0,1.0,3.0,0.0,1.0,3.0,2.0,1.0,1.0,0.0,1.0,2.0,0.0,0.0,0.0,0.0,1.0,2.0,0.0,0.0,1.0,1.0,1.0,1.0,0.0,0.0,1.0,1.0,0.0,2.0,0.0,11.0,0.0,1.0,1.0,1.0,3.0,1.0,0.0,2.0,1.0,1.0,1.0,0.0,2.0,1.0,0.0,2.0,1.0,1.0,1.0,0.0,0.0,3.0,3.0,0.0,1.0,3.0,1.0,1.0,0.0,0.0,8.0,0.0,0.0,1.0,1.0,0.0,1.0,0.0,0.0,0.0,0.0,0.0,0.0,0.0,1.0,0.0,0.0,1.0,0.0,1.0,0.0,0.0,0.0,1.0,0.0,0.0,2.0,1.0,0.0,0.0,0.0,0.0,0.0,2.0,1.0,0.0,0.0,0.0,0.0,0.0,3.0,1.0,1.0,1.0,1.0,0.0,1.0,3.0,2.0,1.0,0.0,0.0,1.0,0.0,1.0,0.0,0.0,1.0,1.0,1.0,1.0,0.0,4.0,1
245,2461.822608787993,151634.72134999995,2.076484142049512,375.93158377063247,0.18526659451659444,0.09677422114922116,4.48,-0.016125126950363996,7.0,0.0,4.0,2.0,1.0,0.0,1.0,2.0,4.0,0.0,2.0,1.0,2.0,3.0,1.0,3.0,2.0,0.0,5.0,4.0,2.0,2.0,2.0,3.0,4.0,0.0,2.0,2.0,0.0,1.0,2.0,9.0,4.0,3.0,2.0,2.0,0.0,1.0,1.0,1.0,1.0,0.0,2.0,2.0,0.0,0.0,0.0,4.0,0.0,0.0,3.0,3.0,3.0,2.0,3.0,4.0,2.0,3.0,1.0,2.0,4.0,2.0,6.0,1.0,3.0,0.0,1.0,0.0,1.0,0.0,1.0,1.0,4.0,3.0,0.0,2.0,0.0,0.0,1.0,0.0,1.0,1.0,2.0,1.0,2.0,3.0,3.0,2.0,0.0,1.0,3.0,2.0,0.0,2.0,3.0,0.0,1.0,1.0,1.0,0.0,2.0,1.0,1.0,1.0,2.0,2.0,1.0,2.0,0.0,0.0,0.0,0.0,0.0,2.0,0.0,1.0,0.0,0.0,1.0,1.0,0.0,2.0,2.0,1.0,6.0,0.0,1.0,1.0,2.0,0.0,3.0,0.0,1.0,1.0,0.0,2.0,2.0,1.0,1.0,3.0,1.0,1.0,3.0,1.0,2.0,2.0,2.0,1.0,1.0,2.0,1.0,2.0,0.0,1.0,0.0,4.0,1.0,1.0,1.0,1.0,2.0,1.0,4.0,0.0,0.0,0.0,2.0,0.0,0.0,1.0,1.0,1.0,1.0,0.0,2.0,0.0,1.0,1.0,0.0,0.0,1.0,2.0,4.0,1.0,2.0,0.0,11.0,1.0,0.0,1.0,1.0,0.0,1.0,1.0,1.0,1.0,3.0,1.0,2.0,3.0,2.0,0.0,0.0,1.0,2.0,2.0,0.0,1.0,0.0,1.0,1.0,3.0,0.0,0.0,0.0,1.0,3.0,9.0,1.0,0.0,2.0,1.0,3.0,2.0,1.0,1.0,1.0,2.0,0.0,0.0,3.0,3.0,2.0,1.0,0.0,2.0,1.0,1.0,0.0,1.0,0.0,1.0,0.0,0.0,2.0,4.0,1.0,2.0,4.0,2.0,0.0,1.0,2.0,0.0,2.0,2.0,2.0,0.0,4.0,1.0,1.0,1.0,0.0,0.0,3.0,2.0,1.0,1.0,1.0,1.0,3.0,3.0,0.0,1.0,2.0,3.0,5.0,1.0,0.0,4.0,1.0,0.0,1.0,0.0,0.0,0.0,0.0,0.0,0.0,1.0,2.0,0.0,1.0,3.0,2.0,1.0,2.0,0.0,1.0,0.0,1.0,2.0,0.0,0.0,2.0,0.0,1.0,2.0,2.0,0.0,4.0,2.0,2.0,1.0,1.0,3.0,2.0,2.0,1.0,1.0,0.0,0.0,4.0,0.0,0.0,2.0,0.0,2.0,1.0,2.0,2.0,1.0,0.0,1.0,0.0,0.0,0.0,1.0,2.0,1.0,0.0,6.0,3.0,0.0,0.0,0.0,1.0,0.0,1.0,2.0,0.0,1.0,0.0,2.0,0.0,0.0,3.0,2.0,4.0,1.0,6.0,6.0,1.0,2.0,1.0,0.0,3.0,1.0,1.0,3.0,3.0,1.0,8.0,2.0,0.0,3.0,1.0,1.0,2.0,1.0,0.0,4.0,0.0,3.0,2.0,0.0,2.0,5.0,1.0,1.0,4.0,1.0,1.0,0.0,1.0,1.0,1.0,1.0,0.0,1.0,1.0,1.0,3.0,4.0,2.0,1.0,0.0,2.0,3.0,0.0,0.0,2.0,0.0,0.0,0.0,4.0,1.0,1.0,1.0,1.0,4.0,2.0,0.0,1.0,1.0,1.0,1.0,1.0,1.0,1.0,0.0,3.0,1.0,1.0,4.0,1.0,1.0,0.0,2.0,0.0,2.0,1.0,1.0,5.0,2.0,0.0,1.0,2.0,2.0,0.0,3.0,2.0,2.0,1.0,3.0,1.0,1.0,3.0,3.0,1.0,0.0,0.0,1.0,1.0,1.0,9.0,0.0,0.0,1.0,2.0,0.0,2.0,1.0,0.0,3.0,2.0,3.0,2.0,1.0,0.0,0.0,1.0,2.0,0.0,2.0,0.0,1.0,2.0,2.0,2.0,2.0,2.0,2.0,1.0,0.0,1.0,3.0,0.0,0.0,0.0,0.0,0.0,0.0,3.0,1.0,3.0,0.0,0.0,0.0,2.0,2.0,1.0,2.0,0.0,1.0,2.0,1.0,0.0,3.0,0.0,0.0,0.0,2.0,0.0,2.0,2.0,0.0,0.0,1.0,0.0,1.0,2.0,1.0,1.0,1.0,1.0,0.0,0.0,0.0,2.0,3.0,2.0,1.0,1.0,2.0,1.0,1.0,2.0,3.0,5.0,0.0,1.0,3.0,2.0,1.0,1.0,0.0,1.0,4.0,1.0,0.0,1.0,2.0,0.0,1.0,3.0,0.0,3.0,0.0,0.0,0.0,0.0,2.0,2.0,1.0,1.0,1.0,0.0,0.0,2.0,3.0,2.0,1.0,0.0,2.0,0.0,0.0,0.0,1.0,7.0,1.0,1.0,0.0,2.0,4.0,1.0,3.0,0.0,5.0,0.0,0.0,2.0,2.0,1.0,1.0,1.0,0.0,2.0,2.0,0.0,1.0,2.0,0.0,1.0,2.0,1.0,0.0,3.0,1.0,1.0,3.0,2.0,2.0,0.0,2.0,2.0,1.0,1.0,0.0,1.0,3.0,2.0,3.0,1.0,1.0,1.0,0.0,1.0,1.0,1.0,0.0,0.0,3.0,0.0,2.0,2.0,3.0,1.0,2.0,0.0,3.0,6.0,1.0,1.0,3.0,1.0,1.0,4.0,1.0,1.0,3.0,4.0,1.0,0.0,1.0,1.0,0.0,0.0,0.0,2.0,0.0,0.0,2.0,1.0,4.0,3.0,0.0,0.0,0.0,4.0,1.0,0.0,6.0,1.0,0.0,2.0,1.0,0.0,1.0,2.0,1.0,1.0,2.0,1.0,1.0,1.0,1.0,1.0,3.0,2.0,3.0,2.0,1.0,1.0,2.0,2.0,1.0,0.0,1.0,2.0,1.0,3.0,0.0,6.0,1.0,0.0,1.0,2.0,2.0,1.0,2.0,0.0,3.0,1.0,2.0,1.0,2.0,1.0,0.0,1.0,0.0,3.0,4.0,2.0,4.0,2.0,3.0,1.0,3.0,1.0,2.0,1.0,0.0,0.0,13.0,3.0,1.0,2.0,1.0,3.0,0.0,1.0,2.0,0.0,0.0,1.0,1.0,3.0,0.0,2.0,4.0,1.0,4.0,2.0,3.0,2.0,0.0,2.0,0.0,1.0,3.0,1.0,3.0,2.0,2.0,10.0,1.0,1.0,3.0,2.0,3.0,2.0,0.0,0.0,2.0,1.0,4.0,1.0,1.0,1.0,0.0,0.0,3.0,1.0,3.0,0.0,0.0,3.0,2.0,0.0,2.0,2.0,1.0,0.0,1.0,2.0,4.0,0.0,1.0,0.0,0.0,3.0,1.0,4.0,0.0,0.0,0.0,2.0,1.0,1.0,0.0,1.0,0.0,3.0,1.0,1.0,1.0,2.0,3.0,1.0,2.0,4.0,2.0,2.0,3.0,2.0,0.0,15.0,2.0,1.0,2.0,1.0,0.0,2.0,1.0,1.0,1.0,0.0,0.0,1.0,3.0,1.0,0.0,1.0,0.0,1.0,0.0,0.0,4.0,1.0,0.0,2.0,2.0,2.0,2.0,0.0,2.0,2.0,3.0,0.0,1.0,0.0,1.0,0.0,1.0,0.0,1.0,2.0,2.0,1.0,1.0,0.0,0.0,1.0,1.0,1.0,2.0,0.0,0.0,4.0,0.0,2.0,0.0,2.0,1.0,2.0,1.0,2.0,1.0,3.0,1
246,1105.0434227405974,39598.04760204082,1.4292207021721823,340.43974550596295,0.4964769923953597,0.2114692233314683,2.306122448979592,-0.12144685296641324,32.0,1.0,1.0,4.0,0.0,1.0,0.0,2.0,4.0,1.0,3.0,2.0,2.0,1.0,3.0,2.0,1.0,1.0,2.0,3.0,1.0,3.0,3.0,2.0,2.0,2.0,0.0,4.0,0.0,1.0,2.0,26.0,3.0,4.0,5.0,3.0,0.0,3.0,0.0,0.0,3.0,3.0,2.0,3.0,2.0,0.0,1.0,3.0,5.0,0.0,3.0,5.0,1.0,1.0,3.0,0.0,2.0,3.0,2.0,0.0,3.0,1.0,21.0,3.0,1.0,0.0,0.0,0.0,0.0,0.0,0.0,1.0,2.0,0.0,3.0,3.0,1.0,2.0,1.0,3.0,0.0,0.0,1.0,1.0,1.0,1.0,0.0,2.0,0.0,1.0,4.0,4.0,1.0,24.0,1.0,1.0,1.0,2.0,1.0,0.0,0.0,0.0,0.0,1.0,3.0,0.0,3.0,1.0,1.0,0.0,0.0,0.0,2.0,2.0,2.0,3.0,0.0,0.0,0.0,2.0,1.0,6.0,0.0,1.0,12.0,0.0,0.0,0.0,2.0,0.0,0.0,1.0,1.0,0.0,0.0,1.0,0.0,1.0,0.0,2.0,0.0,0.0,1.0,3.0,0.0,2.0,0.0,0.0,0.0,0.0,0.0,1.0,0.0,0.0,0.0,30.0,0.0,1.0,2.0,5.0,0.0,0.0,4.0,2.0,3.0,1.0,0.0,3.0,0.0,2.0,1.0,0.0,1.0,4.0,0.0,1.0,0.0,0.0,2.0,1.0,2.0,1.0,0.0,3.0,0.0,0.0,26.0,0.0,0.0,0.0,0.0,0.0,0.0,1.0,0.0,0.0,0.0,1.0,0.0,0.0,1.0,1.0,1.0,1.0,2.0,2.0,0.0,1.0,0.0,0.0,2.0,2.0,0.0,1.0,0.0,0.0,2.0,32.0,2.0,0.0,0.0,1.0,5.0,1.0,0.0,0.0,1.0,2.0,0.0,2.0,0.0,0.0,0.0,1.0,3.0,2.0,2.0,2.0,1.0,0.0,2.0,6.0,1.0,1.0,0.0,0.0,0.0,2.0,8.0,0.0,0.0,1.0,1.0,0.0,0.0,1.0,1.0,1.0,1.0,1.0,1.0,2.0,0.0,3.0,2.0,1.0,0.0,0.0,1.0,0.0,1.0,2.0,1.0,0.0,0.0,3.0,1.0,1.0,1.0,14.0,2.0,3.0,2.0,0.0,0.0,1.0,1.0,0.0,1.0,0.0,0.0,2.0,0.0,0.0,2.0,0.0,1.0,1.0,3.0,0.0,1.0,3.0,0.0,1.0,2.0,1.0,0.0,0.0,1.0,0.0,10.0,3.0,2.0,0.0,1.0,0.0,1.0,0.0,1.0,0.0,0.0,0.0,2.0,1.0,1.0,0.0,1.0,1.0,1.0,0.0,2.0,7.0,2.0,0.0,0.0,1.0,0.0,0.0,1.0,1.0,2.0,13.0,1.0,1.0,1.0,0.0,0.0,1.0,1.0,2.0,2.0,0.0,0.0,1.0,0.0,0.0,1.0,1.0,2.0,2.0,1.0,0.0,3.0,1.0,0.0,3.0,1.0,2.0,3.0,3.0,0.0,5.0,19.0,3.0,1.0,0.0,1.0,0.0,0.0,1.0,1.0,2.0,2.0,1.0,1.0,0.0,2.0,4.0,0.0,2.0,3.0,1.0,0.0,0.0,1.0,0.0,0.0,3.0,2.0,3.0,0.0,0.0,2.0,13.0,0.0,0.0,0.0,0.0,0.0,0.0,0.0,1.0,1.0,1.0,2.0,3.0,0.0,1.0,3.0,0.0,3.0,2.0,3.0,1.0,0.0,2.0,1.0,1.0,0.0,0.0,0.0,1.0,1.0,1.0,25.0,0.0,2.0,1.0,0.0,0.0,1.0,2.0,1.0,1.0,3.0,1.0,2.0,2.0,0.0,1.0,2.0,3.0,0.0,3.0,1.0,0.0,0.0,0.0,1.0,0.0,0.0,1.0,1.0,0.0,0.0,5.0,0.0,0.0,0.0,3.0,0.0,1.0,0.0,0.0,3.0,1.0,0.0,0.0,0.0,0.0,0.0,0.0,2.0,0.0,0.0,1.0,1.0,0.0,1.0,0.0,3.0,1.0,1.0,1.0,0.0,1.0,19.0,0.0,1.0,0.0,1.0,0.0,2.0,0.0,1.0,1.0,0.0,0.0,1.0,0.0,2.0,6.0,0.0,1.0,0.0,4.0,0.0,1.0,1.0,0.0,0.0,0.0,0.0,1.0,1.0,0.0,1.0,25.0,1.0,0.0,1.0,0.0,0.0,1.0,2.0,1.0,1.0,0.0,1.0,2.0,1.0,2.0,1.0,2.0,0.0,1.0,0.0,2.0,0.0,1.0,0.0,1.0,0.0,0.0,0.0,0.0,0.0,2.0,25.0,1.0,3.0,0.0,0.0,0.0,1.0,1.0,4.0,3.0,1.0,1.0,2.0,1.0,4.0,0.0,1.0,2.0,0.0,1.0,0.0,0.0,0.0,2.0,1.0,0.0,2.0,3.0,1.0,0.0,0.0,8.0,0.0,0.0,1.0,1.0,1.0,0.0,1.0,1.0,1.0,0.0,2.0,2.0,0.0,1.0,1.0,1.0,1.0,1.0,0.0,0.0,0.0,1.0,1.0,3.0,1.0,0.0,0.0,2.0,2.0,0.0,19.0,0.0,0.0,1.0,2.0,0.0,1.0,1.0,0.0,0.0,2.0,4.0,0.0,1.0,0.0,2.0,0.0,0.0,0.0,1.0,1.0,1.0,0.0,1.0,1.0,1.0,0.0,0.0,1.0,1.0,1.0,33.0,1.0,0.0,1.0,1.0,3.0,0.0,2.0,1.0,3.0,0.0,0.0,0.0,1.0,3.0,2.0,0.0,0.0,2.0,3.0,0.0,4.0,1.0,3.0,1.0,0.0,0.0,0.0,1.0,0.0,0.0,22.0,2.0,0.0,0.0,1.0,0.0,1.0,2.0,1.0,1.0,2.0,1.0,2.0,4.0,1.0,0.0,2.0,3.0,0.0,1.0,2.0,0.0,3.0,2.0,1.0,0.0,0.0,1.0,1.0,1.0,2.0,18.0,0.0,1.0,0.0,3.0,2.0,0.0,0.0,0.0,2.0,2.0,3.0,1.0,3.0,3.0,0.0,2.0,2.0,0.0,0.0,1.0,1.0,1.0,1.0,1.0,2.0,1.0,4.0,0.0,2.0,2.0,23.0,1.0,0.0,3.0,1.0,1.0,3.0,1.0,2.0,1.0,1.0,1.0,1.0,2.0,1.0,0.0,1.0,0.0,2.0,0.0,0.0,1.0,0.0,3.0,1.0,0.0,1.0,0.0,1.0,1.0,0.0,6.0,0.0,0.0,3.0,1.0,0.0,0.0,1.0,0.0,0.0,0.0,0.0,0.0,2.0,1.0,1.0,1.0,1.0,2.0,1.0,1.0,0.0,1.0,1.0,2.0,1.0,4.0,0.0,2.0,2.0,0.0,24.0,0.0,1.0,0.0,5.0,2.0,2.0,0.0,0.0,0.0,1.0,3.0,1.0,4.0,0.0,0.0,3.0,0.0,0.0,0.0,0.0,1.0,2.0,0.0,0.0,0.0,3.0,3.0,2.0,1.0,1.0,18.0,0.0,0.0,1.0,2.0,0.0,1.0,2.0,0.0,0.0,2.0,1.0,2.0,3.0,1.0,1.0,2.0,2.0,0.0,1.0,0.0,2.0,0.0,0.0,2.0,0.0,1.0,0.0,1.0,1.0,1.0,20.0,0.0,1.0,1.0,0.0,2.0,0.0,0.0,1.0,0.0,0.0,0.0,0.0,1.0,1.0,1.0,1.0,0.0,0.0,1.0,2.0,0.0,0.0,1.0,2.0,0.0,1.0,1.0,1.0,0.0,0.0,13.0,1
247,2150.789110139492,73223.74345,1.8774957165521504,279.7318489469842,0.2814667277167278,0.21220890128390132,2.47,-0.10310550103466225,20.0,4.0,2.0,0.0,5.0,6.0,5.0,3.0,3.0,1.0,2.0,1.0,1.0,2.0,2.0,4.0,3.0,2.0,2.0,1.0,2.0,3.0,1.0,2.0,5.0,0.0,1.0,1.0,2.0,4.0,2.0,19.0,3.0,2.0,2.0,4.0,1.0,3.0,8.0,2.0,2.0,3.0,2.0,4.0,0.0,3.0,1.0,3.0,3.0,2.0,8.0,11.0,6.0,5.0,0.0,2.0,1.0,3.0,3.0,4.0,4.0,3.0,4.0,0.0,0.0,2.0,0.0,1.0,1.0,1.0,1.0,0.0,2.0,1.0,1.0,2.0,1.0,0.0,1.0,5.0,0.0,1.0,0.0,0.0,1.0,2.0,0.0,2.0,1.0,0.0,4.0,4.0,0.0,1.0,0.0,2.0,0.0,0.0,1.0,1.0,2.0,0.0,2.0,1.0,0.0,1.0,0.0,0.0,1.0,0.0,1.0,0.0,1.0,1.0,0.0,0.0,0.0,0.0,3.0,1.0,2.0,2.0,0.0,0.0,6.0,1.0,1.0,1.0,0.0,1.0,0.0,2.0,0.0,2.0,1.0,1.0,1.0,0.0,3.0,1.0,0.0,1.0,1.0,0.0,2.0,2.0,3.0,0.0,2.0,1.0,2.0,6.0,1.0,2.0,1.0,16.0,1.0,1.0,2.0,2.0,2.0,0.0,4.0,1.0,2.0,0.0,2.0,1.0,2.0,0.0,1.0,1.0,0.0,2.0,4.0,1.0,1.0,0.0,1.0,1.0,4.0,2.0,0.0,0.0,0.0,0.0,8.0,1.0,0.0,1.0,1.0,0.0,2.0,2.0,0.0,0.0,0.0,1.0,1.0,2.0,0.0,2.0,0.0,5.0,1.0,0.0,2.0,3.0,3.0,0.0,3.0,1.0,1.0,0.0,3.0,1.0,0.0,5.0,0.0,0.0,2.0,0.0,4.0,2.0,1.0,2.0,2.0,1.0,0.0,1.0,3.0,0.0,1.0,1.0,1.0,1.0,2.0,2.0,0.0,2.0,2.0,1.0,2.0,3.0,0.0,1.0,0.0,0.0,15.0,1.0,2.0,0.0,1.0,2.0,0.0,2.0,0.0,2.0,0.0,1.0,0.0,5.0,0.0,3.0,4.0,4.0,1.0,4.0,0.0,1.0,3.0,3.0,0.0,1.0,1.0,0.0,1.0,0.0,0.0,3.0,3.0,2.0,3.0,2.0,0.0,3.0,2.0,0.0,1.0,0.0,1.0,2.0,1.0,0.0,1.0,2.0,0.0,1.0,2.0,1.0,1.0,5.0,2.0,0.0,1.0,1.0,1.0,1.0,1.0,0.0,12.0,2.0,2.0,2.0,0.0,1.0,1.0,0.0,1.0,1.0,0.0,1.0,0.0,1.0,0.0,0.0,0.0,0.0,3.0,1.0,1.0,2.0,1.0,0.0,1.0,0.0,0.0,0.0,0.0,0.0,1.0,6.0,4.0,1.0,1.0,0.0,2.0,2.0,0.0,1.0,1.0,1.0,0.0,3.0,1.0,2.0,1.0,2.0,1.0,0.0,2.0,3.0,1.0,3.0,2.0,0.0,1.0,2.0,2.0,3.0,1.0,0.0,13.0,5.0,2.0,3.0,2.0,5.0,0.0,1.0,2.0,1.0,2.0,4.0,5.0,3.0,4.0,6.0,0.0,1.0,3.0,5.0,1.0,0.0,1.0,3.0,1.0,2.0,0.0,0.0,1.0,1.0,3.0,9.0,0.0,0.0,1.0,4.0,1.0,1.0,1.0,3.0,1.0,1.0,1.0,1.0,1.0,0.0,1.0,2.0,5.0,2.0,1.0,0.0,0.0,0.0,0.0,1.0,0.0,1.0,1.0,2.0,2.0,1.0,3.0,2.0,0.0,0.0,0.0,0.0,1.0,2.0,0.0,3.0,0.0,0.0,3.0,0.0,1.0,1.0,2.0,4.0,1.0,0.0,1.0,3.0,0.0,3.0,0.0,3.0,0.0,2.0,2.0,0.0,0.0,7.0,1.0,0.0,2.0,2.0,0.0,1.0,1.0,3.0,1.0,3.0,2.0,0.0,4.0,1.0,0.0,4.0,2.0,0.0,3.0,3.0,2.0,0.0,2.0,1.0,0.0,1.0,1.0,1.0,0.0,0.0,5.0,3.0,4.0,0.0,0.0,2.0,2.0,0.0,0.0,0.0,1.0,2.0,1.0,0.0,4.0,5.0,2.0,0.0,0.0,0.0,0.0,2.0,1.0,1.0,0.0,2.0,3.0,1.0,0.0,1.0,0.0,8.0,0.0,0.0,2.0,2.0,1.0,3.0,1.0,1.0,0.0,1.0,1.0,2.0,2.0,2.0,0.0,2.0,1.0,0.0,2.0,1.0,1.0,1.0,0.0,0.0,3.0,0.0,0.0,3.0,0.0,0.0,8.0,1.0,1.0,0.0,0.0,2.0,1.0,0.0,0.0,0.0,4.0,2.0,1.0,3.0,1.0,1.0,1.0,2.0,0.0,0.0,1.0,0.0,0.0,1.0,1.0,1.0,1.0,0.0,0.0,0.0,0.0,4.0,0.0,0.0,2.0,1.0,3.0,5.0,2.0,0.0,0.0,2.0,2.0,9.0,1.0,1.0,3.0,2.0,0.0,3.0,0.0,2.0,1.0,1.0,1.0,1.0,1.0,0.0,0.0,0.0,1.0,2.0,8.0,3.0,1.0,2.0,3.0,2.0,3.0,3.0,0.0,0.0,6.0,6.0,1.0,3.0,0.0,3.0,1.0,0.0,5.0,2.0,0.0,2.0,3.0,0.0,3.0,0.0,2.0,1.0,2.0,2.0,4.0,13.0,0.0,2.0,2.0,1.0,2.0,2.0,2.0,0.0,2.0,1.0,1.0,1.0,2.0,0.0,1.0,0.0,0.0,0.0,1.0,1.0,2.0,1.0,2.0,2.0,1.0,0.0,0.0,0.0,2.0,4.0,10.0,0.0,2.0,1.0,1.0,2.0,0.0,0.0,2.0,1.0,2.0,2.0,0.0,2.0,3.0,2.0,4.0,3.0,1.0,2.0,2.0,2.0,3.0,2.0,2.0,0.0,2.0,1.0,3.0,3.0,2.0,10.0,0.0,2.0,0.0,1.0,2.0,1.0,2.0,1.0,2.0,1.0,1.0,2.0,2.0,1.0,1.0,2.0,0.0,2.0,2.0,0.0,0.0,3.0,1.0,2.0,1.0,3.0,4.0,2.0,2.0,2.0,14.0,5.0,2.0,1.0,3.0,0.0,2.0,4.0,0.0,3.0,0.0,2.0,1.0,5.0,5.0,1.0,4.0,0.0,1.0,1.0,0.0,2.0,1.0,2.0,0.0,0.0,2.0,1.0,0.0,0.0,2.0,14.0,2.0,2.0,1.0,0.0,0.0,2.0,1.0,0.0,0.0,0.0,1.0,2.0,0.0,2.0,1.0,1.0,5.0,1.0,4.0,2.0,2.0,1.0,0.0,0.0,2.0,3.0,0.0,0.0,2.0,3.0,8.0,2.0,1.0,1.0,1.0,3.0,3.0,0.0,0.0,0.0,3.0,1.0,2.0,0.0,0.0,0.0,5.0,2.0,2.0,1.0,4.0,1.0,0.0,0.0,3.0,1.0,3.0,3.0,4.0,0.0,1.0,7.0,0.0,0.0,1.0,1.0,1.0,0.0,0.0,3.0,4.0,1.0,2.0,4.0,0.0,1.0,2.0,1.0,1.0,1.0,3.0,2.0,1.0,1.0,2.0,1.0,2.0,1.0,2.0,1.0,2.0,2.0,7.0,0.0,5.0,4.0,0.0,1.0,2.0,1.0,1.0,0.0,0.0,0.0,0.0,0.0,2.0,0.0,2.0,1.0,0.0,2.0,0.0,0.0,2.0,0.0,0.0,2.0,1.0,0.0,1.0,1.0,1.0,3.0,1
248,564.9306227244124,18973.6754,0.9321642692902805,342.0171307597632,0.6943282828282829,0.09984006734006734,2.4,-0.19671222967637889,60.0,0.0,2.0,0.0,4.0,2.0,3.0,2.0,1.0,1.0,1.0,3.0,1.0,1.0,0.0,0.0,1.0,0.0,1.0,2.0,3.0,2.0,0.0,0.0,1.0,1.0,1.0,0.0,2.0,0.0,0.0,11.0,0.0,1.0,3.0,1.0,1.0,1.0,0.0,0.0,1.0,1.0,1.0,0.0,1.0,0.0,0.0,2.0,0.0,0.0,0.0,0.0,1.0,1.0,0.0,0.0,1.0,0.0,1.0,0.0,0.0,0.0,12.0,0.0,1.0,0.0,0.0,0.0,1.0,2.0,0.0,1.0,1.0,0.0,0.0,0.0,1.0,1.0,0.0,0.0,3.0,2.0,0.0,0.0,0.0,0.0,0.0,0.0,0.0,0.0,1.0,0.0,0.0,8.0,0.0,2.0,0.0,0.0,1.0,0.0,0.0,0.0,0.0,0.0,0.0,2.0,0.0,1.0,0.0,1.0,0.0,1.0,2.0,0.0,1.0,1.0,2.0,0.0,0.0,0.0,4.0,3.0,0.0,0.0,35.0,0.0,0.0,0.0,0.0,0.0,2.0,1.0,2.0,0.0,0.0,1.0,1.0,0.0,0.0,0.0,0.0,0.0,1.0,0.0,2.0,1.0,1.0,0.0,0.0,1.0,1.0,1.0,0.0,1.0,0.0,9.0,1.0,2.0,0.0,1.0,0.0,1.0,1.0,0.0,0.0,0.0,0.0,0.0,2.0,0.0,0.0,2.0,2.0,3.0,0.0,0.0,0.0,0.0,1.0,0.0,1.0,0.0,0.0,0.0,0.0,1.0,22.0,0.0,1.0,1.0,1.0,0.0,0.0,2.0,0.0,2.0,0.0,1.0,1.0,2.0,1.0,1.0,0.0,0.0,1.0,0.0,0.0,0.0,1.0,0.0,2.0,1.0,0.0,0.0,2.0,1.0,0.0,29.0,1.0,1.0,2.0,0.0,1.0,1.0,0.0,0.0,1.0,0.0,0.0,1.0,0.0,1.0,0.0,0.0,1.0,0.0,1.0,0.0,0.0,0.0,1.0,1.0,0.0,1.0,0.0,0.0,3.0,0.0,32.0,0.0,1.0,1.0,0.0,0.0,0.0,0.0,2.0,0.0,1.0,1.0,0.0,1.0,0.0,0.0,0.0,0.0,2.0,2.0,0.0,2.0,4.0,1.0,1.0,0.0,0.0,0.0,0.0,0.0,0.0,20.0,0.0,1.0,0.0,0.0,0.0,1.0,1.0,0.0,0.0,1.0,0.0,0.0,1.0,1.0,1.0,0.0,0.0,1.0,0.0,0.0,1.0,2.0,0.0,1.0,0.0,1.0,0.0,1.0,1.0,0.0,31.0,1.0,0.0,0.0,1.0,0.0,0.0,1.0,2.0,0.0,1.0,1.0,2.0,0.0,1.0,0.0,0.0,1.0,1.0,0.0,1.0,1.0,1.0,1.0,1.0,0.0,1.0,0.0,0.0,1.0,0.0,19.0,0.0,1.0,0.0,0.0,1.0,0.0,0.0,2.0,1.0,1.0,0.0,1.0,0.0,0.0,1.0,1.0,0.0,0.0,0.0,0.0,0.0,0.0,0.0,1.0,0.0,1.0,1.0,0.0,0.0,0.0,28.0,0.0,2.0,3.0,0.0,0.0,1.0,1.0,0.0,1.0,1.0,0.0,0.0,0.0,0.0,1.0,0.0,1.0,0.0,0.0,0.0,1.0,2.0,2.0,1.0,1.0,0.0,0.0,0.0,0.0,0.0,7.0,0.0,1.0,0.0,1.0,0.0,1.0,0.0,0.0,0.0,0.0,0.0,2.0,1.0,1.0,0.0,0.0,0.0,0.0,0.0,0.0,0.0,0.0,0.0,0.0,0.0,0.0,1.0,0.0,1.0,0.0,1.0,0.0,0.0,0.0,0.0,1.0,0.0,0.0,0.0,0.0,1.0,0.0,2.0,0.0,0.0,1.0,0.0,0.0,0.0,4.0,0.0,2.0,0.0,0.0,0.0,1.0,0.0,1.0,3.0,1.0,0.0,13.0,0.0,1.0,0.0,2.0,0.0,1.0,0.0,0.0,2.0,1.0,0.0,0.0,1.0,0.0,1.0,1.0,1.0,0.0,2.0,0.0,1.0,1.0,0.0,1.0,1.0,1.0,0.0,0.0,0.0,0.0,26.0,0.0,0.0,1.0,1.0,1.0,0.0,0.0,0.0,0.0,3.0,0.0,0.0,0.0,1.0,1.0,0.0,0.0,0.0,0.0,2.0,1.0,0.0,1.0,0.0,1.0,0.0,0.0,0.0,2.0,0.0,12.0,1.0,0.0,0.0,0.0,0.0,0.0,1.0,0.0,4.0,0.0,0.0,0.0,1.0,0.0,0.0,0.0,1.0,1.0,0.0,2.0,0.0,1.0,2.0,0.0,0.0,0.0,0.0,1.0,0.0,0.0,11.0,0.0,0.0,0.0,1.0,0.0,0.0,1.0,0.0,1.0,1.0,0.0,2.0,0.0,1.0,2.0,2.0,0.0,1.0,0.0,3.0,1.0,0.0,0.0,0.0,0.0,0.0,1.0,1.0,1.0,0.0,29.0,1.0,0.0,0.0,0.0,1.0,2.0,2.0,0.0,0.0,1.0,4.0,0.0,1.0,1.0,0.0,0.0,0.0,0.0,0.0,0.0,0.0,1.0,0.0,0.0,0.0,0.0,1.0,1.0,0.0,1.0,19.0,0.0,0.0,1.0,1.0,0.0,2.0,0.0,0.0,0.0,3.0,0.0,4.0,0.0,1.0,0.0,0.0,0.0,1.0,1.0,0.0,0.0,0.0,2.0,0.0,1.0,0.0,0.0,0.0,0.0,1.0,26.0,0.0,0.0,0.0,0.0,1.0,1.0,1.0,0.0,1.0,4.0,0.0,0.0,0.0,0.0,0.0,1.0,1.0,0.0,1.0,0.0,0.0,1.0,1.0,0.0,0.0,1.0,0.0,1.0,1.0,0.0,24.0,0.0,2.0,1.0,1.0,1.0,0.0,0.0,2.0,0.0,0.0,0.0,0.0,2.0,0.0,0.0,0.0,0.0,0.0,1.0,0.0,1.0,0.0,1.0,0.0,1.0,0.0,0.0,0.0,0.0,0.0,6.0,0.0,0.0,0.0,0.0,0.0,0.0,0.0,0.0,0.0,0.0,1.0,2.0,0.0,1.0,0.0,0.0,0.0,0.0,0.0,1.0,0.0,2.0,2.0,1.0,1.0,1.0,0.0,1.0,2.0,0.0,31.0,0.0,1.0,1.0,0.0,0.0,0.0,1.0,0.0,0.0,0.0,0.0,0.0,0.0,0.0,1.0,1.0,0.0,0.0,2.0,0.0,0.0,0.0,1.0,1.0,1.0,0.0,0.0,2.0,0.0,0.0,2.0,0.0,0.0,1.0,0.0,1.0,0.0,2.0,1.0,0.0,0.0,1.0,2.0,3.0,0.0,2.0,0.0,1.0,1.0,2.0,1.0,2.0,1.0,0.0,1.0,1.0,1.0,1.0,1.0,0.0,0.0,39.0,0.0,1.0,1.0,1.0,0.0,0.0,0.0,0.0,0.0,0.0,1.0,2.0,0.0,1.0,1.0,0.0,0.0,0.0,1.0,2.0,0.0,0.0,0.0,0.0,0.0,2.0,0.0,0.0,0.0,0.0,11.0,0.0,0.0,1.0,0.0,0.0,0.0,0.0,1.0,2.0,0.0,1.0,0.0,1.0,0.0,1.0,0.0,0.0,0.0,0.0,0.0,1.0,1.0,0.0,0.0,0.0,0.0,1.0,1.0,1.0,0.0,10.0,0.0,1.0,0.0,0.0,0.0,0.0,0.0,0.0,0.0,1.0,0.0,1.0,0.0,1.0,0.0,0.0,0.0,0.0,0.0,1.0,0.0,0.0,0.0,1.0,0.0,0.0,0.0,0.0,0.0,1.0,2.0,1
249,1586.257427277006,76733.58904999998,1.8253982499011792,296.4031949784821,0.27774422799422804,0.10805597643097642,3.62,-0.02607070692653225,38.0,1.0,5.0,1.0,1.0,4.0,4.0,2.0,4.0,4.0,3.0,2.0,0.0,3.0,2.0,1.0,4.0,2.0,1.0,6.0,2.0,2.0,2.0,2.0,3.0,4.0,4.0,2.0,0.0,2.0,1.0,32.0,4.0,1.0,3.0,1.0,1.0,3.0,4.0,1.0,3.0,2.0,2.0,0.0,5.0,2.0,0.0,3.0,1.0,1.0,1.0,5.0,2.0,2.0,0.0,5.0,3.0,1.0,4.0,0.0,8.0,2.0,22.0,2.0,2.0,2.0,1.0,2.0,1.0,0.0,2.0,1.0,1.0,1.0,1.0,1.0,1.0,0.0,1.0,0.0,1.0,1.0,1.0,0.0,2.0,2.0,1.0,1.0,0.0,1.0,5.0,2.0,0.0,11.0,1.0,1.0,0.0,0.0,0.0,1.0,2.0,0.0,2.0,0.0,1.0,0.0,1.0,0.0,0.0,1.0,3.0,0.0,2.0,1.0,1.0,0.0,1.0,0.0,1.0,1.0,4.0,2.0,1.0,0.0,10.0,1.0,0.0,1.0,1.0,1.0,1.0,0.0,0.0,0.0,2.0,1.0,1.0,0.0,0.0,0.0,1.0,1.0,4.0,0.0,0.0,1.0,2.0,1.0,0.0,1.0,3.0,2.0,0.0,0.0,1.0,14.0,0.0,2.0,2.0,3.0,4.0,1.0,0.0,0.0,0.0,0.0,1.0,1.0,0.0,0.0,0.0,2.0,0.0,2.0,1.0,0.0,1.0,1.0,1.0,1.0,5.0,0.0,0.0,0.0,1.0,1.0,13.0,2.0,0.0,2.0,0.0,0.0,2.0,0.0,1.0,2.0,0.0,0.0,0.0,4.0,1.0,0.0,2.0,2.0,0.0,1.0,0.0,0.0,0.0,0.0,0.0,3.0,0.0,0.0,2.0,3.0,2.0,11.0,2.0,1.0,1.0,2.0,0.0,1.0,0.0,0.0,0.0,0.0,2.0,0.0,1.0,1.0,1.0,1.0,0.0,0.0,4.0,3.0,0.0,1.0,4.0,4.0,1.0,0.0,1.0,1.0,2.0,1.0,17.0,0.0,1.0,1.0,0.0,0.0,1.0,2.0,1.0,0.0,0.0,2.0,1.0,3.0,1.0,0.0,2.0,2.0,2.0,0.0,1.0,1.0,2.0,1.0,0.0,3.0,0.0,1.0,1.0,2.0,0.0,14.0,1.0,1.0,1.0,0.0,1.0,2.0,2.0,1.0,0.0,0.0,2.0,0.0,0.0,0.0,2.0,0.0,0.0,0.0,1.0,0.0,3.0,3.0,1.0,1.0,0.0,0.0,0.0,0.0,0.0,1.0,18.0,2.0,1.0,3.0,0.0,2.0,1.0,1.0,0.0,1.0,1.0,2.0,3.0,3.0,1.0,1.0,1.0,2.0,0.0,0.0,1.0,3.0,2.0,1.0,0.0,0.0,0.0,0.0,0.0,0.0,1.0,7.0,1.0,1.0,0.0,0.0,3.0,0.0,4.0,0.0,1.0,1.0,1.0,2.0,2.0,2.0,0.0,2.0,0.0,1.0,1.0,3.0,1.0,2.0,1.0,1.0,1.0,1.0,0.0,1.0,1.0,0.0,9.0,2.0,1.0,2.0,1.0,2.0,1.0,3.0,1.0,2.0,0.0,1.0,0.0,0.0,6.0,0.0,0.0,2.0,4.0,2.0,1.0,2.0,1.0,0.0,0.0,1.0,1.0,0.0,2.0,1.0,1.0,9.0,0.0,0.0,2.0,0.0,2.0,0.0,3.0,0.0,2.0,1.0,0.0,2.0,1.0,1.0,0.0,1.0,3.0,2.0,2.0,1.0,0.0,2.0,0.0,0.0,0.0,1.0,0.0,1.0,1.0,0.0,18.0,0.0,2.0,2.0,2.0,0.0,2.0,1.0,1.0,1.0,2.0,0.0,2.0,0.0,0.0,0.0,2.0,4.0,2.0,0.0,2.0,0.0,1.0,1.0,3.0,0.0,0.0,1.0,0.0,0.0,1.0,15.0,1.0,0.0,1.0,0.0,1.0,1.0,0.0,0.0,1.0,0.0,3.0,2.0,0.0,2.0,1.0,1.0,0.0,4.0,0.0,0.0,0.0,2.0,4.0,0.0,1.0,0.0,3.0,1.0,0.0,4.0,9.0,1.0,0.0,0.0,0.0,0.0,1.0,1.0,1.0,1.0,1.0,0.0,0.0,2.0,4.0,2.0,0.0,1.0,0.0,1.0,1.0,0.0,1.0,0.0,0.0,0.0,0.0,0.0,1.0,1.0,0.0,7.0,0.0,1.0,0.0,2.0,1.0,2.0,2.0,2.0,0.0,0.0,0.0,2.0,1.0,4.0,0.0,0.0,0.0,0.0,0.0,0.0,1.0,0.0,0.0,0.0,1.0,3.0,0.0,1.0,0.0,2.0,7.0,0.0,3.0,1.0,0.0,1.0,2.0,3.0,1.0,2.0,0.0,0.0,3.0,0.0,1.0,0.0,0.0,0.0,4.0,0.0,0.0,2.0,0.0,2.0,0.0,0.0,0.0,0.0,2.0,0.0,0.0,13.0,0.0,1.0,1.0,1.0,4.0,1.0,0.0,2.0,0.0,0.0,2.0,4.0,0.0,2.0,0.0,0.0,0.0,0.0,0.0,1.0,1.0,4.0,3.0,2.0,3.0,0.0,0.0,0.0,2.0,0.0,13.0,1.0,2.0,0.0,1.0,2.0,2.0,0.0,0.0,0.0,3.0,2.0,4.0,0.0,1.0,0.0,0.0,3.0,0.0,1.0,0.0,2.0,2.0,0.0,1.0,0.0,0.0,1.0,1.0,0.0,1.0,16.0,0.0,3.0,2.0,0.0,1.0,3.0,0.0,0.0,2.0,2.0,2.0,1.0,1.0,5.0,3.0,0.0,0.0,0.0,1.0,1.0,1.0,0.0,1.0,1.0,0.0,0.0,1.0,2.0,0.0,0.0,34.0,3.0,0.0,0.0,2.0,3.0,0.0,2.0,2.0,3.0,1.0,0.0,3.0,0.0,2.0,0.0,4.0,0.0,3.0,1.0,1.0,3.0,3.0,0.0,0.0,0.0,0.0,0.0,2.0,1.0,0.0,15.0,1.0,0.0,1.0,3.0,0.0,0.0,4.0,1.0,2.0,1.0,2.0,1.0,0.0,1.0,1.0,2.0,1.0,1.0,2.0,2.0,0.0,1.0,2.0,3.0,0.0,1.0,2.0,0.0,2.0,0.0,29.0,0.0,0.0,0.0,2.0,0.0,1.0,0.0,2.0,1.0,1.0,1.0,1.0,3.0,1.0,1.0,0.0,0.0,4.0,3.0,0.0,0.0,0.0,3.0,3.0,0.0,1.0,0.0,0.0,0.0,1.0,12.0,0.0,1.0,3.0,0.0,1.0,2.0,3.0,1.0,1.0,1.0,1.0,2.0,2.0,0.0,1.0,0.0,5.0,4.0,1.0,3.0,0.0,1.0,1.0,0.0,1.0,1.0,2.0,1.0,0.0,1.0,24.0,1.0,1.0,2.0,2.0,2.0,2.0,1.0,0.0,1.0,0.0,0.0,3.0,0.0,2.0,1.0,3.0,1.0,0.0,3.0,2.0,1.0,2.0,0.0,0.0,0.0,2.0,2.0,2.0,0.0,0.0,13.0,0.0,1.0,0.0,2.0,1.0,1.0,0.0,0.0,0.0,0.0,0.0,0.0,1.0,1.0,0.0,0.0,0.0,0.0,0.0,0.0,0.0,2.0,0.0,0.0,1.0,2.0,0.0,1.0,1.0,1.0,6.0,0.0,2.0,2.0,1.0,0.0,2.0,1.0,1.0,2.0,0.0,1.0,1.0,1.0,0.0,1.0,2.0,0.0,1.0,0.0,1.0,0.0,0.0,2.0,0.0,0.0,1.0,0.0,0.0,1.0,0.0,9.0,1
250,833.2528707215864,38669.31020202021,1.381371172257122,394.79342089876855,0.5050823755369211,0.11352157943067036,3.474747474747475,-0.07661499455888009,26.0,0.0,0.0,1.0,2.0,0.0,1.0,1.0,3.0,1.0,2.0,1.0,0.0,2.0,1.0,1.0,1.0,3.0,2.0,0.0,1.0,1.0,2.0,1.0,1.0,1.0,1.0,0.0,1.0,2.0,1.0,24.0,1.0,0.0,0.0,0.0,0.0,0.0,1.0,3.0,1.0,1.0,1.0,1.0,1.0,0.0,0.0,1.0,1.0,1.0,3.0,1.0,1.0,2.0,0.0,1.0,1.0,0.0,1.0,1.0,0.0,3.0,11.0,0.0,2.0,0.0,0.0,0.0,1.0,0.0,1.0,1.0,1.0,0.0,2.0,0.0,1.0,2.0,0.0,4.0,0.0,0.0,1.0,0.0,0.0,0.0,0.0,1.0,0.0,0.0,2.0,1.0,0.0,10.0,0.0,0.0,0.0,0.0,2.0,0.0,2.0,0.0,0.0,0.0,1.0,0.0,0.0,0.0,0.0,0.0,1.0,1.0,2.0,1.0,3.0,1.0,0.0,0.0,0.0,1.0,0.0,0.0,0.0,0.0,15.0,0.0,0.0,0.0,1.0,0.0,1.0,0.0,1.0,4.0,1.0,0.0,1.0,2.0,1.0,4.0,0.0,1.0,2.0,0.0,0.0,0.0,0.0,0.0,0.0,0.0,1.0,0.0,0.0,0.0,0.0,12.0,1.0,1.0,1.0,2.0,3.0,0.0,0.0,0.0,1.0,0.0,0.0,1.0,0.0,0.0,1.0,0.0,1.0,2.0,0.0,0.0,0.0,0.0,0.0,1.0,1.0,0.0,0.0,0.0,0.0,0.0,7.0,1.0,0.0,0.0,1.0,0.0,2.0,2.0,0.0,0.0,0.0,0.0,1.0,0.0,1.0,1.0,1.0,1.0,0.0,0.0,2.0,1.0,1.0,0.0,0.0,0.0,1.0,0.0,0.0,0.0,2.0,8.0,0.0,0.0,0.0,0.0,2.0,1.0,0.0,2.0,1.0,2.0,0.0,2.0,1.0,1.0,1.0,0.0,1.0,0.0,3.0,3.0,0.0,0.0,4.0,2.0,0.0,0.0,0.0,1.0,0.0,0.0,12.0,0.0,4.0,0.0,1.0,0.0,0.0,1.0,2.0,0.0,0.0,1.0,2.0,1.0,2.0,2.0,1.0,0.0,1.0,0.0,0.0,0.0,0.0,0.0,0.0,2.0,1.0,2.0,0.0,0.0,0.0,20.0,2.0,0.0,1.0,0.0,2.0,2.0,1.0,0.0,0.0,2.0,1.0,0.0,0.0,0.0,0.0,0.0,1.0,0.0,2.0,1.0,0.0,2.0,2.0,1.0,0.0,4.0,1.0,2.0,3.0,1.0,31.0,0.0,2.0,1.0,2.0,1.0,0.0,0.0,0.0,1.0,2.0,1.0,1.0,3.0,2.0,1.0,1.0,0.0,1.0,0.0,1.0,1.0,1.0,1.0,1.0,0.0,1.0,1.0,0.0,0.0,1.0,9.0,0.0,0.0,0.0,0.0,2.0,0.0,1.0,0.0,1.0,0.0,0.0,2.0,0.0,1.0,1.0,1.0,2.0,0.0,2.0,1.0,2.0,1.0,2.0,0.0,1.0,1.0,1.0,0.0,0.0,0.0,22.0,0.0,1.0,0.0,5.0,2.0,3.0,0.0,0.0,1.0,0.0,0.0,0.0,2.0,2.0,2.0,0.0,0.0,4.0,0.0,1.0,0.0,1.0,0.0,0.0,0.0,1.0,0.0,3.0,2.0,0.0,11.0,0.0,0.0,2.0,0.0,0.0,1.0,1.0,0.0,0.0,1.0,1.0,1.0,0.0,0.0,0.0,0.0,4.0,0.0,2.0,0.0,2.0,0.0,0.0,2.0,0.0,0.0,1.0,0.0,0.0,0.0,26.0,0.0,0.0,0.0,0.0,2.0,2.0,0.0,2.0,0.0,1.0,0.0,1.0,0.0,0.0,2.0,2.0,0.0,0.0,0.0,2.0,1.0,0.0,1.0,0.0,1.0,0.0,0.0,0.0,0.0,0.0,9.0,0.0,0.0,0.0,2.0,3.0,1.0,0.0,1.0,1.0,0.0,0.0,2.0,1.0,0.0,1.0,1.0,0.0,1.0,0.0,1.0,0.0,3.0,1.0,0.0,1.0,1.0,0.0,0.0,1.0,0.0,11.0,2.0,0.0,0.0,0.0,2.0,1.0,1.0,2.0,1.0,3.0,2.0,0.0,0.0,1.0,2.0,0.0,0.0,1.0,2.0,2.0,0.0,1.0,1.0,0.0,4.0,2.0,0.0,0.0,0.0,0.0,12.0,0.0,0.0,0.0,1.0,0.0,2.0,1.0,1.0,0.0,0.0,2.0,1.0,0.0,0.0,1.0,2.0,0.0,0.0,0.0,0.0,0.0,0.0,0.0,0.0,3.0,0.0,1.0,0.0,0.0,0.0,4.0,0.0,0.0,2.0,0.0,1.0,0.0,0.0,0.0,2.0,0.0,0.0,4.0,0.0,3.0,2.0,1.0,0.0,0.0,2.0,1.0,3.0,1.0,1.0,3.0,0.0,1.0,1.0,1.0,0.0,1.0,30.0,0.0,0.0,0.0,0.0,1.0,1.0,1.0,0.0,0.0,0.0,1.0,4.0,1.0,2.0,1.0,1.0,3.0,0.0,1.0,1.0,1.0,0.0,0.0,0.0,0.0,1.0,0.0,0.0,0.0,2.0,13.0,0.0,0.0,0.0,2.0,0.0,4.0,0.0,1.0,0.0,1.0,1.0,0.0,0.0,0.0,0.0,0.0,0.0,2.0,1.0,0.0,0.0,3.0,1.0,1.0,0.0,0.0,1.0,0.0,0.0,1.0,15.0,0.0,0.0,1.0,0.0,3.0,0.0,0.0,0.0,0.0,2.0,1.0,1.0,2.0,0.0,2.0,0.0,1.0,1.0,2.0,0.0,3.0,1.0,1.0,2.0,1.0,1.0,1.0,0.0,0.0,0.0,22.0,1.0,0.0,0.0,0.0,3.0,1.0,0.0,0.0,0.0,1.0,0.0,0.0,0.0,1.0,0.0,1.0,0.0,3.0,2.0,0.0,2.0,0.0,2.0,3.0,2.0,1.0,1.0,1.0,0.0,3.0,20.0,0.0,0.0,0.0,2.0,1.0,1.0,1.0,1.0,0.0,1.0,1.0,0.0,0.0,2.0,1.0,2.0,0.0,1.0,0.0,1.0,0.0,1.0,0.0,1.0,0.0,2.0,1.0,1.0,0.0,1.0,14.0,0.0,0.0,0.0,0.0,0.0,1.0,2.0,0.0,1.0,0.0,1.0,0.0,2.0,0.0,0.0,1.0,0.0,0.0,0.0,0.0,1.0,0.0,0.0,0.0,2.0,0.0,0.0,1.0,1.0,0.0,7.0,0.0,0.0,1.0,0.0,0.0,1.0,1.0,1.0,0.0,1.0,1.0,1.0,0.0,0.0,2.0,2.0,1.0,1.0,3.0,0.0,2.0,1.0,0.0,0.0,2.0,0.0,3.0,1.0,0.0,1.0,20.0,1.0,1.0,0.0,0.0,1.0,0.0,1.0,0.0,1.0,0.0,1.0,2.0,0.0,0.0,2.0,2.0,1.0,0.0,1.0,1.0,1.0,0.0,1.0,1.0,0.0,1.0,1.0,0.0,1.0,0.0,16.0,0.0,1.0,1.0,0.0,0.0,0.0,0.0,0.0,0.0,0.0,0.0,2.0,2.0,1.0,0.0,1.0,0.0,1.0,0.0,1.0,0.0,0.0,0.0,0.0,1.0,2.0,0.0,1.0,2.0,0.0,10.0,0.0,0.0,0.0,1.0,0.0,0.0,1.0,0.0,2.0,0.0,1.0,0.0,0.0,1.0,0.0,1.0,1.0,1.0,1.0,0.0,0.0,0.0,0.0,1.0,0.0,0.0,0.0,0.0,0.0,0.0,0.0,1
251,915.0553425506499,35755.68147959184,1.3081481688625973,497.5893670913254,0.49749892964178666,0.1770163981898676,2.7755102040816326,-0.137912671301942,20.0,0.0,2.0,1.0,0.0,3.0,0.0,4.0,4.0,1.0,7.0,0.0,0.0,3.0,2.0,1.0,1.0,2.0,0.0,6.0,2.0,1.0,2.0,1.0,0.0,0.0,0.0,1.0,0.0,1.0,3.0,8.0,2.0,3.0,1.0,0.0,0.0,1.0,1.0,2.0,1.0,0.0,2.0,0.0,0.0,1.0,3.0,0.0,2.0,0.0,1.0,0.0,1.0,1.0,1.0,2.0,2.0,1.0,1.0,0.0,2.0,3.0,12.0,1.0,1.0,0.0,1.0,2.0,0.0,1.0,1.0,2.0,1.0,1.0,0.0,0.0,0.0,2.0,0.0,0.0,0.0,0.0,2.0,0.0,1.0,1.0,3.0,0.0,0.0,0.0,3.0,1.0,0.0,7.0,0.0,1.0,0.0,0.0,0.0,0.0,1.0,0.0,3.0,0.0,0.0,0.0,1.0,2.0,0.0,1.0,0.0,0.0,0.0,0.0,3.0,2.0,2.0,0.0,0.0,1.0,0.0,2.0,0.0,0.0,14.0,0.0,0.0,0.0,1.0,2.0,2.0,0.0,1.0,1.0,2.0,1.0,0.0,0.0,0.0,0.0,1.0,0.0,0.0,0.0,0.0,0.0,1.0,0.0,1.0,2.0,2.0,0.0,1.0,0.0,0.0,10.0,1.0,1.0,1.0,0.0,0.0,0.0,1.0,0.0,1.0,0.0,0.0,2.0,1.0,0.0,0.0,0.0,1.0,0.0,1.0,3.0,1.0,0.0,0.0,0.0,1.0,1.0,0.0,0.0,1.0,1.0,0.0,1.0,0.0,1.0,1.0,0.0,1.0,0.0,0.0,0.0,0.0,0.0,0.0,0.0,1.0,0.0,0.0,0.0,0.0,0.0,0.0,1.0,1.0,0.0,1.0,2.0,1.0,0.0,0.0,1.0,0.0,10.0,1.0,0.0,0.0,1.0,2.0,0.0,2.0,0.0,0.0,2.0,1.0,1.0,3.0,4.0,1.0,4.0,2.0,0.0,1.0,0.0,0.0,0.0,1.0,1.0,1.0,2.0,1.0,1.0,0.0,1.0,16.0,0.0,2.0,1.0,2.0,1.0,0.0,2.0,0.0,0.0,0.0,1.0,0.0,1.0,1.0,1.0,1.0,1.0,1.0,1.0,0.0,0.0,1.0,1.0,0.0,0.0,0.0,0.0,2.0,0.0,0.0,2.0,0.0,0.0,3.0,0.0,1.0,1.0,0.0,0.0,0.0,0.0,1.0,0.0,0.0,1.0,0.0,1.0,0.0,1.0,1.0,0.0,2.0,3.0,1.0,0.0,2.0,0.0,1.0,1.0,0.0,0.0,10.0,0.0,2.0,2.0,1.0,1.0,0.0,0.0,1.0,1.0,0.0,0.0,1.0,3.0,2.0,0.0,0.0,0.0,2.0,2.0,0.0,1.0,0.0,1.0,1.0,0.0,0.0,1.0,0.0,1.0,1.0,1.0,1.0,0.0,0.0,1.0,0.0,0.0,0.0,3.0,0.0,0.0,0.0,1.0,1.0,0.0,0.0,2.0,0.0,2.0,1.0,1.0,1.0,1.0,3.0,1.0,0.0,2.0,4.0,1.0,0.0,3.0,12.0,1.0,2.0,1.0,3.0,1.0,0.0,2.0,0.0,2.0,3.0,0.0,2.0,0.0,3.0,3.0,2.0,0.0,4.0,1.0,0.0,0.0,0.0,2.0,0.0,1.0,4.0,0.0,0.0,0.0,0.0,3.0,0.0,2.0,0.0,4.0,0.0,0.0,0.0,0.0,0.0,0.0,0.0,2.0,1.0,2.0,1.0,1.0,3.0,1.0,1.0,1.0,0.0,0.0,0.0,2.0,0.0,1.0,0.0,0.0,3.0,0.0,8.0,1.0,0.0,0.0,1.0,0.0,0.0,0.0,0.0,1.0,1.0,1.0,0.0,0.0,2.0,0.0,2.0,0.0,0.0,1.0,0.0,0.0,1.0,1.0,1.0,0.0,1.0,0.0,2.0,2.0,0.0,10.0,0.0,0.0,1.0,1.0,0.0,1.0,0.0,1.0,0.0,1.0,2.0,1.0,0.0,1.0,0.0,2.0,1.0,0.0,0.0,1.0,1.0,1.0,2.0,0.0,0.0,2.0,0.0,1.0,0.0,0.0,16.0,0.0,0.0,1.0,2.0,0.0,1.0,1.0,0.0,1.0,2.0,1.0,0.0,0.0,3.0,1.0,0.0,2.0,1.0,1.0,0.0,1.0,0.0,0.0,0.0,0.0,1.0,2.0,0.0,0.0,0.0,4.0,0.0,0.0,2.0,3.0,0.0,0.0,1.0,1.0,0.0,0.0,2.0,1.0,2.0,2.0,0.0,0.0,0.0,1.0,0.0,0.0,0.0,0.0,1.0,0.0,1.0,0.0,1.0,0.0,1.0,0.0,3.0,0.0,0.0,0.0,1.0,2.0,0.0,0.0,0.0,0.0,0.0,0.0,4.0,0.0,1.0,1.0,0.0,0.0,0.0,1.0,1.0,0.0,2.0,1.0,3.0,1.0,0.0,2.0,1.0,0.0,0.0,3.0,2.0,0.0,0.0,0.0,1.0,1.0,0.0,1.0,0.0,2.0,2.0,0.0,1.0,0.0,1.0,0.0,1.0,1.0,0.0,0.0,2.0,0.0,1.0,0.0,0.0,1.0,1.0,1.0,2.0,1.0,13.0,1.0,0.0,1.0,0.0,1.0,2.0,1.0,0.0,0.0,1.0,1.0,1.0,0.0,1.0,0.0,0.0,1.0,1.0,2.0,1.0,1.0,2.0,0.0,2.0,0.0,0.0,1.0,0.0,0.0,1.0,3.0,0.0,1.0,0.0,1.0,0.0,0.0,0.0,1.0,1.0,2.0,1.0,0.0,0.0,0.0,0.0,1.0,1.0,0.0,1.0,1.0,2.0,0.0,1.0,1.0,1.0,1.0,1.0,0.0,0.0,0.0,16.0,0.0,1.0,2.0,1.0,1.0,1.0,1.0,1.0,1.0,1.0,1.0,2.0,0.0,0.0,2.0,0.0,0.0,1.0,0.0,1.0,1.0,0.0,2.0,0.0,0.0,0.0,1.0,2.0,1.0,0.0,2.0,1.0,0.0,2.0,1.0,2.0,0.0,0.0,0.0,1.0,0.0,0.0,2.0,1.0,2.0,0.0,0.0,0.0,0.0,1.0,2.0,1.0,0.0,1.0,1.0,0.0,1.0,1.0,1.0,2.0,1.0,3.0,0.0,2.0,0.0,1.0,1.0,0.0,2.0,1.0,4.0,0.0,1.0,0.0,1.0,0.0,0.0,0.0,0.0,0.0,2.0,1.0,0.0,1.0,1.0,0.0,0.0,1.0,2.0,2.0,1.0,0.0,3.0,2.0,0.0,1.0,0.0,2.0,3.0,4.0,1.0,1.0,0.0,0.0,1.0,0.0,0.0,1.0,0.0,1.0,2.0,1.0,1.0,2.0,0.0,0.0,2.0,0.0,0.0,3.0,0.0,1.0,1.0,12.0,1.0,0.0,0.0,1.0,0.0,1.0,0.0,0.0,0.0,2.0,0.0,2.0,1.0,0.0,3.0,2.0,0.0,0.0,1.0,2.0,0.0,1.0,2.0,0.0,1.0,0.0,1.0,0.0,0.0,0.0,4.0,0.0,0.0,1.0,0.0,2.0,1.0,0.0,1.0,0.0,0.0,0.0,0.0,1.0,0.0,3.0,0.0,2.0,0.0,1.0,1.0,0.0,0.0,0.0,1.0,0.0,1.0,0.0,0.0,0.0,1.0,7.0,2.0,1.0,0.0,0.0,0.0,1.0,0.0,0.0,0.0,0.0,1.0,1.0,2.0,1.0,3.0,0.0,0.0,0.0,1.0,1.0,1.0,1.0,0.0,1.0,0.0,2.0,1.0,0.0,0.0,0.0,7.0,1
252,2258.2006312558365,90398.17655000002,1.8549259820932753,264.2256883974301,0.28141522366522365,0.23907543290043293,2.94,-0.09619793752495567,26.0,5.0,4.0,2.0,7.0,2.0,5.0,2.0,2.0,2.0,1.0,4.0,3.0,3.0,2.0,2.0,2.0,4.0,1.0,4.0,0.0,2.0,1.0,4.0,3.0,2.0,2.0,0.0,0.0,4.0,2.0,32.0,6.0,6.0,3.0,0.0,2.0,1.0,3.0,0.0,3.0,5.0,5.0,2.0,1.0,4.0,2.0,3.0,1.0,2.0,7.0,8.0,1.0,3.0,2.0,2.0,0.0,2.0,2.0,2.0,3.0,8.0,13.0,1.0,0.0,0.0,1.0,5.0,0.0,0.0,0.0,1.0,2.0,0.0,2.0,3.0,3.0,3.0,2.0,1.0,0.0,1.0,0.0,2.0,2.0,1.0,1.0,0.0,0.0,2.0,2.0,4.0,2.0,16.0,0.0,1.0,1.0,2.0,3.0,1.0,1.0,0.0,3.0,0.0,3.0,3.0,1.0,0.0,0.0,1.0,1.0,1.0,1.0,1.0,1.0,1.0,0.0,0.0,0.0,2.0,5.0,2.0,0.0,0.0,9.0,1.0,1.0,0.0,2.0,0.0,0.0,4.0,1.0,1.0,4.0,0.0,0.0,0.0,2.0,1.0,1.0,3.0,1.0,2.0,0.0,2.0,2.0,0.0,1.0,3.0,0.0,3.0,2.0,0.0,1.0,11.0,2.0,1.0,1.0,1.0,2.0,0.0,1.0,1.0,3.0,2.0,0.0,4.0,0.0,1.0,0.0,0.0,1.0,0.0,2.0,1.0,2.0,1.0,3.0,0.0,4.0,1.0,0.0,0.0,0.0,1.0,8.0,4.0,1.0,2.0,1.0,1.0,0.0,1.0,2.0,0.0,0.0,1.0,0.0,1.0,0.0,2.0,1.0,0.0,1.0,3.0,1.0,4.0,0.0,0.0,3.0,2.0,0.0,0.0,0.0,0.0,1.0,10.0,2.0,3.0,2.0,3.0,1.0,0.0,0.0,0.0,1.0,2.0,0.0,3.0,1.0,0.0,1.0,1.0,2.0,0.0,3.0,3.0,1.0,3.0,1.0,4.0,2.0,1.0,1.0,1.0,1.0,1.0,8.0,2.0,1.0,1.0,4.0,0.0,0.0,0.0,0.0,2.0,0.0,0.0,0.0,2.0,0.0,0.0,1.0,2.0,2.0,0.0,0.0,2.0,1.0,3.0,1.0,0.0,3.0,1.0,2.0,0.0,0.0,6.0,3.0,0.0,0.0,0.0,2.0,0.0,0.0,0.0,1.0,0.0,0.0,1.0,1.0,3.0,3.0,0.0,1.0,3.0,2.0,0.0,2.0,4.0,0.0,1.0,0.0,0.0,2.0,4.0,2.0,1.0,16.0,1.0,3.0,2.0,2.0,1.0,0.0,1.0,0.0,1.0,0.0,3.0,1.0,1.0,2.0,1.0,0.0,0.0,1.0,1.0,4.0,7.0,2.0,0.0,2.0,1.0,0.0,1.0,1.0,1.0,1.0,14.0,1.0,0.0,0.0,2.0,0.0,2.0,1.0,2.0,0.0,1.0,0.0,3.0,3.0,0.0,1.0,0.0,3.0,2.0,1.0,5.0,2.0,0.0,2.0,5.0,0.0,3.0,0.0,1.0,1.0,2.0,25.0,2.0,3.0,0.0,0.0,1.0,1.0,5.0,3.0,1.0,2.0,0.0,0.0,2.0,1.0,3.0,2.0,1.0,8.0,2.0,1.0,1.0,0.0,2.0,0.0,1.0,2.0,0.0,0.0,0.0,1.0,2.0,0.0,0.0,2.0,0.0,0.0,1.0,1.0,0.0,1.0,2.0,1.0,1.0,1.0,2.0,1.0,0.0,5.0,2.0,0.0,5.0,1.0,2.0,0.0,0.0,1.0,0.0,1.0,2.0,1.0,2.0,7.0,1.0,1.0,0.0,2.0,0.0,2.0,2.0,2.0,0.0,2.0,0.0,2.0,2.0,1.0,0.0,2.0,0.0,0.0,3.0,1.0,0.0,0.0,0.0,1.0,2.0,0.0,2.0,1.0,0.0,0.0,7.0,1.0,3.0,1.0,2.0,1.0,1.0,1.0,4.0,2.0,2.0,2.0,4.0,1.0,1.0,0.0,0.0,4.0,0.0,2.0,2.0,0.0,0.0,0.0,1.0,1.0,2.0,3.0,2.0,0.0,0.0,7.0,2.0,0.0,0.0,2.0,0.0,0.0,2.0,0.0,0.0,0.0,0.0,0.0,0.0,3.0,7.0,1.0,1.0,1.0,3.0,1.0,1.0,0.0,1.0,3.0,0.0,0.0,2.0,1.0,3.0,1.0,10.0,1.0,1.0,0.0,1.0,1.0,1.0,2.0,1.0,2.0,2.0,1.0,1.0,1.0,1.0,0.0,2.0,0.0,1.0,0.0,0.0,0.0,2.0,1.0,1.0,2.0,1.0,0.0,1.0,0.0,0.0,3.0,1.0,0.0,0.0,0.0,1.0,5.0,0.0,1.0,2.0,0.0,1.0,3.0,0.0,1.0,2.0,1.0,2.0,1.0,4.0,1.0,0.0,1.0,3.0,2.0,0.0,0.0,0.0,2.0,0.0,0.0,11.0,0.0,2.0,1.0,1.0,0.0,3.0,2.0,0.0,2.0,0.0,2.0,2.0,2.0,2.0,1.0,1.0,2.0,1.0,0.0,0.0,0.0,1.0,3.0,0.0,1.0,0.0,0.0,1.0,0.0,0.0,7.0,1.0,3.0,0.0,2.0,0.0,1.0,0.0,0.0,1.0,3.0,5.0,5.0,0.0,4.0,0.0,0.0,1.0,0.0,1.0,3.0,1.0,2.0,1.0,2.0,1.0,1.0,2.0,2.0,0.0,1.0,16.0,0.0,1.0,4.0,0.0,1.0,1.0,1.0,1.0,2.0,2.0,0.0,2.0,2.0,0.0,0.0,0.0,2.0,1.0,0.0,0.0,3.0,1.0,2.0,0.0,0.0,0.0,0.0,1.0,3.0,0.0,9.0,3.0,4.0,1.0,0.0,5.0,1.0,0.0,4.0,1.0,1.0,1.0,3.0,4.0,3.0,2.0,2.0,2.0,3.0,3.0,0.0,0.0,1.0,3.0,2.0,3.0,0.0,2.0,0.0,0.0,2.0,17.0,2.0,0.0,2.0,2.0,1.0,1.0,4.0,2.0,2.0,1.0,0.0,2.0,1.0,0.0,1.0,1.0,0.0,1.0,3.0,1.0,0.0,5.0,0.0,5.0,2.0,3.0,0.0,4.0,3.0,1.0,18.0,1.0,3.0,3.0,0.0,1.0,2.0,5.0,0.0,4.0,0.0,0.0,1.0,0.0,0.0,1.0,0.0,0.0,0.0,3.0,0.0,0.0,2.0,1.0,0.0,0.0,1.0,2.0,1.0,4.0,1.0,13.0,3.0,1.0,0.0,1.0,4.0,1.0,1.0,0.0,0.0,0.0,2.0,2.0,0.0,1.0,1.0,1.0,3.0,5.0,2.0,3.0,0.0,1.0,1.0,0.0,0.0,2.0,1.0,4.0,1.0,1.0,9.0,1.0,2.0,0.0,2.0,0.0,5.0,0.0,0.0,1.0,1.0,1.0,4.0,3.0,1.0,0.0,1.0,1.0,4.0,1.0,1.0,0.0,3.0,1.0,0.0,2.0,5.0,2.0,0.0,4.0,2.0,13.0,0.0,0.0,1.0,0.0,0.0,0.0,1.0,2.0,2.0,0.0,0.0,1.0,2.0,1.0,1.0,0.0,0.0,3.0,0.0,0.0,1.0,0.0,2.0,2.0,1.0,2.0,1.0,0.0,2.0,2.0,6.0,1.0,1.0,2.0,0.0,1.0,3.0,0.0,0.0,1.0,0.0,0.0,4.0,1.0,0.0,0.0,2.0,0.0,0.0,2.0,2.0,0.0,1.0,0.0,2.0,2.0,1.0,2.0,0.0,2.0,2.0,7.0,1
253,2314.5953025128906,145949.16800000003,2.075871601892251,311.99518615208314,0.17646131646131635,0.07989856902356901,4.62,0.020591394665319132,9.0,2.0,3.0,0.0,2.0,3.0,2.0,4.0,4.0,0.0,3.0,0.0,2.0,0.0,5.0,2.0,3.0,4.0,3.0,5.0,0.0,1.0,1.0,5.0,3.0,2.0,0.0,3.0,1.0,4.0,2.0,10.0,2.0,1.0,2.0,3.0,2.0,2.0,2.0,1.0,4.0,6.0,1.0,1.0,0.0,1.0,2.0,2.0,4.0,0.0,4.0,1.0,0.0,3.0,1.0,2.0,2.0,3.0,1.0,1.0,4.0,1.0,8.0,1.0,0.0,1.0,0.0,2.0,0.0,0.0,0.0,2.0,0.0,0.0,2.0,1.0,0.0,1.0,3.0,2.0,2.0,2.0,1.0,4.0,0.0,1.0,1.0,0.0,2.0,1.0,3.0,1.0,1.0,5.0,1.0,0.0,1.0,1.0,1.0,1.0,3.0,0.0,1.0,0.0,0.0,3.0,0.0,0.0,3.0,0.0,3.0,1.0,2.0,3.0,2.0,0.0,1.0,2.0,1.0,1.0,1.0,0.0,0.0,1.0,2.0,0.0,2.0,2.0,1.0,1.0,0.0,2.0,2.0,1.0,2.0,2.0,1.0,0.0,1.0,0.0,1.0,4.0,3.0,0.0,0.0,5.0,1.0,2.0,3.0,0.0,2.0,2.0,2.0,1.0,1.0,7.0,1.0,2.0,4.0,0.0,1.0,2.0,2.0,0.0,0.0,0.0,2.0,2.0,1.0,1.0,1.0,2.0,0.0,0.0,1.0,2.0,0.0,1.0,1.0,1.0,3.0,2.0,0.0,1.0,1.0,1.0,3.0,1.0,0.0,0.0,0.0,1.0,4.0,2.0,0.0,1.0,2.0,1.0,0.0,0.0,0.0,1.0,2.0,0.0,2.0,2.0,3.0,4.0,0.0,2.0,1.0,3.0,2.0,2.0,2.0,4.0,1.0,15.0,0.0,2.0,0.0,2.0,4.0,2.0,0.0,3.0,1.0,0.0,0.0,2.0,0.0,1.0,0.0,1.0,1.0,0.0,0.0,0.0,0.0,1.0,4.0,1.0,0.0,1.0,4.0,0.0,1.0,2.0,7.0,0.0,0.0,0.0,0.0,1.0,0.0,3.0,1.0,0.0,0.0,1.0,2.0,1.0,1.0,0.0,3.0,1.0,1.0,3.0,2.0,0.0,2.0,0.0,0.0,0.0,0.0,3.0,0.0,1.0,0.0,4.0,2.0,0.0,1.0,1.0,2.0,0.0,2.0,0.0,0.0,1.0,1.0,0.0,0.0,1.0,2.0,1.0,3.0,1.0,2.0,0.0,2.0,3.0,0.0,4.0,0.0,1.0,2.0,2.0,3.0,0.0,4.0,2.0,4.0,1.0,2.0,1.0,1.0,1.0,1.0,1.0,1.0,0.0,0.0,1.0,1.0,0.0,1.0,2.0,2.0,1.0,2.0,6.0,0.0,2.0,1.0,0.0,0.0,1.0,0.0,0.0,1.0,2.0,2.0,3.0,0.0,0.0,2.0,0.0,1.0,1.0,1.0,0.0,2.0,3.0,0.0,4.0,2.0,1.0,1.0,0.0,4.0,3.0,4.0,5.0,2.0,3.0,1.0,4.0,0.0,1.0,3.0,0.0,13.0,1.0,1.0,2.0,3.0,0.0,2.0,3.0,1.0,0.0,2.0,3.0,1.0,0.0,0.0,2.0,1.0,1.0,2.0,0.0,1.0,2.0,1.0,1.0,2.0,0.0,1.0,0.0,1.0,1.0,1.0,5.0,0.0,0.0,2.0,1.0,0.0,0.0,0.0,2.0,4.0,2.0,2.0,2.0,0.0,1.0,0.0,1.0,4.0,0.0,1.0,0.0,1.0,2.0,3.0,0.0,2.0,1.0,1.0,1.0,2.0,1.0,10.0,1.0,0.0,0.0,0.0,3.0,1.0,0.0,0.0,1.0,1.0,0.0,1.0,2.0,1.0,2.0,2.0,3.0,0.0,1.0,2.0,1.0,1.0,1.0,0.0,1.0,2.0,1.0,2.0,1.0,1.0,6.0,2.0,0.0,0.0,0.0,0.0,1.0,1.0,0.0,3.0,3.0,2.0,3.0,1.0,0.0,1.0,3.0,2.0,3.0,2.0,0.0,4.0,1.0,0.0,2.0,1.0,2.0,2.0,0.0,0.0,1.0,3.0,0.0,1.0,2.0,0.0,1.0,3.0,1.0,2.0,1.0,0.0,3.0,2.0,0.0,2.0,1.0,2.0,1.0,0.0,0.0,0.0,0.0,0.0,0.0,1.0,2.0,1.0,0.0,1.0,0.0,0.0,4.0,1.0,0.0,2.0,0.0,0.0,2.0,2.0,1.0,1.0,1.0,1.0,0.0,1.0,0.0,0.0,1.0,3.0,1.0,0.0,3.0,1.0,0.0,0.0,3.0,2.0,2.0,2.0,1.0,0.0,2.0,12.0,0.0,3.0,0.0,0.0,2.0,0.0,2.0,1.0,2.0,0.0,2.0,2.0,4.0,2.0,0.0,1.0,2.0,1.0,1.0,0.0,4.0,5.0,1.0,2.0,0.0,0.0,0.0,3.0,0.0,1.0,8.0,1.0,0.0,0.0,1.0,1.0,2.0,0.0,0.0,1.0,1.0,2.0,0.0,2.0,2.0,1.0,1.0,2.0,1.0,1.0,0.0,1.0,0.0,3.0,1.0,0.0,1.0,0.0,0.0,0.0,2.0,6.0,0.0,2.0,2.0,1.0,2.0,0.0,2.0,0.0,2.0,0.0,4.0,0.0,1.0,1.0,0.0,0.0,0.0,1.0,1.0,1.0,0.0,2.0,1.0,1.0,0.0,2.0,1.0,0.0,1.0,1.0,7.0,1.0,2.0,0.0,1.0,2.0,0.0,0.0,0.0,3.0,0.0,2.0,0.0,1.0,1.0,1.0,1.0,0.0,0.0,1.0,1.0,4.0,1.0,1.0,2.0,2.0,1.0,1.0,0.0,1.0,0.0,5.0,2.0,3.0,0.0,0.0,1.0,0.0,1.0,5.0,2.0,4.0,2.0,2.0,1.0,2.0,0.0,1.0,1.0,2.0,1.0,2.0,2.0,3.0,1.0,2.0,2.0,0.0,5.0,2.0,1.0,0.0,21.0,3.0,1.0,1.0,1.0,0.0,0.0,2.0,5.0,0.0,1.0,1.0,1.0,1.0,0.0,1.0,2.0,3.0,2.0,1.0,2.0,1.0,1.0,2.0,1.0,4.0,2.0,0.0,1.0,1.0,1.0,12.0,1.0,1.0,1.0,0.0,1.0,3.0,3.0,0.0,1.0,1.0,1.0,2.0,3.0,3.0,1.0,2.0,1.0,1.0,2.0,2.0,0.0,0.0,1.0,1.0,3.0,1.0,0.0,1.0,0.0,3.0,8.0,2.0,1.0,1.0,3.0,1.0,0.0,3.0,1.0,0.0,1.0,2.0,0.0,0.0,2.0,0.0,0.0,1.0,1.0,2.0,1.0,1.0,0.0,2.0,0.0,1.0,1.0,1.0,2.0,0.0,2.0,2.0,0.0,1.0,1.0,4.0,3.0,1.0,0.0,1.0,1.0,1.0,0.0,5.0,2.0,1.0,2.0,3.0,0.0,1.0,2.0,2.0,1.0,1.0,0.0,0.0,1.0,2.0,5.0,1.0,4.0,0.0,8.0,0.0,0.0,2.0,2.0,0.0,0.0,0.0,1.0,1.0,0.0,1.0,2.0,1.0,1.0,0.0,2.0,1.0,4.0,0.0,0.0,1.0,0.0,0.0,1.0,1.0,2.0,0.0,0.0,0.0,2.0,11.0,0.0,1.0,2.0,0.0,1.0,4.0,1.0,0.0,0.0,1.0,2.0,0.0,0.0,1.0,1.0,2.0,1.0,1.0,1.0,2.0,1.0,1.0,1.0,0.0,0.0,1.0,1.0,1.0,0.0,0.0,3.0,1
254,1957.8405732234014,92389.54649999998,1.8745456549594761,295.8413225965212,0.24595707070707082,0.1745853054353055,3.38,-0.062317387799688706,13.0,2.0,7.0,2.0,1.0,1.0,4.0,2.0,2.0,1.0,1.0,3.0,3.0,2.0,3.0,3.0,0.0,3.0,1.0,0.0,4.0,1.0,3.0,3.0,0.0,0.0,3.0,3.0,0.0,4.0,1.0,13.0,3.0,0.0,2.0,3.0,1.0,3.0,1.0,2.0,5.0,2.0,3.0,1.0,2.0,2.0,1.0,0.0,1.0,0.0,3.0,2.0,2.0,1.0,3.0,1.0,2.0,1.0,0.0,2.0,4.0,1.0,15.0,2.0,2.0,1.0,0.0,1.0,0.0,1.0,2.0,3.0,2.0,1.0,0.0,1.0,3.0,1.0,1.0,1.0,1.0,2.0,0.0,4.0,2.0,1.0,1.0,2.0,0.0,1.0,1.0,0.0,4.0,4.0,2.0,0.0,0.0,1.0,0.0,0.0,2.0,1.0,4.0,0.0,2.0,3.0,0.0,0.0,1.0,0.0,0.0,0.0,1.0,2.0,1.0,1.0,0.0,0.0,3.0,0.0,4.0,1.0,0.0,0.0,5.0,0.0,3.0,0.0,0.0,2.0,0.0,0.0,0.0,1.0,0.0,3.0,2.0,1.0,2.0,2.0,1.0,2.0,0.0,2.0,1.0,1.0,0.0,0.0,2.0,2.0,3.0,2.0,2.0,1.0,0.0,4.0,0.0,1.0,1.0,1.0,1.0,0.0,1.0,1.0,0.0,2.0,0.0,2.0,0.0,0.0,2.0,2.0,0.0,1.0,1.0,3.0,1.0,0.0,0.0,1.0,5.0,4.0,1.0,1.0,3.0,3.0,7.0,0.0,1.0,1.0,1.0,0.0,2.0,1.0,4.0,0.0,0.0,1.0,3.0,1.0,1.0,1.0,1.0,1.0,2.0,1.0,1.0,1.0,0.0,1.0,3.0,2.0,3.0,1.0,1.0,1.0,0.0,5.0,1.0,0.0,1.0,0.0,1.0,0.0,1.0,0.0,1.0,1.0,0.0,0.0,0.0,1.0,1.0,1.0,2.0,0.0,1.0,5.0,0.0,2.0,2.0,0.0,0.0,1.0,0.0,1.0,1.0,3.0,8.0,1.0,0.0,3.0,3.0,1.0,0.0,0.0,0.0,0.0,3.0,0.0,0.0,1.0,1.0,0.0,1.0,2.0,0.0,4.0,0.0,0.0,0.0,0.0,0.0,0.0,0.0,0.0,1.0,2.0,1.0,7.0,2.0,0.0,5.0,1.0,0.0,0.0,0.0,2.0,0.0,0.0,1.0,0.0,0.0,0.0,2.0,1.0,0.0,5.0,2.0,1.0,2.0,1.0,0.0,1.0,1.0,2.0,2.0,0.0,0.0,0.0,6.0,2.0,1.0,2.0,2.0,1.0,2.0,0.0,0.0,3.0,0.0,0.0,1.0,2.0,2.0,3.0,1.0,0.0,2.0,0.0,3.0,1.0,4.0,2.0,2.0,0.0,0.0,1.0,0.0,0.0,4.0,13.0,6.0,1.0,0.0,1.0,0.0,1.0,1.0,0.0,1.0,1.0,2.0,1.0,2.0,0.0,0.0,1.0,1.0,0.0,4.0,4.0,1.0,1.0,1.0,0.0,4.0,4.0,0.0,1.0,4.0,2.0,11.0,1.0,0.0,1.0,3.0,4.0,1.0,5.0,3.0,5.0,3.0,1.0,0.0,7.0,2.0,1.0,4.0,3.0,3.0,4.0,2.0,0.0,2.0,0.0,1.0,0.0,2.0,0.0,2.0,1.0,0.0,6.0,4.0,0.0,0.0,3.0,1.0,0.0,2.0,1.0,1.0,1.0,2.0,0.0,1.0,1.0,2.0,1.0,1.0,2.0,0.0,1.0,1.0,1.0,4.0,2.0,0.0,0.0,2.0,3.0,1.0,1.0,5.0,3.0,0.0,0.0,2.0,2.0,1.0,1.0,0.0,0.0,1.0,3.0,0.0,0.0,0.0,1.0,1.0,3.0,2.0,0.0,2.0,1.0,0.0,1.0,2.0,1.0,0.0,0.0,4.0,0.0,2.0,9.0,0.0,0.0,2.0,1.0,1.0,2.0,0.0,4.0,0.0,2.0,2.0,7.0,1.0,0.0,1.0,0.0,1.0,1.0,1.0,0.0,1.0,2.0,0.0,1.0,0.0,1.0,3.0,1.0,1.0,1.0,6.0,0.0,1.0,0.0,1.0,1.0,2.0,0.0,0.0,0.0,1.0,1.0,0.0,1.0,4.0,2.0,0.0,2.0,0.0,1.0,1.0,1.0,2.0,1.0,0.0,0.0,0.0,1.0,0.0,2.0,0.0,5.0,1.0,0.0,0.0,1.0,2.0,1.0,2.0,1.0,1.0,2.0,1.0,0.0,2.0,1.0,1.0,0.0,0.0,1.0,0.0,1.0,0.0,3.0,0.0,2.0,3.0,2.0,1.0,1.0,0.0,2.0,4.0,2.0,0.0,2.0,0.0,1.0,0.0,2.0,0.0,0.0,2.0,1.0,1.0,0.0,0.0,0.0,1.0,2.0,2.0,0.0,0.0,1.0,0.0,0.0,1.0,2.0,1.0,0.0,0.0,0.0,1.0,2.0,1.0,3.0,1.0,0.0,0.0,1.0,1.0,1.0,0.0,1.0,2.0,3.0,0.0,2.0,0.0,2.0,3.0,2.0,0.0,1.0,1.0,1.0,4.0,3.0,0.0,0.0,2.0,1.0,1.0,0.0,6.0,0.0,0.0,2.0,0.0,2.0,0.0,1.0,0.0,1.0,4.0,4.0,2.0,0.0,0.0,0.0,2.0,0.0,2.0,0.0,0.0,1.0,4.0,1.0,1.0,1.0,1.0,0.0,1.0,0.0,1.0,5.0,1.0,2.0,2.0,0.0,2.0,2.0,0.0,2.0,0.0,2.0,2.0,0.0,0.0,0.0,1.0,0.0,3.0,1.0,0.0,3.0,3.0,1.0,0.0,1.0,0.0,1.0,1.0,0.0,0.0,0.0,8.0,0.0,3.0,2.0,2.0,5.0,0.0,1.0,2.0,2.0,1.0,1.0,2.0,0.0,0.0,0.0,0.0,2.0,1.0,3.0,2.0,0.0,3.0,1.0,2.0,1.0,0.0,0.0,4.0,1.0,2.0,6.0,0.0,1.0,1.0,2.0,0.0,2.0,1.0,2.0,0.0,0.0,1.0,3.0,4.0,0.0,2.0,0.0,2.0,3.0,1.0,3.0,0.0,3.0,0.0,0.0,0.0,1.0,0.0,0.0,3.0,1.0,8.0,0.0,0.0,1.0,1.0,0.0,0.0,0.0,2.0,6.0,1.0,4.0,1.0,1.0,2.0,0.0,0.0,0.0,3.0,2.0,1.0,2.0,0.0,1.0,0.0,1.0,2.0,1.0,1.0,1.0,1.0,10.0,0.0,2.0,2.0,1.0,0.0,1.0,1.0,2.0,2.0,1.0,3.0,0.0,2.0,1.0,0.0,0.0,3.0,1.0,1.0,0.0,1.0,1.0,0.0,0.0,1.0,1.0,1.0,1.0,1.0,0.0,7.0,1.0,0.0,0.0,5.0,4.0,1.0,2.0,1.0,0.0,1.0,0.0,4.0,3.0,1.0,1.0,2.0,3.0,2.0,9.0,3.0,1.0,1.0,2.0,1.0,1.0,2.0,1.0,0.0,0.0,0.0,10.0,0.0,0.0,1.0,1.0,1.0,0.0,1.0,0.0,2.0,0.0,0.0,0.0,1.0,1.0,2.0,2.0,0.0,0.0,1.0,0.0,0.0,0.0,1.0,2.0,1.0,0.0,0.0,1.0,2.0,1.0,8.0,2.0,2.0,2.0,0.0,0.0,2.0,1.0,0.0,2.0,0.0,1.0,0.0,0.0,3.0,1.0,2.0,0.0,0.0,2.0,4.0,0.0,1.0,1.0,0.0,2.0,1.0,2.0,1.0,1.0,0.0,1.0,1
255,1629.686426728408,75905.36879999998,1.7725882909028232,361.3467268740892,0.276534299034299,0.18252296777296778,3.5,-0.10490157645060505,29.0,1.0,0.0,1.0,4.0,2.0,1.0,1.0,1.0,0.0,1.0,1.0,1.0,2.0,2.0,2.0,0.0,3.0,1.0,1.0,0.0,3.0,3.0,4.0,4.0,0.0,1.0,1.0,2.0,3.0,0.0,24.0,5.0,0.0,2.0,1.0,1.0,2.0,2.0,1.0,3.0,1.0,0.0,2.0,1.0,1.0,4.0,4.0,2.0,3.0,2.0,1.0,1.0,3.0,1.0,3.0,1.0,2.0,3.0,3.0,2.0,1.0,3.0,0.0,0.0,0.0,2.0,0.0,2.0,1.0,0.0,2.0,2.0,1.0,1.0,1.0,0.0,0.0,2.0,2.0,0.0,0.0,0.0,1.0,1.0,2.0,0.0,1.0,2.0,0.0,1.0,2.0,0.0,6.0,0.0,1.0,0.0,1.0,2.0,1.0,0.0,0.0,1.0,0.0,3.0,3.0,2.0,1.0,1.0,2.0,1.0,3.0,0.0,2.0,1.0,0.0,0.0,2.0,3.0,1.0,1.0,2.0,0.0,1.0,14.0,1.0,4.0,1.0,1.0,0.0,2.0,2.0,2.0,1.0,0.0,2.0,1.0,4.0,2.0,2.0,0.0,0.0,1.0,2.0,1.0,1.0,2.0,1.0,1.0,0.0,1.0,0.0,0.0,0.0,0.0,11.0,1.0,3.0,0.0,1.0,1.0,0.0,0.0,1.0,3.0,0.0,1.0,0.0,0.0,2.0,1.0,2.0,1.0,2.0,0.0,1.0,2.0,0.0,2.0,0.0,1.0,2.0,0.0,3.0,3.0,1.0,17.0,3.0,0.0,1.0,0.0,0.0,2.0,3.0,1.0,2.0,2.0,1.0,1.0,1.0,2.0,1.0,2.0,1.0,1.0,1.0,2.0,1.0,2.0,1.0,4.0,1.0,0.0,1.0,0.0,0.0,2.0,12.0,3.0,2.0,0.0,0.0,2.0,2.0,1.0,3.0,0.0,2.0,0.0,1.0,2.0,0.0,1.0,1.0,0.0,2.0,2.0,3.0,1.0,1.0,0.0,3.0,1.0,1.0,2.0,0.0,1.0,1.0,5.0,0.0,1.0,0.0,2.0,0.0,0.0,0.0,1.0,2.0,0.0,1.0,0.0,1.0,1.0,4.0,1.0,0.0,0.0,3.0,1.0,0.0,1.0,4.0,0.0,1.0,1.0,1.0,2.0,1.0,0.0,6.0,2.0,3.0,1.0,1.0,2.0,0.0,0.0,1.0,0.0,0.0,1.0,1.0,2.0,0.0,0.0,0.0,1.0,0.0,0.0,1.0,1.0,4.0,0.0,3.0,2.0,1.0,0.0,1.0,2.0,1.0,11.0,0.0,0.0,0.0,2.0,0.0,0.0,0.0,1.0,1.0,0.0,2.0,4.0,3.0,1.0,1.0,0.0,2.0,1.0,0.0,1.0,3.0,1.0,1.0,1.0,0.0,0.0,0.0,0.0,0.0,0.0,7.0,3.0,0.0,1.0,0.0,1.0,2.0,1.0,0.0,1.0,0.0,0.0,0.0,3.0,0.0,0.0,1.0,1.0,2.0,1.0,1.0,0.0,1.0,3.0,4.0,3.0,2.0,2.0,2.0,0.0,0.0,10.0,1.0,1.0,5.0,2.0,3.0,1.0,0.0,2.0,0.0,2.0,0.0,1.0,0.0,4.0,1.0,0.0,1.0,2.0,3.0,1.0,1.0,1.0,0.0,3.0,2.0,0.0,1.0,3.0,0.0,1.0,8.0,0.0,1.0,1.0,0.0,0.0,1.0,1.0,1.0,1.0,2.0,0.0,0.0,2.0,0.0,0.0,3.0,4.0,0.0,0.0,1.0,2.0,0.0,1.0,3.0,0.0,0.0,3.0,1.0,3.0,0.0,14.0,1.0,2.0,1.0,0.0,0.0,1.0,1.0,0.0,1.0,3.0,1.0,1.0,1.0,0.0,0.0,4.0,0.0,2.0,2.0,0.0,0.0,1.0,0.0,1.0,0.0,0.0,1.0,1.0,2.0,1.0,8.0,2.0,1.0,1.0,0.0,0.0,3.0,2.0,1.0,0.0,0.0,1.0,3.0,0.0,0.0,0.0,2.0,1.0,1.0,2.0,0.0,2.0,3.0,1.0,2.0,2.0,1.0,0.0,2.0,1.0,2.0,12.0,0.0,0.0,2.0,1.0,2.0,2.0,1.0,1.0,1.0,1.0,1.0,0.0,0.0,1.0,3.0,2.0,1.0,1.0,3.0,1.0,1.0,0.0,2.0,0.0,1.0,4.0,0.0,0.0,2.0,1.0,14.0,0.0,0.0,1.0,4.0,2.0,3.0,1.0,4.0,3.0,0.0,1.0,1.0,1.0,3.0,1.0,0.0,0.0,0.0,1.0,2.0,1.0,1.0,1.0,1.0,0.0,1.0,0.0,0.0,0.0,0.0,2.0,0.0,1.0,0.0,0.0,1.0,0.0,0.0,0.0,0.0,1.0,2.0,3.0,2.0,1.0,3.0,1.0,0.0,1.0,1.0,0.0,1.0,1.0,0.0,1.0,1.0,0.0,0.0,0.0,0.0,0.0,10.0,1.0,2.0,1.0,2.0,0.0,0.0,1.0,0.0,1.0,3.0,1.0,0.0,3.0,3.0,0.0,1.0,1.0,1.0,0.0,0.0,1.0,1.0,0.0,2.0,0.0,1.0,2.0,3.0,0.0,0.0,3.0,0.0,1.0,0.0,1.0,0.0,1.0,0.0,0.0,1.0,1.0,1.0,2.0,1.0,3.0,0.0,0.0,2.0,2.0,0.0,1.0,1.0,2.0,1.0,2.0,0.0,0.0,5.0,1.0,2.0,3.0,5.0,0.0,3.0,0.0,0.0,2.0,0.0,0.0,0.0,1.0,0.0,2.0,0.0,1.0,2.0,1.0,0.0,1.0,2.0,2.0,1.0,4.0,1.0,1.0,0.0,6.0,2.0,0.0,1.0,0.0,1.0,14.0,3.0,0.0,1.0,0.0,0.0,3.0,1.0,2.0,3.0,1.0,2.0,5.0,2.0,2.0,1.0,0.0,0.0,2.0,2.0,1.0,2.0,3.0,1.0,1.0,0.0,0.0,1.0,2.0,1.0,3.0,15.0,2.0,1.0,3.0,2.0,0.0,0.0,1.0,1.0,1.0,0.0,1.0,1.0,2.0,1.0,1.0,3.0,1.0,2.0,1.0,1.0,1.0,0.0,2.0,2.0,0.0,0.0,0.0,1.0,1.0,0.0,13.0,0.0,2.0,0.0,1.0,0.0,0.0,1.0,0.0,0.0,2.0,3.0,1.0,2.0,0.0,0.0,0.0,1.0,1.0,1.0,1.0,0.0,2.0,1.0,1.0,0.0,0.0,2.0,1.0,0.0,2.0,6.0,0.0,2.0,0.0,1.0,2.0,3.0,0.0,2.0,0.0,0.0,0.0,0.0,1.0,1.0,1.0,0.0,4.0,0.0,2.0,1.0,0.0,2.0,2.0,0.0,0.0,2.0,3.0,2.0,1.0,2.0,15.0,0.0,1.0,1.0,3.0,4.0,0.0,0.0,1.0,1.0,2.0,2.0,2.0,1.0,1.0,1.0,1.0,1.0,0.0,0.0,0.0,0.0,0.0,0.0,1.0,1.0,1.0,1.0,1.0,0.0,0.0,7.0,1.0,2.0,3.0,2.0,1.0,1.0,0.0,0.0,4.0,0.0,1.0,1.0,3.0,0.0,2.0,0.0,0.0,0.0,0.0,2.0,0.0,2.0,0.0,0.0,0.0,2.0,0.0,2.0,1.0,1.0,5.0,0.0,3.0,3.0,1.0,2.0,0.0,0.0,1.0,0.0,1.0,2.0,1.0,0.0,2.0,2.0,1.0,1.0,1.0,1.0,1.0,2.0,0.0,0.0,1.0,0.0,0.0,2.0,0.0,0.0,0.0,14.0,1
256,5356.566582307372,275986.6747500001,2.1431660562903834,201.42039172614338,0.18220691808191805,0.18005634550634547,3.43,-0.08720465477812694,15.0,2.0,1.0,2.0,0.0,5.0,2.0,3.0,1.0,1.0,2.0,5.0,6.0,1.0,1.0,2.0,5.0,3.0,0.0,3.0,0.0,7.0,1.0,2.0,3.0,1.0,2.0,2.0,4.0,3.0,2.0,11.0,3.0,2.0,0.0,2.0,3.0,2.0,3.0,2.0,0.0,4.0,0.0,0.0,2.0,2.0,1.0,0.0,4.0,2.0,3.0,1.0,3.0,2.0,1.0,1.0,2.0,2.0,3.0,2.0,1.0,1.0,8.0,6.0,2.0,0.0,2.0,4.0,0.0,2.0,0.0,3.0,3.0,2.0,4.0,1.0,0.0,1.0,2.0,4.0,1.0,0.0,4.0,0.0,2.0,3.0,1.0,2.0,1.0,1.0,5.0,0.0,3.0,17.0,1.0,1.0,2.0,0.0,5.0,0.0,1.0,1.0,7.0,2.0,1.0,2.0,2.0,2.0,1.0,4.0,1.0,1.0,1.0,0.0,2.0,1.0,5.0,2.0,3.0,1.0,2.0,1.0,1.0,2.0,20.0,1.0,1.0,3.0,0.0,2.0,4.0,2.0,4.0,2.0,1.0,3.0,2.0,2.0,4.0,1.0,3.0,0.0,1.0,2.0,0.0,2.0,0.0,1.0,2.0,1.0,4.0,4.0,0.0,1.0,3.0,6.0,0.0,1.0,0.0,1.0,3.0,0.0,0.0,2.0,1.0,2.0,2.0,0.0,3.0,0.0,0.0,1.0,2.0,2.0,0.0,2.0,0.0,4.0,0.0,0.0,3.0,3.0,5.0,2.0,0.0,0.0,11.0,2.0,1.0,4.0,0.0,2.0,3.0,3.0,3.0,1.0,1.0,2.0,1.0,1.0,2.0,2.0,2.0,1.0,2.0,1.0,1.0,1.0,1.0,3.0,4.0,3.0,0.0,0.0,0.0,2.0,2.0,14.0,2.0,1.0,1.0,5.0,2.0,3.0,3.0,1.0,0.0,1.0,1.0,1.0,4.0,3.0,1.0,5.0,3.0,1.0,0.0,2.0,1.0,4.0,2.0,2.0,1.0,1.0,0.0,2.0,3.0,2.0,13.0,1.0,1.0,1.0,1.0,1.0,1.0,0.0,1.0,0.0,1.0,1.0,1.0,0.0,1.0,1.0,2.0,4.0,3.0,0.0,1.0,1.0,3.0,0.0,3.0,2.0,3.0,0.0,2.0,0.0,0.0,7.0,3.0,1.0,0.0,2.0,1.0,3.0,1.0,0.0,1.0,2.0,1.0,2.0,1.0,2.0,3.0,4.0,0.0,1.0,2.0,0.0,2.0,4.0,0.0,2.0,6.0,1.0,3.0,1.0,0.0,0.0,19.0,0.0,1.0,2.0,2.0,1.0,0.0,1.0,1.0,2.0,3.0,1.0,2.0,3.0,1.0,2.0,1.0,0.0,0.0,1.0,1.0,0.0,2.0,4.0,3.0,2.0,1.0,3.0,1.0,0.0,3.0,11.0,2.0,0.0,1.0,2.0,2.0,1.0,3.0,0.0,0.0,1.0,4.0,5.0,1.0,1.0,2.0,1.0,1.0,1.0,3.0,4.0,1.0,2.0,1.0,2.0,5.0,4.0,2.0,4.0,0.0,3.0,20.0,2.0,2.0,3.0,1.0,2.0,1.0,1.0,1.0,1.0,2.0,2.0,3.0,3.0,3.0,2.0,4.0,3.0,2.0,0.0,0.0,3.0,0.0,0.0,2.0,1.0,3.0,1.0,4.0,0.0,3.0,6.0,0.0,1.0,1.0,1.0,2.0,1.0,0.0,1.0,2.0,1.0,3.0,2.0,5.0,3.0,0.0,1.0,3.0,2.0,3.0,0.0,0.0,0.0,2.0,3.0,1.0,0.0,1.0,2.0,1.0,2.0,11.0,3.0,1.0,0.0,0.0,0.0,1.0,1.0,1.0,3.0,1.0,0.0,2.0,2.0,3.0,2.0,3.0,2.0,1.0,0.0,4.0,2.0,0.0,0.0,4.0,1.0,0.0,0.0,1.0,1.0,1.0,13.0,0.0,2.0,2.0,1.0,2.0,0.0,4.0,0.0,2.0,1.0,4.0,4.0,2.0,2.0,1.0,2.0,1.0,1.0,1.0,2.0,3.0,2.0,0.0,1.0,0.0,0.0,3.0,1.0,0.0,2.0,11.0,2.0,1.0,2.0,1.0,2.0,4.0,2.0,4.0,1.0,4.0,2.0,0.0,2.0,3.0,4.0,1.0,0.0,1.0,1.0,2.0,0.0,0.0,0.0,0.0,1.0,2.0,0.0,0.0,0.0,1.0,12.0,0.0,2.0,1.0,2.0,2.0,2.0,2.0,3.0,3.0,2.0,0.0,4.0,3.0,6.0,1.0,1.0,1.0,1.0,2.0,1.0,0.0,1.0,0.0,4.0,1.0,0.0,1.0,1.0,2.0,1.0,11.0,3.0,1.0,0.0,1.0,3.0,4.0,1.0,1.0,1.0,1.0,3.0,1.0,1.0,5.0,4.0,0.0,4.0,1.0,4.0,1.0,1.0,1.0,1.0,2.0,0.0,1.0,2.0,2.0,3.0,2.0,12.0,1.0,1.0,1.0,0.0,3.0,0.0,1.0,1.0,1.0,1.0,2.0,0.0,0.0,3.0,3.0,1.0,0.0,0.0,0.0,1.0,0.0,0.0,4.0,0.0,2.0,1.0,4.0,0.0,3.0,2.0,17.0,0.0,2.0,2.0,1.0,3.0,0.0,1.0,0.0,0.0,1.0,1.0,1.0,1.0,1.0,1.0,0.0,2.0,0.0,4.0,1.0,3.0,2.0,0.0,3.0,1.0,4.0,0.0,1.0,0.0,1.0,10.0,3.0,1.0,1.0,3.0,1.0,0.0,3.0,3.0,3.0,6.0,2.0,4.0,3.0,3.0,0.0,1.0,1.0,1.0,4.0,1.0,2.0,0.0,2.0,3.0,2.0,2.0,1.0,0.0,1.0,3.0,18.0,1.0,0.0,2.0,3.0,1.0,2.0,1.0,3.0,1.0,3.0,0.0,2.0,1.0,4.0,5.0,3.0,2.0,4.0,3.0,2.0,3.0,0.0,1.0,1.0,1.0,2.0,0.0,1.0,2.0,0.0,14.0,2.0,1.0,1.0,3.0,4.0,1.0,3.0,2.0,1.0,1.0,4.0,0.0,2.0,2.0,1.0,1.0,3.0,1.0,2.0,2.0,3.0,3.0,1.0,1.0,2.0,4.0,1.0,5.0,0.0,2.0,22.0,3.0,2.0,3.0,4.0,1.0,2.0,2.0,3.0,2.0,4.0,0.0,2.0,3.0,2.0,2.0,1.0,2.0,1.0,5.0,1.0,0.0,0.0,2.0,0.0,2.0,2.0,0.0,2.0,0.0,3.0,18.0,4.0,4.0,2.0,3.0,4.0,0.0,1.0,4.0,3.0,2.0,3.0,0.0,4.0,2.0,1.0,0.0,3.0,0.0,0.0,3.0,3.0,2.0,2.0,1.0,0.0,3.0,1.0,3.0,7.0,1.0,18.0,2.0,2.0,2.0,2.0,1.0,3.0,0.0,2.0,0.0,0.0,3.0,1.0,4.0,0.0,0.0,2.0,2.0,0.0,2.0,3.0,3.0,3.0,3.0,1.0,0.0,5.0,4.0,3.0,1.0,2.0,10.0,2.0,2.0,2.0,0.0,5.0,2.0,1.0,0.0,2.0,3.0,0.0,1.0,2.0,2.0,3.0,5.0,2.0,0.0,3.0,2.0,1.0,0.0,0.0,1.0,0.0,4.0,0.0,2.0,4.0,1.0,11.0,1.0,1.0,0.0,2.0,5.0,1.0,2.0,2.0,1.0,0.0,2.0,3.0,1.0,4.0,0.0,0.0,0.0,1.0,2.0,1.0,3.0,1.0,2.0,2.0,1.0,1.0,6.0,2.0,4.0,0.0,6.0,1
258,2224.0031960237834,128406.70299999995,2.0915184100464708,314.39934815751843,0.18317898767898771,0.10748010785510782,4.43,0.018946934654428472,17.0,3.0,1.0,1.0,3.0,1.0,2.0,4.0,2.0,3.0,0.0,1.0,7.0,4.0,5.0,4.0,2.0,3.0,1.0,6.0,0.0,3.0,4.0,0.0,1.0,2.0,4.0,2.0,1.0,4.0,3.0,7.0,4.0,1.0,2.0,1.0,2.0,1.0,3.0,1.0,3.0,3.0,3.0,1.0,1.0,2.0,0.0,4.0,0.0,2.0,1.0,2.0,1.0,5.0,0.0,1.0,3.0,2.0,2.0,0.0,6.0,5.0,10.0,1.0,0.0,1.0,2.0,3.0,2.0,0.0,0.0,2.0,2.0,0.0,0.0,1.0,1.0,1.0,2.0,3.0,1.0,3.0,1.0,1.0,2.0,1.0,0.0,2.0,1.0,2.0,1.0,2.0,2.0,10.0,1.0,0.0,2.0,1.0,3.0,2.0,2.0,2.0,2.0,1.0,4.0,0.0,1.0,0.0,2.0,1.0,1.0,1.0,2.0,1.0,0.0,2.0,1.0,0.0,0.0,1.0,2.0,2.0,0.0,3.0,14.0,2.0,3.0,3.0,2.0,0.0,1.0,2.0,1.0,0.0,2.0,0.0,1.0,1.0,0.0,2.0,1.0,0.0,0.0,1.0,2.0,1.0,1.0,3.0,1.0,0.0,2.0,1.0,0.0,0.0,1.0,5.0,0.0,4.0,1.0,1.0,0.0,0.0,2.0,2.0,0.0,0.0,0.0,3.0,1.0,1.0,0.0,0.0,0.0,6.0,0.0,0.0,1.0,1.0,0.0,1.0,1.0,2.0,4.0,0.0,2.0,1.0,8.0,2.0,0.0,0.0,0.0,0.0,2.0,1.0,1.0,1.0,0.0,0.0,0.0,1.0,2.0,0.0,1.0,1.0,1.0,4.0,1.0,0.0,2.0,2.0,2.0,0.0,1.0,0.0,5.0,0.0,0.0,7.0,1.0,2.0,4.0,0.0,1.0,2.0,2.0,1.0,2.0,1.0,0.0,1.0,1.0,3.0,2.0,0.0,1.0,1.0,2.0,1.0,0.0,3.0,5.0,0.0,2.0,0.0,3.0,2.0,0.0,0.0,10.0,0.0,1.0,2.0,2.0,4.0,2.0,1.0,1.0,1.0,1.0,3.0,0.0,2.0,0.0,1.0,6.0,1.0,0.0,0.0,4.0,0.0,7.0,6.0,1.0,1.0,0.0,1.0,0.0,2.0,2.0,5.0,2.0,1.0,0.0,2.0,0.0,0.0,0.0,0.0,2.0,1.0,2.0,0.0,3.0,3.0,1.0,1.0,0.0,2.0,0.0,1.0,0.0,1.0,1.0,3.0,1.0,0.0,0.0,0.0,2.0,1.0,6.0,1.0,2.0,1.0,1.0,1.0,0.0,2.0,2.0,1.0,1.0,2.0,3.0,2.0,1.0,2.0,2.0,2.0,0.0,2.0,1.0,2.0,0.0,0.0,1.0,1.0,1.0,0.0,0.0,0.0,2.0,11.0,4.0,0.0,2.0,1.0,2.0,1.0,0.0,1.0,1.0,1.0,0.0,0.0,1.0,2.0,0.0,3.0,0.0,1.0,5.0,1.0,1.0,3.0,1.0,1.0,0.0,3.0,0.0,3.0,1.0,3.0,8.0,1.0,2.0,2.0,6.0,4.0,1.0,1.0,0.0,1.0,1.0,2.0,0.0,1.0,1.0,2.0,4.0,3.0,2.0,3.0,2.0,2.0,2.0,1.0,2.0,0.0,0.0,1.0,1.0,0.0,2.0,10.0,0.0,1.0,1.0,1.0,1.0,1.0,1.0,3.0,0.0,0.0,1.0,1.0,4.0,2.0,0.0,2.0,3.0,3.0,1.0,4.0,0.0,2.0,3.0,2.0,2.0,1.0,0.0,0.0,2.0,0.0,9.0,2.0,2.0,2.0,2.0,1.0,3.0,1.0,0.0,3.0,4.0,1.0,1.0,1.0,1.0,1.0,4.0,1.0,0.0,2.0,1.0,0.0,1.0,1.0,2.0,0.0,1.0,0.0,2.0,1.0,2.0,3.0,1.0,1.0,1.0,1.0,1.0,0.0,0.0,1.0,2.0,3.0,1.0,1.0,1.0,1.0,3.0,2.0,4.0,1.0,4.0,2.0,1.0,2.0,1.0,0.0,2.0,1.0,0.0,0.0,0.0,0.0,0.0,1.0,0.0,0.0,0.0,0.0,0.0,2.0,2.0,0.0,1.0,2.0,0.0,0.0,6.0,4.0,2.0,0.0,2.0,0.0,2.0,1.0,2.0,1.0,0.0,0.0,3.0,0.0,2.0,3.0,2.0,5.0,1.0,2.0,0.0,0.0,1.0,1.0,1.0,0.0,2.0,2.0,2.0,1.0,0.0,2.0,0.0,2.0,1.0,1.0,1.0,0.0,2.0,4.0,2.0,0.0,3.0,0.0,0.0,0.0,0.0,3.0,5.0,1.0,1.0,2.0,0.0,1.0,2.0,0.0,2.0,3.0,2.0,0.0,2.0,3.0,4.0,0.0,1.0,1.0,1.0,3.0,2.0,3.0,1.0,0.0,0.0,1.0,2.0,0.0,1.0,1.0,0.0,8.0,2.0,0.0,1.0,1.0,1.0,0.0,0.0,2.0,6.0,2.0,3.0,1.0,3.0,0.0,1.0,1.0,0.0,0.0,0.0,2.0,1.0,0.0,0.0,1.0,3.0,0.0,0.0,3.0,2.0,1.0,7.0,0.0,2.0,2.0,0.0,0.0,0.0,2.0,0.0,0.0,0.0,2.0,1.0,3.0,1.0,2.0,1.0,0.0,1.0,1.0,1.0,0.0,3.0,1.0,2.0,0.0,0.0,0.0,2.0,0.0,0.0,3.0,0.0,2.0,2.0,1.0,3.0,0.0,0.0,2.0,2.0,0.0,1.0,2.0,1.0,1.0,3.0,0.0,2.0,2.0,0.0,2.0,4.0,1.0,1.0,2.0,0.0,0.0,0.0,0.0,1.0,0.0,6.0,2.0,0.0,2.0,0.0,1.0,0.0,0.0,3.0,2.0,1.0,2.0,1.0,2.0,1.0,2.0,2.0,0.0,0.0,2.0,0.0,3.0,5.0,3.0,3.0,0.0,0.0,1.0,0.0,1.0,1.0,9.0,0.0,2.0,1.0,3.0,2.0,1.0,1.0,1.0,1.0,2.0,0.0,0.0,3.0,3.0,1.0,2.0,3.0,1.0,1.0,1.0,2.0,3.0,1.0,0.0,0.0,1.0,1.0,1.0,0.0,1.0,12.0,3.0,0.0,2.0,1.0,2.0,2.0,1.0,2.0,2.0,0.0,1.0,0.0,0.0,2.0,2.0,2.0,1.0,1.0,3.0,1.0,3.0,1.0,2.0,3.0,0.0,3.0,2.0,1.0,0.0,2.0,11.0,0.0,0.0,0.0,1.0,1.0,0.0,4.0,2.0,1.0,0.0,1.0,1.0,2.0,2.0,1.0,0.0,1.0,1.0,3.0,0.0,1.0,3.0,2.0,1.0,2.0,0.0,0.0,1.0,3.0,0.0,7.0,1.0,0.0,2.0,2.0,2.0,1.0,1.0,0.0,1.0,0.0,0.0,1.0,1.0,2.0,2.0,3.0,3.0,1.0,1.0,1.0,2.0,4.0,4.0,0.0,1.0,1.0,2.0,1.0,2.0,2.0,6.0,1.0,0.0,1.0,0.0,0.0,0.0,1.0,1.0,0.0,1.0,2.0,5.0,3.0,0.0,0.0,1.0,1.0,0.0,0.0,1.0,2.0,2.0,0.0,2.0,1.0,1.0,1.0,3.0,3.0,0.0,7.0,0.0,4.0,2.0,2.0,0.0,0.0,1.0,0.0,0.0,2.0,2.0,1.0,2.0,1.0,1.0,1.0,1.0,0.0,2.0,3.0,1.0,2.0,0.0,4.0,1.0,0.0,1.0,0.0,0.0,1.0,7.0,1
259,1709.2239900722868,70208.56223880596,1.7419103479731861,294.21811241073476,0.3433309642264866,0.17428998585715003,3.1641791044776117,-0.07972573975838627,19.0,0.0,2.0,1.0,1.0,0.0,1.0,1.0,2.0,4.0,1.0,0.0,1.0,1.0,3.0,2.0,1.0,0.0,2.0,1.0,3.0,0.0,3.0,2.0,1.0,0.0,4.0,1.0,0.0,1.0,0.0,11.0,0.0,0.0,1.0,2.0,2.0,2.0,2.0,1.0,2.0,1.0,1.0,0.0,0.0,0.0,1.0,1.0,0.0,1.0,2.0,3.0,1.0,0.0,1.0,0.0,0.0,3.0,1.0,0.0,1.0,0.0,6.0,1.0,2.0,0.0,0.0,0.0,0.0,0.0,2.0,1.0,0.0,2.0,2.0,2.0,0.0,0.0,0.0,1.0,0.0,1.0,0.0,0.0,0.0,4.0,0.0,1.0,0.0,0.0,3.0,0.0,0.0,12.0,0.0,2.0,1.0,0.0,0.0,0.0,2.0,0.0,1.0,1.0,1.0,0.0,1.0,1.0,0.0,1.0,0.0,1.0,0.0,2.0,0.0,1.0,2.0,0.0,2.0,0.0,0.0,3.0,0.0,0.0,12.0,0.0,0.0,0.0,1.0,0.0,1.0,1.0,1.0,0.0,2.0,0.0,2.0,1.0,1.0,2.0,1.0,0.0,1.0,2.0,1.0,1.0,0.0,0.0,0.0,0.0,0.0,2.0,1.0,1.0,0.0,8.0,1.0,1.0,1.0,0.0,3.0,2.0,2.0,1.0,0.0,0.0,1.0,1.0,0.0,0.0,0.0,1.0,0.0,0.0,0.0,2.0,3.0,4.0,0.0,1.0,1.0,2.0,0.0,0.0,0.0,2.0,10.0,0.0,0.0,1.0,0.0,0.0,0.0,1.0,0.0,0.0,0.0,0.0,0.0,1.0,0.0,0.0,0.0,2.0,2.0,0.0,0.0,0.0,0.0,4.0,2.0,1.0,0.0,0.0,0.0,0.0,0.0,8.0,0.0,1.0,0.0,0.0,2.0,1.0,2.0,1.0,0.0,1.0,0.0,0.0,1.0,0.0,1.0,0.0,2.0,1.0,1.0,2.0,2.0,0.0,2.0,2.0,0.0,1.0,1.0,1.0,0.0,1.0,9.0,0.0,0.0,1.0,4.0,0.0,0.0,1.0,1.0,1.0,1.0,1.0,0.0,0.0,0.0,2.0,0.0,0.0,1.0,1.0,1.0,0.0,2.0,0.0,0.0,1.0,1.0,0.0,0.0,0.0,1.0,7.0,0.0,0.0,0.0,0.0,0.0,0.0,0.0,0.0,1.0,1.0,2.0,2.0,2.0,2.0,0.0,2.0,0.0,0.0,0.0,0.0,1.0,2.0,4.0,2.0,2.0,1.0,0.0,0.0,0.0,0.0,13.0,2.0,0.0,0.0,2.0,0.0,0.0,0.0,1.0,0.0,0.0,1.0,0.0,0.0,1.0,1.0,1.0,5.0,0.0,1.0,1.0,0.0,0.0,0.0,1.0,1.0,0.0,1.0,0.0,0.0,2.0,4.0,2.0,4.0,2.0,0.0,1.0,2.0,1.0,1.0,1.0,0.0,1.0,1.0,0.0,1.0,0.0,2.0,0.0,0.0,2.0,1.0,1.0,1.0,0.0,1.0,1.0,3.0,2.0,1.0,0.0,2.0,15.0,3.0,0.0,1.0,0.0,1.0,0.0,2.0,0.0,1.0,0.0,0.0,0.0,2.0,3.0,1.0,0.0,2.0,1.0,0.0,0.0,0.0,0.0,3.0,0.0,0.0,0.0,1.0,0.0,1.0,2.0,10.0,1.0,0.0,1.0,1.0,0.0,1.0,0.0,2.0,1.0,0.0,1.0,1.0,3.0,2.0,3.0,0.0,5.0,0.0,1.0,3.0,0.0,0.0,2.0,0.0,0.0,1.0,1.0,1.0,1.0,0.0,9.0,0.0,2.0,0.0,3.0,0.0,2.0,0.0,0.0,0.0,0.0,2.0,0.0,0.0,1.0,1.0,0.0,1.0,1.0,0.0,0.0,0.0,1.0,1.0,0.0,0.0,0.0,1.0,0.0,0.0,0.0,9.0,0.0,2.0,0.0,0.0,0.0,0.0,0.0,2.0,1.0,2.0,2.0,0.0,0.0,2.0,1.0,3.0,1.0,0.0,0.0,0.0,2.0,0.0,0.0,0.0,0.0,2.0,0.0,0.0,1.0,0.0,3.0,0.0,0.0,0.0,0.0,0.0,2.0,1.0,1.0,0.0,1.0,0.0,0.0,0.0,1.0,2.0,0.0,2.0,0.0,0.0,0.0,3.0,0.0,0.0,0.0,1.0,1.0,0.0,1.0,0.0,0.0,14.0,0.0,0.0,0.0,0.0,0.0,1.0,0.0,0.0,3.0,2.0,1.0,1.0,3.0,1.0,0.0,0.0,0.0,0.0,0.0,0.0,0.0,0.0,0.0,0.0,1.0,0.0,2.0,0.0,0.0,0.0,6.0,1.0,0.0,0.0,1.0,0.0,1.0,0.0,0.0,0.0,0.0,2.0,2.0,1.0,0.0,0.0,1.0,0.0,0.0,0.0,2.0,0.0,1.0,1.0,3.0,0.0,0.0,0.0,1.0,0.0,0.0,10.0,0.0,0.0,0.0,0.0,0.0,3.0,1.0,0.0,1.0,1.0,0.0,1.0,1.0,1.0,0.0,0.0,1.0,0.0,1.0,0.0,0.0,0.0,1.0,1.0,0.0,0.0,0.0,0.0,0.0,0.0,6.0,0.0,2.0,2.0,3.0,1.0,0.0,1.0,0.0,2.0,2.0,1.0,1.0,1.0,2.0,1.0,1.0,0.0,2.0,0.0,0.0,0.0,1.0,1.0,0.0,2.0,0.0,0.0,0.0,0.0,0.0,15.0,1.0,3.0,0.0,0.0,1.0,2.0,0.0,1.0,2.0,0.0,0.0,1.0,2.0,1.0,1.0,0.0,1.0,0.0,0.0,1.0,1.0,1.0,1.0,2.0,0.0,1.0,0.0,0.0,0.0,1.0,10.0,3.0,0.0,1.0,0.0,0.0,0.0,4.0,0.0,2.0,0.0,1.0,1.0,2.0,1.0,2.0,0.0,1.0,2.0,1.0,0.0,0.0,0.0,2.0,2.0,0.0,0.0,1.0,1.0,3.0,2.0,14.0,0.0,2.0,0.0,3.0,0.0,1.0,2.0,0.0,1.0,1.0,0.0,4.0,0.0,0.0,0.0,1.0,0.0,0.0,1.0,3.0,0.0,0.0,0.0,1.0,1.0,0.0,1.0,0.0,0.0,0.0,7.0,0.0,0.0,1.0,0.0,1.0,1.0,2.0,3.0,0.0,2.0,1.0,0.0,1.0,2.0,0.0,4.0,1.0,2.0,2.0,2.0,1.0,0.0,2.0,1.0,0.0,1.0,1.0,0.0,2.0,0.0,13.0,0.0,1.0,0.0,0.0,1.0,1.0,0.0,1.0,1.0,4.0,0.0,2.0,2.0,2.0,2.0,3.0,2.0,0.0,0.0,0.0,0.0,1.0,0.0,0.0,0.0,0.0,2.0,0.0,0.0,3.0,9.0,0.0,1.0,1.0,1.0,0.0,2.0,0.0,1.0,0.0,1.0,2.0,2.0,2.0,1.0,1.0,0.0,1.0,0.0,2.0,1.0,1.0,0.0,1.0,1.0,3.0,0.0,2.0,1.0,1.0,3.0,28.0,2.0,0.0,0.0,0.0,1.0,1.0,0.0,1.0,0.0,1.0,0.0,0.0,2.0,0.0,1.0,2.0,0.0,0.0,0.0,1.0,0.0,1.0,0.0,0.0,0.0,1.0,1.0,1.0,1.0,0.0,5.0,1.0,2.0,0.0,0.0,2.0,2.0,1.0,0.0,0.0,2.0,1.0,0.0,1.0,0.0,0.0,4.0,0.0,0.0,0.0,0.0,1.0,2.0,3.0,4.0,0.0,1.0,0.0,0.0,0.0,1.0,6.0,1
261,2475.1413002179092,105074.81190000002,2.083691800469442,280.31442772573996,0.18303091353091352,0.13507736430236428,3.42,-0.07998460084427146,13.0,2.0,1.0,1.0,4.0,3.0,3.0,2.0,1.0,3.0,4.0,3.0,2.0,3.0,3.0,1.0,0.0,3.0,1.0,4.0,2.0,6.0,4.0,4.0,5.0,2.0,1.0,5.0,2.0,3.0,3.0,11.0,0.0,5.0,0.0,3.0,2.0,4.0,4.0,1.0,4.0,2.0,4.0,2.0,3.0,3.0,6.0,4.0,0.0,2.0,2.0,3.0,2.0,3.0,1.0,5.0,3.0,1.0,1.0,3.0,0.0,2.0,6.0,2.0,3.0,0.0,2.0,2.0,2.0,0.0,0.0,1.0,5.0,0.0,1.0,3.0,2.0,0.0,1.0,0.0,2.0,2.0,1.0,0.0,3.0,2.0,3.0,5.0,0.0,3.0,3.0,3.0,0.0,4.0,2.0,1.0,1.0,2.0,1.0,0.0,3.0,0.0,2.0,2.0,2.0,3.0,3.0,1.0,2.0,4.0,2.0,2.0,0.0,1.0,1.0,0.0,1.0,0.0,1.0,0.0,1.0,3.0,2.0,1.0,8.0,1.0,4.0,0.0,1.0,1.0,0.0,0.0,3.0,1.0,2.0,1.0,2.0,1.0,2.0,1.0,2.0,3.0,1.0,0.0,5.0,0.0,0.0,0.0,0.0,3.0,2.0,1.0,2.0,0.0,2.0,5.0,1.0,0.0,1.0,2.0,2.0,2.0,0.0,4.0,1.0,2.0,0.0,3.0,1.0,0.0,5.0,2.0,0.0,2.0,1.0,0.0,2.0,0.0,0.0,2.0,4.0,4.0,0.0,2.0,4.0,1.0,17.0,2.0,0.0,0.0,0.0,1.0,3.0,0.0,2.0,1.0,4.0,1.0,1.0,0.0,0.0,0.0,1.0,0.0,1.0,1.0,1.0,0.0,3.0,0.0,3.0,3.0,3.0,0.0,2.0,0.0,2.0,6.0,2.0,1.0,1.0,1.0,2.0,1.0,0.0,3.0,0.0,3.0,2.0,1.0,2.0,1.0,0.0,1.0,2.0,2.0,1.0,3.0,0.0,0.0,2.0,2.0,4.0,0.0,2.0,2.0,0.0,2.0,7.0,0.0,1.0,0.0,1.0,1.0,3.0,1.0,0.0,1.0,3.0,2.0,0.0,2.0,1.0,2.0,3.0,0.0,0.0,0.0,2.0,0.0,7.0,2.0,0.0,1.0,1.0,3.0,0.0,0.0,1.0,7.0,2.0,4.0,3.0,0.0,1.0,0.0,0.0,1.0,0.0,2.0,1.0,0.0,2.0,0.0,2.0,1.0,1.0,1.0,0.0,1.0,3.0,3.0,0.0,2.0,1.0,2.0,0.0,1.0,0.0,4.0,6.0,3.0,2.0,0.0,0.0,0.0,1.0,0.0,1.0,0.0,4.0,1.0,2.0,3.0,4.0,2.0,0.0,0.0,1.0,4.0,3.0,7.0,2.0,1.0,0.0,0.0,1.0,0.0,0.0,0.0,0.0,4.0,1.0,3.0,0.0,1.0,1.0,0.0,0.0,0.0,5.0,1.0,1.0,1.0,0.0,1.0,3.0,3.0,1.0,0.0,3.0,1.0,2.0,3.0,2.0,4.0,1.0,2.0,1.0,4.0,2.0,0.0,14.0,4.0,2.0,4.0,1.0,1.0,2.0,1.0,2.0,4.0,0.0,1.0,2.0,0.0,2.0,4.0,1.0,3.0,1.0,0.0,0.0,0.0,2.0,2.0,1.0,1.0,1.0,1.0,2.0,1.0,4.0,7.0,1.0,1.0,0.0,2.0,1.0,0.0,5.0,1.0,2.0,1.0,1.0,1.0,0.0,3.0,2.0,1.0,1.0,1.0,4.0,2.0,0.0,1.0,1.0,1.0,3.0,0.0,2.0,2.0,2.0,2.0,6.0,3.0,1.0,2.0,1.0,0.0,0.0,3.0,0.0,0.0,1.0,0.0,0.0,1.0,0.0,1.0,2.0,3.0,4.0,3.0,1.0,2.0,1.0,1.0,0.0,3.0,0.0,0.0,0.0,1.0,0.0,8.0,1.0,0.0,0.0,3.0,0.0,1.0,3.0,5.0,5.0,1.0,1.0,1.0,0.0,2.0,1.0,3.0,2.0,0.0,0.0,0.0,0.0,1.0,2.0,0.0,2.0,2.0,3.0,0.0,2.0,1.0,10.0,1.0,0.0,1.0,0.0,2.0,2.0,5.0,2.0,1.0,0.0,3.0,0.0,0.0,3.0,6.0,2.0,1.0,2.0,1.0,1.0,1.0,1.0,2.0,0.0,0.0,5.0,0.0,1.0,0.0,0.0,7.0,1.0,0.0,1.0,0.0,1.0,2.0,3.0,1.0,1.0,2.0,1.0,2.0,1.0,1.0,2.0,0.0,0.0,0.0,1.0,1.0,1.0,1.0,0.0,0.0,0.0,1.0,1.0,0.0,1.0,3.0,2.0,0.0,1.0,4.0,1.0,1.0,3.0,1.0,0.0,1.0,0.0,2.0,2.0,2.0,3.0,1.0,1.0,1.0,5.0,1.0,0.0,0.0,1.0,1.0,2.0,0.0,1.0,1.0,2.0,1.0,0.0,5.0,0.0,0.0,5.0,1.0,0.0,2.0,1.0,1.0,1.0,0.0,4.0,5.0,3.0,2.0,0.0,0.0,1.0,2.0,2.0,2.0,5.0,4.0,1.0,1.0,1.0,1.0,3.0,1.0,0.0,1.0,6.0,1.0,1.0,3.0,2.0,3.0,1.0,2.0,1.0,1.0,6.0,4.0,1.0,0.0,1.0,4.0,2.0,1.0,2.0,3.0,0.0,1.0,3.0,2.0,1.0,4.0,0.0,1.0,0.0,0.0,1.0,13.0,5.0,3.0,4.0,1.0,2.0,0.0,2.0,1.0,2.0,3.0,4.0,0.0,2.0,0.0,0.0,3.0,1.0,1.0,0.0,1.0,0.0,1.0,0.0,0.0,0.0,2.0,1.0,2.0,1.0,0.0,8.0,5.0,1.0,3.0,2.0,1.0,0.0,2.0,2.0,2.0,2.0,3.0,3.0,0.0,2.0,1.0,2.0,2.0,6.0,0.0,2.0,1.0,0.0,2.0,1.0,2.0,0.0,0.0,5.0,3.0,0.0,5.0,1.0,3.0,1.0,2.0,1.0,0.0,5.0,2.0,0.0,2.0,2.0,3.0,3.0,2.0,2.0,1.0,2.0,2.0,2.0,0.0,3.0,1.0,1.0,1.0,1.0,4.0,5.0,5.0,1.0,1.0,15.0,1.0,2.0,1.0,3.0,0.0,1.0,1.0,0.0,2.0,1.0,2.0,1.0,0.0,2.0,0.0,2.0,0.0,2.0,4.0,0.0,3.0,1.0,1.0,3.0,2.0,1.0,1.0,0.0,3.0,2.0,2.0,2.0,0.0,0.0,2.0,4.0,3.0,0.0,2.0,0.0,1.0,0.0,2.0,2.0,1.0,0.0,2.0,1.0,2.0,0.0,1.0,1.0,2.0,0.0,5.0,0.0,2.0,1.0,0.0,1.0,1.0,9.0,0.0,0.0,0.0,1.0,2.0,1.0,2.0,1.0,0.0,2.0,5.0,0.0,3.0,1.0,1.0,2.0,0.0,2.0,3.0,2.0,2.0,1.0,1.0,4.0,0.0,0.0,0.0,2.0,0.0,1.0,4.0,2.0,1.0,2.0,2.0,1.0,1.0,1.0,1.0,0.0,1.0,1.0,1.0,2.0,1.0,1.0,1.0,1.0,0.0,2.0,1.0,0.0,0.0,0.0,1.0,0.0,0.0,0.0,1.0,1.0,2.0,2.0,0.0,6.0,3.0,2.0,4.0,1.0,2.0,0.0,1.0,1.0,0.0,0.0,1.0,1.0,1.0,1.0,0.0,0.0,0.0,3.0,0.0,1.0,4.0,1.0,1.0,0.0,2.0,1.0,0.0,0.0,3.0,1
262,2271.6183070387124,122242.61194999996,1.9235545170928932,369.059655279279,0.22481265956265964,0.1340467412217412,3.5,-0.07592522269504276,12.0,2.0,2.0,0.0,3.0,4.0,4.0,1.0,5.0,0.0,3.0,1.0,4.0,3.0,2.0,5.0,1.0,1.0,3.0,4.0,2.0,2.0,3.0,5.0,1.0,2.0,1.0,1.0,1.0,0.0,2.0,15.0,5.0,2.0,1.0,4.0,1.0,0.0,3.0,5.0,2.0,0.0,2.0,5.0,3.0,3.0,2.0,3.0,1.0,0.0,2.0,3.0,3.0,6.0,3.0,0.0,3.0,1.0,1.0,1.0,1.0,4.0,14.0,1.0,0.0,1.0,1.0,0.0,0.0,0.0,0.0,0.0,1.0,2.0,2.0,5.0,2.0,1.0,0.0,3.0,1.0,1.0,2.0,1.0,2.0,2.0,1.0,3.0,0.0,2.0,3.0,3.0,1.0,9.0,0.0,2.0,0.0,2.0,0.0,1.0,2.0,0.0,0.0,0.0,2.0,0.0,0.0,2.0,2.0,0.0,0.0,1.0,0.0,2.0,1.0,1.0,0.0,0.0,1.0,1.0,0.0,4.0,1.0,1.0,10.0,0.0,0.0,0.0,1.0,0.0,1.0,1.0,0.0,0.0,0.0,0.0,2.0,1.0,3.0,2.0,0.0,1.0,1.0,0.0,1.0,1.0,2.0,0.0,0.0,0.0,4.0,3.0,2.0,1.0,0.0,6.0,1.0,0.0,1.0,1.0,0.0,0.0,2.0,1.0,0.0,1.0,1.0,1.0,0.0,2.0,0.0,2.0,4.0,1.0,0.0,1.0,2.0,2.0,1.0,1.0,5.0,1.0,0.0,4.0,0.0,1.0,8.0,2.0,0.0,0.0,0.0,0.0,2.0,1.0,0.0,0.0,1.0,0.0,0.0,0.0,1.0,0.0,2.0,3.0,2.0,1.0,2.0,0.0,1.0,1.0,5.0,1.0,2.0,0.0,0.0,0.0,1.0,9.0,2.0,0.0,0.0,1.0,3.0,0.0,1.0,1.0,0.0,1.0,0.0,0.0,0.0,2.0,4.0,2.0,1.0,0.0,0.0,4.0,0.0,0.0,5.0,4.0,1.0,1.0,0.0,1.0,1.0,0.0,9.0,1.0,1.0,0.0,1.0,0.0,1.0,1.0,0.0,0.0,1.0,2.0,2.0,1.0,1.0,3.0,1.0,4.0,1.0,0.0,1.0,1.0,3.0,1.0,0.0,1.0,0.0,0.0,0.0,0.0,2.0,8.0,0.0,1.0,4.0,0.0,0.0,3.0,1.0,1.0,1.0,0.0,2.0,1.0,3.0,3.0,1.0,0.0,0.0,1.0,1.0,1.0,3.0,1.0,2.0,0.0,1.0,1.0,0.0,0.0,0.0,2.0,6.0,0.0,0.0,1.0,0.0,1.0,1.0,2.0,0.0,1.0,1.0,1.0,4.0,2.0,2.0,1.0,0.0,0.0,0.0,1.0,0.0,0.0,1.0,2.0,0.0,0.0,0.0,1.0,1.0,0.0,1.0,7.0,3.0,0.0,0.0,1.0,1.0,0.0,0.0,1.0,1.0,0.0,1.0,2.0,3.0,0.0,1.0,2.0,1.0,1.0,1.0,2.0,2.0,2.0,1.0,1.0,1.0,0.0,1.0,3.0,1.0,3.0,7.0,6.0,2.0,3.0,1.0,4.0,2.0,0.0,1.0,3.0,2.0,0.0,3.0,2.0,6.0,3.0,1.0,2.0,1.0,3.0,1.0,2.0,3.0,4.0,0.0,2.0,1.0,0.0,4.0,0.0,1.0,12.0,0.0,1.0,1.0,2.0,2.0,0.0,1.0,0.0,2.0,2.0,0.0,0.0,2.0,1.0,0.0,0.0,3.0,0.0,0.0,1.0,0.0,0.0,0.0,2.0,1.0,1.0,1.0,0.0,3.0,2.0,8.0,1.0,2.0,1.0,2.0,3.0,1.0,2.0,1.0,1.0,1.0,1.0,2.0,0.0,1.0,0.0,3.0,2.0,2.0,1.0,1.0,0.0,1.0,0.0,0.0,1.0,2.0,1.0,2.0,0.0,0.0,8.0,0.0,0.0,1.0,2.0,0.0,1.0,2.0,3.0,0.0,2.0,0.0,2.0,3.0,2.0,1.0,2.0,2.0,0.0,0.0,0.0,1.0,2.0,0.0,2.0,0.0,0.0,4.0,0.0,2.0,0.0,3.0,2.0,0.0,0.0,1.0,0.0,1.0,1.0,0.0,2.0,1.0,3.0,0.0,0.0,0.0,2.0,1.0,0.0,2.0,2.0,3.0,1.0,1.0,0.0,0.0,1.0,3.0,3.0,2.0,0.0,2.0,7.0,1.0,2.0,1.0,0.0,0.0,1.0,2.0,4.0,0.0,1.0,1.0,1.0,2.0,2.0,2.0,2.0,1.0,2.0,1.0,0.0,2.0,0.0,1.0,0.0,3.0,0.0,1.0,2.0,0.0,1.0,6.0,1.0,0.0,0.0,2.0,2.0,1.0,2.0,1.0,5.0,2.0,0.0,2.0,2.0,2.0,0.0,1.0,0.0,1.0,1.0,4.0,2.0,1.0,0.0,4.0,0.0,0.0,0.0,0.0,1.0,2.0,5.0,0.0,1.0,0.0,0.0,3.0,0.0,0.0,1.0,0.0,0.0,1.0,5.0,0.0,1.0,0.0,1.0,2.0,1.0,1.0,2.0,0.0,0.0,2.0,1.0,3.0,1.0,1.0,0.0,1.0,0.0,5.0,0.0,1.0,0.0,1.0,0.0,3.0,1.0,0.0,0.0,1.0,3.0,2.0,2.0,1.0,0.0,1.0,1.0,2.0,1.0,0.0,1.0,2.0,2.0,0.0,0.0,2.0,0.0,2.0,1.0,0.0,14.0,0.0,0.0,0.0,0.0,3.0,1.0,1.0,1.0,2.0,2.0,3.0,0.0,1.0,3.0,1.0,2.0,1.0,1.0,1.0,2.0,2.0,2.0,1.0,2.0,1.0,2.0,3.0,0.0,1.0,0.0,17.0,5.0,2.0,2.0,5.0,5.0,1.0,1.0,4.0,2.0,2.0,0.0,4.0,1.0,1.0,0.0,2.0,2.0,2.0,5.0,0.0,5.0,2.0,0.0,1.0,1.0,1.0,1.0,1.0,1.0,5.0,21.0,1.0,0.0,1.0,1.0,3.0,1.0,1.0,1.0,0.0,1.0,1.0,1.0,2.0,3.0,1.0,2.0,0.0,1.0,2.0,0.0,1.0,0.0,2.0,0.0,3.0,0.0,1.0,1.0,2.0,0.0,10.0,3.0,2.0,1.0,3.0,0.0,1.0,5.0,1.0,2.0,0.0,1.0,0.0,3.0,0.0,0.0,1.0,2.0,3.0,1.0,1.0,0.0,0.0,0.0,3.0,0.0,3.0,1.0,2.0,1.0,2.0,17.0,0.0,1.0,2.0,0.0,2.0,3.0,0.0,0.0,0.0,1.0,3.0,2.0,0.0,1.0,0.0,2.0,4.0,1.0,4.0,0.0,0.0,2.0,2.0,1.0,2.0,1.0,4.0,1.0,0.0,1.0,10.0,1.0,1.0,4.0,6.0,3.0,1.0,0.0,1.0,0.0,1.0,2.0,3.0,2.0,2.0,2.0,1.0,0.0,1.0,2.0,0.0,4.0,1.0,2.0,0.0,1.0,0.0,1.0,0.0,2.0,1.0,13.0,2.0,0.0,3.0,2.0,0.0,0.0,1.0,3.0,0.0,3.0,1.0,0.0,1.0,0.0,1.0,0.0,2.0,0.0,1.0,1.0,1.0,0.0,0.0,3.0,1.0,2.0,1.0,1.0,2.0,0.0,10.0,0.0,1.0,2.0,1.0,0.0,0.0,1.0,2.0,0.0,0.0,1.0,1.0,0.0,0.0,0.0,0.0,1.0,0.0,3.0,0.0,0.0,4.0,0.0,1.0,0.0,0.0,1.0,1.0,0.0,1.0,6.0,1
264,1556.6561903961133,87553.5629,1.5994707921846134,305.85234840469127,0.41085089910089884,0.10338550986050986,3.31,-0.027231028798437643,26.0,2.0,3.0,1.0,4.0,3.0,0.0,2.0,3.0,3.0,0.0,2.0,1.0,3.0,0.0,2.0,1.0,1.0,0.0,1.0,1.0,0.0,0.0,1.0,1.0,1.0,1.0,1.0,0.0,1.0,0.0,27.0,6.0,6.0,1.0,4.0,4.0,3.0,0.0,1.0,5.0,2.0,0.0,2.0,2.0,1.0,1.0,1.0,2.0,0.0,2.0,3.0,0.0,0.0,1.0,1.0,0.0,3.0,2.0,2.0,7.0,3.0,28.0,0.0,0.0,0.0,0.0,4.0,0.0,1.0,2.0,0.0,2.0,1.0,0.0,2.0,1.0,0.0,1.0,0.0,0.0,0.0,0.0,3.0,1.0,1.0,0.0,3.0,1.0,2.0,0.0,3.0,1.0,15.0,0.0,0.0,0.0,1.0,3.0,0.0,2.0,1.0,0.0,0.0,4.0,2.0,1.0,0.0,1.0,3.0,0.0,1.0,0.0,2.0,3.0,0.0,2.0,1.0,1.0,1.0,1.0,2.0,1.0,2.0,16.0,0.0,1.0,0.0,1.0,2.0,1.0,0.0,2.0,1.0,2.0,0.0,0.0,3.0,1.0,1.0,0.0,2.0,1.0,3.0,2.0,1.0,1.0,1.0,1.0,0.0,1.0,1.0,0.0,1.0,0.0,9.0,1.0,0.0,1.0,0.0,2.0,1.0,1.0,1.0,0.0,0.0,2.0,0.0,0.0,1.0,1.0,1.0,0.0,2.0,3.0,1.0,2.0,1.0,0.0,3.0,1.0,2.0,1.0,1.0,0.0,1.0,16.0,1.0,2.0,0.0,1.0,2.0,3.0,0.0,0.0,0.0,0.0,2.0,1.0,0.0,0.0,0.0,0.0,3.0,0.0,1.0,0.0,1.0,0.0,1.0,1.0,4.0,2.0,1.0,1.0,0.0,1.0,19.0,1.0,1.0,0.0,0.0,2.0,2.0,1.0,1.0,0.0,0.0,1.0,2.0,2.0,1.0,0.0,3.0,0.0,1.0,0.0,2.0,2.0,3.0,3.0,2.0,3.0,0.0,1.0,0.0,2.0,1.0,17.0,0.0,1.0,0.0,3.0,0.0,1.0,0.0,1.0,0.0,1.0,3.0,0.0,0.0,1.0,2.0,2.0,0.0,2.0,4.0,0.0,0.0,2.0,0.0,0.0,0.0,2.0,0.0,0.0,2.0,1.0,10.0,1.0,1.0,1.0,0.0,1.0,0.0,2.0,0.0,1.0,0.0,3.0,2.0,1.0,1.0,1.0,2.0,0.0,0.0,1.0,2.0,2.0,0.0,3.0,0.0,1.0,2.0,1.0,2.0,3.0,0.0,19.0,0.0,2.0,2.0,0.0,0.0,2.0,0.0,1.0,0.0,0.0,0.0,2.0,2.0,1.0,0.0,3.0,2.0,2.0,2.0,2.0,3.0,1.0,0.0,0.0,0.0,0.0,0.0,0.0,0.0,0.0,3.0,2.0,1.0,0.0,0.0,0.0,0.0,0.0,0.0,0.0,1.0,0.0,1.0,1.0,1.0,0.0,0.0,1.0,3.0,3.0,2.0,2.0,2.0,2.0,1.0,0.0,1.0,0.0,0.0,3.0,2.0,26.0,2.0,1.0,0.0,2.0,3.0,3.0,3.0,0.0,1.0,1.0,3.0,1.0,0.0,0.0,1.0,3.0,1.0,5.0,2.0,0.0,1.0,1.0,0.0,0.0,5.0,1.0,2.0,0.0,0.0,2.0,22.0,0.0,0.0,1.0,1.0,0.0,2.0,0.0,2.0,1.0,0.0,0.0,1.0,0.0,0.0,0.0,0.0,1.0,2.0,0.0,2.0,1.0,1.0,1.0,1.0,2.0,1.0,0.0,0.0,1.0,1.0,18.0,1.0,0.0,1.0,2.0,1.0,3.0,0.0,0.0,2.0,2.0,1.0,2.0,1.0,2.0,0.0,1.0,1.0,0.0,1.0,1.0,0.0,0.0,2.0,0.0,0.0,0.0,1.0,1.0,0.0,0.0,19.0,1.0,2.0,1.0,1.0,0.0,1.0,0.0,1.0,3.0,1.0,2.0,1.0,0.0,0.0,1.0,4.0,0.0,2.0,1.0,0.0,0.0,1.0,0.0,0.0,4.0,0.0,1.0,0.0,0.0,0.0,6.0,1.0,1.0,0.0,0.0,0.0,0.0,2.0,1.0,2.0,0.0,0.0,1.0,0.0,0.0,2.0,1.0,1.0,0.0,0.0,2.0,0.0,1.0,1.0,0.0,1.0,2.0,1.0,2.0,1.0,0.0,10.0,1.0,0.0,0.0,0.0,0.0,2.0,0.0,2.0,0.0,1.0,1.0,1.0,1.0,1.0,1.0,1.0,1.0,1.0,2.0,2.0,0.0,2.0,0.0,0.0,1.0,0.0,2.0,2.0,0.0,0.0,11.0,0.0,1.0,0.0,0.0,0.0,3.0,2.0,1.0,3.0,1.0,1.0,3.0,2.0,0.0,0.0,1.0,0.0,1.0,0.0,0.0,4.0,0.0,0.0,1.0,1.0,1.0,1.0,0.0,0.0,1.0,19.0,1.0,0.0,3.0,1.0,1.0,1.0,1.0,1.0,0.0,0.0,0.0,0.0,2.0,0.0,2.0,1.0,2.0,0.0,1.0,1.0,1.0,0.0,1.0,1.0,2.0,0.0,1.0,0.0,1.0,0.0,16.0,1.0,1.0,2.0,1.0,0.0,1.0,0.0,0.0,0.0,0.0,2.0,0.0,1.0,0.0,1.0,0.0,0.0,1.0,2.0,1.0,1.0,2.0,0.0,0.0,1.0,0.0,0.0,3.0,1.0,2.0,8.0,0.0,1.0,0.0,1.0,0.0,0.0,2.0,0.0,0.0,2.0,0.0,1.0,0.0,0.0,1.0,1.0,1.0,1.0,1.0,0.0,1.0,0.0,0.0,0.0,0.0,0.0,1.0,1.0,0.0,1.0,7.0,2.0,1.0,0.0,0.0,1.0,0.0,0.0,1.0,0.0,2.0,3.0,7.0,2.0,1.0,3.0,2.0,0.0,2.0,0.0,1.0,1.0,4.0,2.0,2.0,3.0,0.0,0.0,1.0,1.0,1.0,27.0,2.0,0.0,0.0,4.0,3.0,0.0,0.0,1.0,1.0,2.0,1.0,4.0,1.0,0.0,3.0,2.0,1.0,0.0,1.0,1.0,0.0,2.0,1.0,2.0,1.0,2.0,1.0,3.0,2.0,1.0,20.0,1.0,0.0,0.0,1.0,0.0,1.0,3.0,1.0,1.0,2.0,0.0,0.0,0.0,2.0,1.0,2.0,0.0,0.0,2.0,5.0,0.0,2.0,0.0,0.0,0.0,0.0,0.0,0.0,0.0,0.0,22.0,0.0,0.0,1.0,2.0,1.0,0.0,0.0,2.0,2.0,0.0,0.0,0.0,2.0,0.0,1.0,0.0,1.0,0.0,0.0,0.0,0.0,0.0,1.0,1.0,2.0,0.0,1.0,3.0,2.0,0.0,28.0,2.0,0.0,0.0,0.0,4.0,2.0,0.0,0.0,2.0,1.0,2.0,0.0,1.0,1.0,2.0,6.0,1.0,1.0,1.0,0.0,1.0,1.0,1.0,0.0,0.0,0.0,2.0,1.0,2.0,0.0,22.0,1.0,1.0,0.0,2.0,2.0,1.0,1.0,2.0,1.0,0.0,1.0,1.0,0.0,1.0,1.0,2.0,2.0,2.0,0.0,0.0,1.0,1.0,2.0,0.0,0.0,1.0,1.0,0.0,2.0,0.0,14.0,0.0,1.0,3.0,0.0,0.0,0.0,2.0,1.0,1.0,2.0,0.0,3.0,0.0,1.0,1.0,1.0,1.0,1.0,2.0,1.0,0.0,0.0,1.0,1.0,1.0,0.0,1.0,1.0,0.0,0.0,8.0,1
265,1418.1077755641143,85283.46307692306,1.7355033231481438,582.5895534868064,0.2598770277341706,0.08320832606546893,4.747252747252747,-0.06171469911962065,4.0,2.0,1.0,1.0,2.0,1.0,0.0,1.0,1.0,0.0,1.0,1.0,2.0,0.0,1.0,1.0,3.0,3.0,2.0,0.0,1.0,0.0,1.0,0.0,1.0,1.0,1.0,0.0,0.0,1.0,1.0,3.0,2.0,1.0,0.0,2.0,1.0,1.0,3.0,2.0,0.0,1.0,3.0,2.0,2.0,0.0,0.0,0.0,0.0,1.0,2.0,0.0,2.0,2.0,3.0,1.0,1.0,0.0,0.0,0.0,1.0,0.0,3.0,1.0,0.0,1.0,0.0,2.0,1.0,0.0,0.0,0.0,2.0,0.0,0.0,1.0,0.0,0.0,0.0,0.0,1.0,0.0,1.0,2.0,2.0,0.0,1.0,1.0,1.0,0.0,1.0,1.0,0.0,3.0,1.0,1.0,0.0,0.0,0.0,1.0,0.0,0.0,0.0,0.0,2.0,0.0,1.0,1.0,2.0,0.0,0.0,3.0,2.0,1.0,2.0,2.0,0.0,0.0,0.0,0.0,0.0,0.0,0.0,2.0,4.0,0.0,0.0,0.0,1.0,0.0,0.0,1.0,0.0,0.0,1.0,4.0,0.0,1.0,0.0,0.0,0.0,1.0,0.0,1.0,2.0,1.0,0.0,4.0,1.0,0.0,1.0,3.0,1.0,0.0,1.0,2.0,1.0,2.0,0.0,2.0,1.0,1.0,3.0,0.0,0.0,1.0,0.0,1.0,0.0,0.0,1.0,1.0,2.0,0.0,0.0,1.0,2.0,0.0,1.0,3.0,2.0,1.0,0.0,0.0,0.0,0.0,2.0,1.0,0.0,1.0,1.0,1.0,0.0,3.0,0.0,0.0,0.0,0.0,0.0,0.0,1.0,0.0,0.0,2.0,1.0,0.0,0.0,0.0,0.0,1.0,0.0,2.0,0.0,1.0,0.0,2.0,0.0,4.0,0.0,1.0,0.0,0.0,1.0,0.0,2.0,1.0,0.0,1.0,0.0,1.0,1.0,0.0,1.0,0.0,0.0,1.0,1.0,1.0,2.0,0.0,0.0,2.0,0.0,0.0,0.0,0.0,0.0,0.0,6.0,0.0,0.0,2.0,2.0,1.0,1.0,3.0,0.0,3.0,1.0,0.0,0.0,1.0,0.0,0.0,1.0,0.0,1.0,0.0,1.0,0.0,1.0,2.0,0.0,0.0,0.0,2.0,0.0,2.0,1.0,6.0,1.0,2.0,2.0,0.0,0.0,0.0,0.0,0.0,0.0,0.0,2.0,0.0,1.0,0.0,1.0,0.0,1.0,1.0,0.0,0.0,3.0,1.0,0.0,0.0,2.0,0.0,1.0,0.0,2.0,0.0,1.0,0.0,1.0,0.0,1.0,0.0,0.0,0.0,1.0,0.0,0.0,2.0,0.0,1.0,0.0,0.0,2.0,1.0,0.0,0.0,1.0,3.0,2.0,1.0,1.0,0.0,0.0,0.0,0.0,0.0,1.0,0.0,1.0,0.0,1.0,1.0,1.0,0.0,0.0,0.0,0.0,2.0,2.0,0.0,1.0,0.0,0.0,1.0,1.0,0.0,3.0,2.0,0.0,0.0,1.0,3.0,1.0,3.0,2.0,0.0,0.0,0.0,14.0,0.0,1.0,1.0,1.0,2.0,1.0,2.0,1.0,3.0,1.0,1.0,1.0,1.0,1.0,2.0,1.0,2.0,0.0,0.0,0.0,1.0,0.0,2.0,0.0,0.0,2.0,0.0,3.0,0.0,2.0,3.0,0.0,0.0,0.0,0.0,2.0,0.0,0.0,1.0,1.0,0.0,1.0,0.0,0.0,2.0,0.0,0.0,0.0,1.0,0.0,0.0,0.0,1.0,1.0,0.0,0.0,0.0,0.0,0.0,3.0,2.0,6.0,1.0,4.0,1.0,0.0,1.0,1.0,1.0,0.0,1.0,1.0,2.0,1.0,0.0,0.0,1.0,2.0,0.0,1.0,1.0,2.0,2.0,0.0,1.0,0.0,2.0,0.0,0.0,1.0,1.0,1.0,3.0,0.0,1.0,2.0,0.0,0.0,4.0,1.0,1.0,1.0,1.0,2.0,1.0,0.0,0.0,0.0,1.0,1.0,1.0,0.0,3.0,0.0,1.0,0.0,0.0,3.0,1.0,1.0,1.0,1.0,0.0,2.0,0.0,1.0,2.0,0.0,1.0,0.0,0.0,1.0,1.0,0.0,1.0,1.0,1.0,3.0,1.0,0.0,0.0,0.0,1.0,0.0,2.0,1.0,0.0,0.0,0.0,0.0,0.0,0.0,1.0,0.0,1.0,0.0,1.0,3.0,0.0,0.0,4.0,0.0,1.0,1.0,2.0,0.0,0.0,3.0,0.0,0.0,1.0,3.0,1.0,0.0,0.0,0.0,0.0,0.0,0.0,0.0,2.0,0.0,0.0,1.0,1.0,2.0,1.0,0.0,2.0,1.0,2.0,0.0,0.0,2.0,0.0,1.0,0.0,0.0,0.0,0.0,1.0,0.0,0.0,1.0,2.0,0.0,1.0,1.0,0.0,0.0,0.0,1.0,0.0,1.0,1.0,2.0,4.0,0.0,1.0,0.0,0.0,1.0,1.0,0.0,0.0,1.0,0.0,0.0,3.0,4.0,1.0,2.0,0.0,1.0,0.0,0.0,1.0,0.0,0.0,3.0,1.0,1.0,2.0,2.0,0.0,1.0,1.0,2.0,1.0,0.0,0.0,0.0,2.0,0.0,0.0,0.0,0.0,2.0,1.0,1.0,1.0,2.0,1.0,2.0,0.0,2.0,3.0,0.0,1.0,5.0,1.0,1.0,2.0,1.0,0.0,0.0,2.0,0.0,7.0,1.0,1.0,0.0,0.0,1.0,1.0,2.0,1.0,2.0,0.0,0.0,2.0,1.0,1.0,0.0,0.0,1.0,0.0,1.0,2.0,0.0,0.0,1.0,1.0,2.0,0.0,1.0,1.0,0.0,0.0,5.0,4.0,0.0,0.0,0.0,2.0,1.0,1.0,0.0,0.0,1.0,1.0,0.0,1.0,2.0,0.0,0.0,0.0,1.0,2.0,0.0,2.0,2.0,0.0,1.0,2.0,1.0,0.0,3.0,1.0,2.0,6.0,2.0,1.0,2.0,0.0,0.0,0.0,1.0,2.0,0.0,2.0,1.0,1.0,2.0,0.0,0.0,0.0,0.0,1.0,2.0,0.0,0.0,0.0,2.0,1.0,0.0,0.0,1.0,5.0,1.0,0.0,5.0,0.0,1.0,1.0,0.0,1.0,1.0,1.0,1.0,0.0,1.0,1.0,0.0,1.0,0.0,1.0,2.0,1.0,0.0,0.0,1.0,2.0,1.0,1.0,0.0,0.0,0.0,0.0,0.0,3.0,1.0,3.0,0.0,0.0,0.0,0.0,1.0,0.0,2.0,0.0,0.0,0.0,0.0,0.0,0.0,1.0,2.0,0.0,1.0,1.0,0.0,4.0,0.0,0.0,1.0,1.0,2.0,3.0,1.0,0.0,0.0,0.0,1.0,0.0,1.0,0.0,0.0,2.0,1.0,1.0,0.0,1.0,0.0,0.0,1.0,1.0,0.0,2.0,1.0,0.0,1.0,0.0,1.0,0.0,0.0,0.0,2.0,1.0,2.0,1.0,1.0,2.0,0.0,5.0,0.0,0.0,0.0,1.0,0.0,1.0,0.0,1.0,1.0,0.0,1.0,0.0,1.0,0.0,0.0,0.0,0.0,1.0,0.0,1.0,2.0,1.0,1.0,1.0,1.0,0.0,1.0,0.0,0.0,0.0,1.0,0.0,0.0,1.0,0.0,0.0,0.0,0.0,1.0,0.0,0.0,2.0,0.0,1.0,0.0,0.0,1.0,1.0,1.0,0.0,1.0,0.0,3.0,0.0,0.0,0.0,0.0,0.0,0.0,0.0,0.0,3.0,1
266,2535.883863444836,184089.43450000003,2.0785574168669934,295.75127007491125,0.17251506826506824,0.0935042328042328,4.82,0.030870024856291155,13.0,2.0,6.0,3.0,5.0,0.0,2.0,2.0,1.0,3.0,0.0,3.0,4.0,2.0,2.0,1.0,0.0,2.0,2.0,1.0,1.0,2.0,0.0,1.0,1.0,1.0,1.0,0.0,3.0,2.0,1.0,5.0,5.0,2.0,4.0,1.0,2.0,5.0,2.0,0.0,2.0,3.0,1.0,1.0,3.0,1.0,2.0,1.0,2.0,2.0,2.0,2.0,0.0,4.0,1.0,2.0,0.0,1.0,0.0,2.0,2.0,0.0,11.0,0.0,0.0,0.0,0.0,4.0,2.0,0.0,0.0,1.0,4.0,4.0,2.0,2.0,0.0,2.0,1.0,1.0,0.0,1.0,3.0,6.0,1.0,2.0,1.0,1.0,1.0,2.0,3.0,1.0,1.0,7.0,1.0,0.0,0.0,2.0,1.0,1.0,1.0,1.0,1.0,0.0,3.0,0.0,4.0,1.0,1.0,0.0,1.0,0.0,2.0,2.0,2.0,1.0,2.0,2.0,1.0,2.0,3.0,3.0,0.0,0.0,11.0,2.0,0.0,0.0,0.0,3.0,1.0,2.0,2.0,1.0,1.0,0.0,0.0,2.0,1.0,1.0,1.0,2.0,3.0,3.0,1.0,0.0,1.0,1.0,2.0,4.0,1.0,2.0,2.0,1.0,1.0,5.0,1.0,0.0,2.0,2.0,0.0,1.0,2.0,0.0,1.0,1.0,1.0,1.0,0.0,2.0,2.0,3.0,0.0,0.0,1.0,1.0,1.0,2.0,0.0,2.0,2.0,1.0,1.0,0.0,1.0,1.0,7.0,0.0,0.0,0.0,0.0,0.0,2.0,0.0,2.0,2.0,0.0,1.0,1.0,3.0,3.0,0.0,0.0,1.0,1.0,1.0,3.0,0.0,0.0,0.0,2.0,3.0,1.0,0.0,1.0,3.0,1.0,12.0,0.0,0.0,2.0,0.0,2.0,3.0,4.0,0.0,2.0,0.0,1.0,2.0,0.0,2.0,1.0,1.0,4.0,1.0,0.0,2.0,0.0,0.0,3.0,1.0,0.0,2.0,2.0,0.0,0.0,1.0,4.0,1.0,2.0,1.0,3.0,1.0,0.0,1.0,0.0,0.0,2.0,1.0,2.0,2.0,1.0,0.0,1.0,2.0,2.0,2.0,2.0,2.0,2.0,1.0,1.0,0.0,2.0,1.0,0.0,1.0,0.0,3.0,0.0,2.0,1.0,2.0,0.0,0.0,0.0,3.0,0.0,1.0,2.0,1.0,2.0,0.0,0.0,4.0,4.0,0.0,3.0,2.0,0.0,1.0,1.0,1.0,0.0,0.0,0.0,0.0,1.0,1.0,6.0,1.0,2.0,1.0,2.0,0.0,0.0,1.0,0.0,1.0,0.0,1.0,1.0,1.0,2.0,0.0,2.0,0.0,2.0,2.0,0.0,5.0,2.0,2.0,1.0,0.0,1.0,0.0,3.0,2.0,1.0,7.0,5.0,0.0,0.0,1.0,1.0,0.0,1.0,0.0,1.0,1.0,3.0,0.0,1.0,0.0,1.0,2.0,2.0,2.0,2.0,5.0,1.0,4.0,0.0,3.0,1.0,5.0,0.0,4.0,2.0,1.0,19.0,2.0,3.0,2.0,0.0,2.0,4.0,1.0,0.0,2.0,1.0,1.0,2.0,3.0,0.0,2.0,4.0,3.0,1.0,2.0,0.0,0.0,3.0,0.0,2.0,2.0,2.0,1.0,1.0,1.0,5.0,13.0,2.0,0.0,0.0,1.0,1.0,0.0,0.0,0.0,1.0,2.0,1.0,0.0,2.0,2.0,1.0,0.0,5.0,1.0,3.0,2.0,1.0,4.0,0.0,0.0,1.0,0.0,0.0,2.0,6.0,1.0,2.0,1.0,2.0,0.0,2.0,0.0,0.0,1.0,1.0,3.0,2.0,1.0,0.0,2.0,0.0,1.0,1.0,1.0,2.0,2.0,1.0,0.0,2.0,1.0,0.0,1.0,0.0,2.0,1.0,0.0,0.0,9.0,1.0,1.0,0.0,2.0,0.0,2.0,1.0,3.0,1.0,1.0,1.0,0.0,0.0,2.0,0.0,2.0,1.0,2.0,1.0,0.0,2.0,1.0,2.0,0.0,1.0,1.0,1.0,0.0,1.0,2.0,6.0,3.0,0.0,1.0,2.0,0.0,0.0,0.0,1.0,3.0,0.0,1.0,1.0,1.0,0.0,2.0,1.0,2.0,0.0,1.0,0.0,1.0,2.0,2.0,0.0,0.0,0.0,1.0,1.0,1.0,3.0,10.0,1.0,1.0,1.0,1.0,5.0,2.0,1.0,0.0,3.0,0.0,4.0,1.0,1.0,3.0,1.0,1.0,2.0,0.0,1.0,0.0,2.0,0.0,0.0,1.0,2.0,3.0,1.0,3.0,0.0,0.0,4.0,0.0,0.0,2.0,0.0,2.0,0.0,1.0,0.0,0.0,2.0,0.0,7.0,0.0,0.0,1.0,1.0,0.0,1.0,1.0,1.0,1.0,0.0,1.0,0.0,0.0,0.0,0.0,0.0,0.0,0.0,4.0,0.0,2.0,1.0,1.0,1.0,2.0,4.0,2.0,1.0,0.0,0.0,3.0,1.0,1.0,1.0,1.0,1.0,1.0,2.0,1.0,3.0,0.0,0.0,0.0,1.0,1.0,2.0,0.0,0.0,1.0,9.0,2.0,1.0,1.0,1.0,2.0,1.0,0.0,0.0,1.0,0.0,6.0,0.0,1.0,1.0,2.0,2.0,0.0,3.0,0.0,0.0,1.0,4.0,0.0,2.0,1.0,0.0,1.0,0.0,0.0,2.0,11.0,0.0,3.0,2.0,0.0,4.0,1.0,1.0,0.0,2.0,1.0,1.0,1.0,3.0,2.0,1.0,1.0,0.0,1.0,0.0,2.0,0.0,1.0,3.0,1.0,1.0,1.0,1.0,1.0,3.0,1.0,11.0,3.0,2.0,0.0,2.0,1.0,1.0,1.0,1.0,1.0,2.0,1.0,2.0,1.0,1.0,1.0,4.0,4.0,2.0,2.0,1.0,4.0,2.0,2.0,2.0,4.0,1.0,1.0,1.0,0.0,3.0,13.0,1.0,2.0,4.0,1.0,1.0,0.0,2.0,1.0,2.0,0.0,1.0,0.0,1.0,2.0,2.0,1.0,1.0,0.0,3.0,1.0,1.0,3.0,1.0,1.0,0.0,0.0,1.0,2.0,1.0,2.0,8.0,1.0,1.0,1.0,3.0,2.0,2.0,2.0,0.0,1.0,2.0,1.0,0.0,1.0,1.0,3.0,2.0,0.0,1.0,0.0,2.0,1.0,0.0,2.0,1.0,1.0,1.0,1.0,1.0,3.0,1.0,11.0,3.0,1.0,2.0,1.0,3.0,1.0,2.0,2.0,2.0,2.0,4.0,0.0,1.0,0.0,0.0,2.0,2.0,3.0,0.0,1.0,1.0,3.0,1.0,2.0,0.0,2.0,0.0,0.0,2.0,2.0,10.0,1.0,3.0,2.0,2.0,0.0,1.0,2.0,0.0,5.0,0.0,1.0,1.0,1.0,0.0,2.0,2.0,0.0,2.0,1.0,4.0,0.0,0.0,0.0,1.0,0.0,1.0,3.0,1.0,2.0,0.0,9.0,2.0,0.0,3.0,1.0,4.0,2.0,1.0,1.0,0.0,4.0,1.0,1.0,2.0,4.0,1.0,0.0,1.0,0.0,2.0,2.0,1.0,1.0,1.0,1.0,3.0,2.0,0.0,0.0,1.0,4.0,21.0,1.0,2.0,2.0,2.0,1.0,0.0,2.0,0.0,1.0,0.0,1.0,1.0,1.0,2.0,2.0,0.0,0.0,0.0,2.0,3.0,1.0,1.0,1.0,2.0,2.0,2.0,2.0,0.0,2.0,3.0,6.0,1
267,1548.3257951345993,85313.2226,1.9149353919495455,343.9203341756282,0.22531313131313133,0.08913107263107262,4.35,-0.004173378391126176,23.0,2.0,2.0,4.0,8.0,3.0,1.0,2.0,5.0,2.0,2.0,1.0,2.0,5.0,1.0,2.0,0.0,3.0,1.0,5.0,1.0,3.0,1.0,3.0,1.0,2.0,1.0,1.0,3.0,2.0,1.0,13.0,5.0,2.0,0.0,1.0,2.0,1.0,2.0,1.0,2.0,0.0,1.0,2.0,0.0,2.0,1.0,4.0,1.0,2.0,1.0,2.0,3.0,0.0,0.0,2.0,2.0,1.0,3.0,2.0,1.0,2.0,3.0,1.0,0.0,0.0,0.0,2.0,1.0,0.0,2.0,0.0,2.0,1.0,1.0,0.0,1.0,0.0,1.0,2.0,0.0,2.0,0.0,0.0,0.0,2.0,2.0,0.0,1.0,1.0,6.0,2.0,1.0,6.0,2.0,0.0,0.0,1.0,4.0,1.0,0.0,1.0,2.0,1.0,1.0,0.0,1.0,4.0,1.0,0.0,0.0,3.0,3.0,1.0,1.0,1.0,0.0,0.0,1.0,2.0,6.0,1.0,0.0,2.0,13.0,2.0,2.0,0.0,0.0,1.0,0.0,2.0,0.0,1.0,1.0,0.0,0.0,1.0,0.0,2.0,1.0,2.0,2.0,2.0,1.0,0.0,1.0,2.0,0.0,0.0,2.0,1.0,0.0,2.0,0.0,3.0,1.0,0.0,1.0,1.0,3.0,0.0,2.0,0.0,0.0,1.0,0.0,1.0,0.0,1.0,1.0,1.0,0.0,2.0,1.0,2.0,1.0,3.0,0.0,0.0,2.0,0.0,1.0,0.0,0.0,0.0,5.0,1.0,0.0,0.0,0.0,0.0,0.0,0.0,0.0,0.0,2.0,0.0,0.0,1.0,2.0,0.0,0.0,0.0,0.0,1.0,1.0,1.0,1.0,1.0,4.0,0.0,1.0,1.0,1.0,0.0,1.0,17.0,0.0,0.0,1.0,3.0,4.0,2.0,2.0,3.0,3.0,0.0,1.0,2.0,2.0,0.0,2.0,2.0,0.0,0.0,0.0,1.0,1.0,2.0,3.0,2.0,0.0,3.0,2.0,0.0,1.0,0.0,9.0,1.0,1.0,1.0,0.0,3.0,2.0,0.0,4.0,2.0,0.0,0.0,1.0,1.0,2.0,2.0,2.0,0.0,1.0,0.0,0.0,2.0,2.0,1.0,0.0,1.0,1.0,0.0,0.0,0.0,0.0,10.0,0.0,0.0,2.0,2.0,1.0,1.0,1.0,0.0,1.0,0.0,1.0,1.0,1.0,1.0,3.0,0.0,0.0,1.0,1.0,2.0,2.0,1.0,0.0,0.0,2.0,0.0,0.0,3.0,2.0,0.0,9.0,0.0,1.0,2.0,2.0,0.0,0.0,1.0,0.0,0.0,1.0,0.0,2.0,3.0,1.0,2.0,1.0,1.0,2.0,0.0,2.0,5.0,1.0,1.0,1.0,0.0,0.0,0.0,1.0,1.0,1.0,14.0,1.0,0.0,1.0,1.0,3.0,0.0,1.0,0.0,2.0,0.0,0.0,2.0,2.0,0.0,1.0,2.0,0.0,0.0,3.0,1.0,0.0,1.0,0.0,0.0,0.0,2.0,2.0,3.0,1.0,1.0,12.0,1.0,5.0,2.0,2.0,0.0,0.0,1.0,1.0,0.0,3.0,1.0,1.0,3.0,1.0,1.0,0.0,2.0,1.0,3.0,0.0,0.0,0.0,2.0,1.0,3.0,3.0,0.0,1.0,1.0,3.0,10.0,0.0,0.0,0.0,2.0,1.0,0.0,0.0,1.0,0.0,1.0,2.0,2.0,2.0,0.0,0.0,1.0,2.0,1.0,1.0,2.0,2.0,1.0,1.0,1.0,1.0,0.0,1.0,0.0,2.0,1.0,6.0,0.0,0.0,0.0,0.0,2.0,0.0,2.0,1.0,2.0,3.0,2.0,1.0,0.0,1.0,1.0,2.0,2.0,0.0,1.0,0.0,1.0,0.0,2.0,2.0,0.0,0.0,0.0,0.0,0.0,1.0,9.0,0.0,1.0,0.0,2.0,1.0,0.0,1.0,1.0,4.0,1.0,1.0,0.0,0.0,1.0,1.0,0.0,3.0,1.0,2.0,1.0,0.0,2.0,2.0,0.0,2.0,1.0,2.0,1.0,0.0,1.0,6.0,0.0,0.0,0.0,0.0,0.0,0.0,2.0,4.0,0.0,3.0,0.0,0.0,0.0,1.0,4.0,0.0,3.0,3.0,0.0,1.0,1.0,0.0,1.0,1.0,3.0,0.0,0.0,2.0,0.0,0.0,13.0,2.0,0.0,4.0,0.0,1.0,0.0,1.0,1.0,0.0,1.0,1.0,2.0,1.0,1.0,1.0,0.0,0.0,1.0,0.0,2.0,0.0,0.0,0.0,1.0,1.0,0.0,0.0,0.0,0.0,0.0,1.0,0.0,0.0,1.0,0.0,3.0,1.0,2.0,1.0,0.0,2.0,0.0,5.0,5.0,1.0,0.0,0.0,1.0,0.0,2.0,0.0,1.0,0.0,1.0,0.0,0.0,1.0,0.0,0.0,0.0,0.0,9.0,1.0,0.0,1.0,2.0,2.0,1.0,1.0,0.0,1.0,0.0,1.0,1.0,1.0,0.0,0.0,0.0,0.0,2.0,0.0,1.0,3.0,2.0,3.0,2.0,0.0,1.0,1.0,1.0,0.0,0.0,10.0,0.0,0.0,0.0,3.0,1.0,0.0,2.0,0.0,1.0,0.0,2.0,1.0,1.0,1.0,1.0,0.0,1.0,1.0,3.0,0.0,1.0,3.0,0.0,0.0,2.0,0.0,3.0,1.0,0.0,1.0,14.0,0.0,2.0,2.0,0.0,1.0,1.0,1.0,0.0,5.0,0.0,1.0,1.0,0.0,2.0,0.0,1.0,2.0,0.0,0.0,1.0,0.0,0.0,2.0,2.0,0.0,0.0,1.0,1.0,0.0,1.0,4.0,3.0,1.0,2.0,2.0,0.0,0.0,3.0,2.0,0.0,0.0,1.0,4.0,0.0,0.0,1.0,0.0,0.0,2.0,1.0,0.0,1.0,2.0,3.0,2.0,3.0,0.0,1.0,1.0,2.0,2.0,16.0,2.0,2.0,1.0,1.0,3.0,1.0,5.0,2.0,1.0,3.0,1.0,4.0,0.0,1.0,3.0,1.0,1.0,2.0,4.0,0.0,1.0,0.0,1.0,0.0,1.0,1.0,2.0,3.0,1.0,0.0,10.0,1.0,0.0,1.0,0.0,2.0,1.0,0.0,1.0,1.0,0.0,3.0,1.0,3.0,1.0,1.0,0.0,0.0,0.0,2.0,1.0,0.0,1.0,2.0,1.0,1.0,1.0,1.0,2.0,1.0,3.0,17.0,2.0,1.0,1.0,1.0,1.0,1.0,2.0,0.0,0.0,0.0,2.0,3.0,0.0,0.0,1.0,2.0,0.0,1.0,1.0,0.0,1.0,1.0,1.0,0.0,1.0,2.0,2.0,1.0,0.0,0.0,4.0,1.0,2.0,2.0,2.0,2.0,1.0,1.0,1.0,2.0,0.0,1.0,2.0,1.0,1.0,2.0,1.0,1.0,0.0,1.0,1.0,1.0,0.0,1.0,0.0,0.0,0.0,0.0,0.0,1.0,0.0,8.0,0.0,2.0,3.0,1.0,0.0,2.0,1.0,1.0,0.0,1.0,0.0,3.0,1.0,1.0,0.0,0.0,1.0,1.0,1.0,0.0,0.0,1.0,0.0,1.0,0.0,1.0,0.0,1.0,1.0,2.0,8.0,1.0,2.0,3.0,0.0,5.0,0.0,1.0,0.0,0.0,1.0,1.0,2.0,1.0,2.0,1.0,2.0,1.0,1.0,3.0,3.0,0.0,0.0,0.0,1.0,0.0,1.0,1.0,0.0,1.0,0.0,6.0,1
268,1860.789557756206,114644.3620526316,1.8381949023281305,360.2959739881721,0.2556949191159717,0.09610497202602465,4.021052631578947,-0.0036349116959389105,21.0,1.0,6.0,1.0,3.0,3.0,2.0,3.0,3.0,0.0,0.0,1.0,3.0,1.0,2.0,3.0,0.0,2.0,2.0,2.0,1.0,4.0,1.0,3.0,2.0,2.0,2.0,6.0,2.0,1.0,3.0,15.0,3.0,2.0,3.0,1.0,1.0,1.0,0.0,0.0,5.0,3.0,2.0,2.0,2.0,2.0,1.0,0.0,2.0,2.0,1.0,3.0,4.0,1.0,1.0,0.0,0.0,1.0,1.0,1.0,3.0,3.0,16.0,2.0,1.0,0.0,0.0,0.0,1.0,1.0,0.0,2.0,2.0,2.0,1.0,2.0,1.0,0.0,1.0,0.0,1.0,0.0,1.0,3.0,0.0,1.0,0.0,1.0,1.0,0.0,1.0,3.0,3.0,17.0,1.0,0.0,1.0,1.0,3.0,1.0,1.0,2.0,0.0,1.0,1.0,0.0,1.0,1.0,0.0,1.0,1.0,0.0,1.0,1.0,3.0,1.0,2.0,1.0,0.0,0.0,1.0,0.0,1.0,1.0,9.0,1.0,0.0,2.0,0.0,2.0,1.0,1.0,1.0,1.0,2.0,0.0,2.0,2.0,0.0,0.0,0.0,1.0,0.0,2.0,1.0,1.0,0.0,1.0,2.0,2.0,3.0,3.0,1.0,0.0,2.0,9.0,1.0,2.0,1.0,2.0,2.0,0.0,3.0,1.0,2.0,0.0,0.0,2.0,1.0,0.0,0.0,0.0,2.0,1.0,1.0,2.0,2.0,1.0,1.0,2.0,3.0,3.0,0.0,2.0,0.0,1.0,11.0,0.0,0.0,1.0,0.0,0.0,2.0,0.0,1.0,0.0,1.0,0.0,1.0,1.0,1.0,0.0,0.0,1.0,0.0,2.0,2.0,1.0,0.0,0.0,3.0,1.0,0.0,0.0,0.0,1.0,1.0,6.0,1.0,0.0,1.0,0.0,3.0,0.0,1.0,2.0,3.0,2.0,1.0,0.0,0.0,0.0,1.0,0.0,2.0,2.0,0.0,3.0,1.0,1.0,4.0,3.0,1.0,0.0,0.0,1.0,0.0,0.0,5.0,0.0,0.0,0.0,1.0,0.0,0.0,1.0,1.0,2.0,1.0,1.0,2.0,1.0,2.0,2.0,0.0,1.0,0.0,0.0,0.0,0.0,6.0,0.0,0.0,2.0,0.0,0.0,0.0,1.0,0.0,2.0,1.0,1.0,1.0,0.0,0.0,0.0,0.0,0.0,1.0,2.0,1.0,0.0,0.0,1.0,2.0,0.0,1.0,0.0,3.0,0.0,1.0,0.0,0.0,0.0,0.0,1.0,1.0,0.0,2.0,1.0,0.0,1.0,1.0,1.0,0.0,1.0,0.0,1.0,0.0,1.0,0.0,0.0,0.0,1.0,1.0,1.0,1.0,2.0,0.0,1.0,2.0,3.0,1.0,2.0,1.0,2.0,0.0,0.0,0.0,1.0,1.0,8.0,1.0,0.0,2.0,2.0,1.0,0.0,1.0,2.0,2.0,0.0,0.0,1.0,0.0,0.0,0.0,1.0,0.0,0.0,1.0,1.0,1.0,0.0,3.0,6.0,1.0,1.0,2.0,0.0,1.0,1.0,19.0,3.0,0.0,3.0,1.0,0.0,3.0,4.0,0.0,2.0,2.0,1.0,0.0,2.0,2.0,1.0,0.0,1.0,2.0,3.0,0.0,1.0,0.0,2.0,0.0,1.0,1.0,1.0,1.0,0.0,3.0,14.0,1.0,0.0,2.0,1.0,0.0,0.0,0.0,0.0,1.0,0.0,0.0,0.0,0.0,2.0,1.0,1.0,5.0,1.0,0.0,0.0,1.0,2.0,2.0,0.0,1.0,0.0,0.0,1.0,2.0,1.0,10.0,1.0,1.0,0.0,2.0,2.0,0.0,0.0,1.0,0.0,0.0,0.0,0.0,1.0,4.0,3.0,5.0,1.0,0.0,1.0,2.0,0.0,1.0,1.0,0.0,2.0,0.0,0.0,2.0,1.0,0.0,7.0,2.0,0.0,1.0,1.0,0.0,0.0,0.0,2.0,0.0,0.0,0.0,0.0,2.0,1.0,2.0,1.0,1.0,1.0,1.0,0.0,1.0,1.0,0.0,1.0,0.0,0.0,1.0,0.0,0.0,2.0,3.0,1.0,0.0,1.0,0.0,2.0,1.0,2.0,1.0,0.0,2.0,0.0,0.0,1.0,2.0,1.0,0.0,1.0,1.0,0.0,1.0,2.0,0.0,2.0,1.0,0.0,2.0,0.0,1.0,0.0,0.0,9.0,2.0,0.0,2.0,0.0,3.0,2.0,1.0,0.0,2.0,0.0,2.0,2.0,0.0,2.0,0.0,2.0,0.0,0.0,0.0,0.0,0.0,2.0,0.0,3.0,1.0,0.0,1.0,1.0,0.0,1.0,12.0,1.0,2.0,1.0,0.0,1.0,3.0,2.0,1.0,2.0,0.0,1.0,3.0,0.0,1.0,2.0,0.0,4.0,4.0,2.0,0.0,1.0,0.0,0.0,1.0,0.0,1.0,0.0,0.0,0.0,2.0,4.0,3.0,0.0,0.0,1.0,0.0,2.0,1.0,0.0,3.0,1.0,0.0,4.0,5.0,2.0,1.0,2.0,1.0,1.0,1.0,1.0,0.0,1.0,2.0,2.0,3.0,0.0,0.0,1.0,0.0,0.0,7.0,0.0,0.0,0.0,0.0,1.0,0.0,0.0,0.0,0.0,0.0,1.0,1.0,1.0,1.0,0.0,0.0,0.0,2.0,0.0,0.0,1.0,1.0,1.0,1.0,1.0,0.0,0.0,1.0,2.0,2.0,0.0,1.0,1.0,1.0,0.0,1.0,1.0,0.0,0.0,1.0,2.0,1.0,1.0,1.0,2.0,0.0,0.0,1.0,0.0,0.0,2.0,0.0,1.0,2.0,0.0,0.0,1.0,1.0,1.0,2.0,1.0,7.0,2.0,1.0,1.0,4.0,0.0,0.0,0.0,3.0,1.0,2.0,1.0,0.0,3.0,0.0,1.0,1.0,1.0,1.0,1.0,2.0,0.0,1.0,1.0,1.0,4.0,0.0,2.0,1.0,1.0,2.0,6.0,0.0,1.0,2.0,1.0,1.0,0.0,1.0,1.0,0.0,3.0,1.0,2.0,0.0,2.0,2.0,0.0,0.0,0.0,1.0,3.0,0.0,1.0,0.0,2.0,0.0,2.0,1.0,0.0,3.0,0.0,8.0,0.0,2.0,0.0,1.0,0.0,0.0,2.0,2.0,0.0,2.0,1.0,0.0,2.0,0.0,0.0,1.0,1.0,2.0,1.0,0.0,1.0,2.0,0.0,1.0,1.0,0.0,0.0,0.0,2.0,3.0,7.0,0.0,0.0,0.0,0.0,3.0,2.0,0.0,2.0,2.0,1.0,3.0,3.0,0.0,0.0,1.0,2.0,3.0,1.0,1.0,0.0,1.0,1.0,0.0,1.0,0.0,0.0,0.0,1.0,0.0,0.0,11.0,0.0,1.0,0.0,1.0,1.0,0.0,0.0,0.0,1.0,2.0,0.0,1.0,1.0,0.0,0.0,0.0,1.0,2.0,1.0,0.0,1.0,1.0,2.0,2.0,3.0,1.0,1.0,1.0,1.0,0.0,5.0,4.0,1.0,1.0,4.0,0.0,1.0,1.0,1.0,1.0,3.0,0.0,1.0,1.0,1.0,0.0,0.0,1.0,0.0,1.0,3.0,0.0,0.0,1.0,1.0,0.0,2.0,3.0,0.0,2.0,1.0,15.0,0.0,2.0,0.0,0.0,1.0,0.0,0.0,0.0,0.0,1.0,1.0,0.0,1.0,0.0,0.0,2.0,0.0,1.0,1.0,2.0,0.0,2.0,1.0,1.0,0.0,1.0,1.0,0.0,2.0,0.0,1.0,1
269,1795.0006586900188,89929.95939999999,1.867021440582574,425.68937049062043,0.253972582972583,0.1330729316979317,3.95,-0.14382524399234362,10.0,5.0,3.0,5.0,6.0,0.0,1.0,4.0,1.0,1.0,2.0,1.0,3.0,1.0,0.0,4.0,0.0,3.0,0.0,1.0,1.0,0.0,0.0,1.0,3.0,1.0,3.0,2.0,4.0,2.0,3.0,6.0,0.0,1.0,1.0,1.0,2.0,3.0,4.0,2.0,5.0,0.0,1.0,1.0,3.0,1.0,5.0,2.0,1.0,2.0,3.0,3.0,1.0,4.0,2.0,0.0,3.0,3.0,0.0,0.0,1.0,2.0,6.0,2.0,0.0,1.0,2.0,1.0,1.0,0.0,1.0,2.0,1.0,0.0,2.0,2.0,1.0,2.0,0.0,3.0,2.0,2.0,3.0,2.0,1.0,2.0,1.0,0.0,0.0,0.0,3.0,4.0,2.0,7.0,1.0,0.0,1.0,0.0,4.0,1.0,0.0,1.0,1.0,2.0,4.0,0.0,1.0,5.0,1.0,1.0,1.0,1.0,1.0,1.0,1.0,1.0,1.0,0.0,1.0,2.0,2.0,2.0,1.0,1.0,8.0,0.0,0.0,0.0,0.0,1.0,1.0,0.0,0.0,0.0,0.0,2.0,0.0,3.0,0.0,0.0,3.0,1.0,1.0,1.0,2.0,3.0,1.0,0.0,0.0,1.0,1.0,1.0,2.0,0.0,1.0,4.0,1.0,0.0,3.0,1.0,2.0,0.0,1.0,1.0,4.0,0.0,0.0,1.0,0.0,0.0,1.0,0.0,2.0,2.0,1.0,0.0,0.0,1.0,1.0,1.0,2.0,5.0,1.0,4.0,0.0,2.0,3.0,1.0,0.0,0.0,0.0,0.0,3.0,1.0,0.0,0.0,1.0,0.0,0.0,1.0,1.0,0.0,0.0,1.0,2.0,0.0,1.0,1.0,0.0,1.0,4.0,3.0,0.0,1.0,0.0,1.0,1.0,7.0,0.0,2.0,0.0,1.0,3.0,1.0,2.0,0.0,0.0,1.0,0.0,1.0,1.0,2.0,0.0,1.0,1.0,2.0,2.0,1.0,2.0,1.0,2.0,5.0,1.0,3.0,1.0,0.0,0.0,1.0,4.0,0.0,0.0,1.0,0.0,0.0,2.0,0.0,0.0,0.0,1.0,0.0,2.0,2.0,2.0,0.0,0.0,0.0,2.0,1.0,0.0,0.0,2.0,2.0,1.0,0.0,1.0,0.0,0.0,0.0,1.0,2.0,0.0,2.0,3.0,0.0,2.0,1.0,1.0,1.0,1.0,0.0,0.0,2.0,1.0,2.0,1.0,0.0,0.0,1.0,0.0,1.0,0.0,1.0,1.0,1.0,1.0,2.0,0.0,2.0,0.0,1.0,4.0,3.0,0.0,1.0,0.0,0.0,1.0,2.0,0.0,0.0,0.0,0.0,0.0,3.0,1.0,2.0,0.0,0.0,1.0,1.0,1.0,0.0,2.0,2.0,3.0,1.0,0.0,1.0,3.0,2.0,2.0,2.0,2.0,1.0,1.0,0.0,1.0,0.0,0.0,1.0,1.0,0.0,0.0,3.0,0.0,2.0,1.0,1.0,5.0,2.0,3.0,2.0,1.0,1.0,1.0,2.0,1.0,1.0,1.0,0.0,0.0,1.0,6.0,2.0,2.0,1.0,0.0,6.0,1.0,4.0,2.0,1.0,1.0,1.0,1.0,0.0,1.0,1.0,2.0,1.0,2.0,0.0,0.0,1.0,0.0,3.0,2.0,3.0,1.0,1.0,1.0,2.0,1.0,5.0,1.0,1.0,1.0,0.0,0.0,0.0,0.0,0.0,2.0,1.0,1.0,1.0,0.0,0.0,1.0,0.0,3.0,1.0,2.0,2.0,1.0,2.0,6.0,0.0,0.0,1.0,1.0,0.0,4.0,0.0,2.0,0.0,1.0,0.0,1.0,2.0,1.0,1.0,1.0,1.0,1.0,1.0,0.0,2.0,0.0,0.0,3.0,1.0,2.0,2.0,0.0,1.0,0.0,1.0,0.0,0.0,0.0,0.0,2.0,0.0,0.0,0.0,0.0,2.0,1.0,1.0,1.0,1.0,3.0,0.0,0.0,0.0,0.0,0.0,0.0,1.0,1.0,2.0,2.0,1.0,0.0,0.0,1.0,2.0,1.0,0.0,0.0,1.0,0.0,0.0,1.0,3.0,2.0,0.0,1.0,1.0,4.0,1.0,0.0,0.0,2.0,0.0,1.0,1.0,0.0,1.0,3.0,5.0,1.0,2.0,2.0,2.0,1.0,1.0,1.0,2.0,0.0,0.0,3.0,1.0,1.0,0.0,2.0,7.0,3.0,0.0,2.0,0.0,2.0,1.0,0.0,2.0,0.0,1.0,2.0,1.0,1.0,1.0,3.0,1.0,0.0,0.0,0.0,1.0,0.0,0.0,0.0,0.0,0.0,1.0,1.0,0.0,0.0,0.0,2.0,0.0,1.0,0.0,0.0,0.0,2.0,3.0,1.0,2.0,3.0,0.0,1.0,1.0,0.0,0.0,0.0,1.0,1.0,1.0,0.0,2.0,1.0,3.0,1.0,0.0,1.0,1.0,0.0,0.0,1.0,1.0,0.0,1.0,1.0,1.0,2.0,1.0,1.0,0.0,1.0,1.0,2.0,1.0,2.0,1.0,2.0,0.0,0.0,0.0,0.0,0.0,0.0,5.0,0.0,1.0,2.0,1.0,4.0,3.0,1.0,0.0,7.0,0.0,1.0,0.0,2.0,1.0,3.0,0.0,0.0,0.0,3.0,0.0,2.0,2.0,1.0,0.0,0.0,0.0,2.0,0.0,0.0,3.0,0.0,1.0,1.0,3.0,1.0,0.0,1.0,0.0,0.0,0.0,2.0,1.0,1.0,1.0,1.0,0.0,0.0,0.0,3.0,0.0,1.0,1.0,0.0,1.0,1.0,2.0,1.0,4.0,2.0,1.0,1.0,1.0,0.0,0.0,0.0,1.0,1.0,2.0,1.0,0.0,3.0,6.0,0.0,0.0,1.0,2.0,1.0,1.0,1.0,0.0,1.0,2.0,1.0,0.0,1.0,1.0,2.0,2.0,1.0,4.0,0.0,3.0,1.0,0.0,1.0,3.0,1.0,1.0,1.0,1.0,3.0,7.0,1.0,2.0,1.0,1.0,1.0,1.0,1.0,1.0,0.0,1.0,1.0,1.0,2.0,0.0,0.0,0.0,0.0,3.0,1.0,2.0,1.0,0.0,1.0,1.0,0.0,2.0,1.0,3.0,1.0,1.0,7.0,2.0,4.0,2.0,0.0,0.0,2.0,2.0,1.0,2.0,0.0,1.0,1.0,1.0,0.0,1.0,1.0,0.0,3.0,2.0,0.0,1.0,0.0,2.0,2.0,0.0,2.0,2.0,2.0,1.0,0.0,10.0,0.0,1.0,1.0,0.0,2.0,4.0,2.0,1.0,1.0,2.0,2.0,2.0,0.0,0.0,0.0,2.0,2.0,0.0,1.0,0.0,2.0,1.0,1.0,1.0,0.0,1.0,1.0,0.0,0.0,1.0,6.0,2.0,0.0,0.0,2.0,2.0,0.0,1.0,0.0,1.0,0.0,2.0,0.0,1.0,1.0,0.0,3.0,0.0,1.0,0.0,1.0,1.0,1.0,0.0,0.0,0.0,1.0,2.0,3.0,2.0,0.0,5.0,1.0,2.0,1.0,1.0,2.0,1.0,0.0,2.0,1.0,2.0,0.0,2.0,3.0,1.0,2.0,0.0,0.0,0.0,0.0,1.0,1.0,0.0,0.0,1.0,1.0,1.0,1.0,0.0,2.0,1.0,5.0,1.0,3.0,3.0,1.0,0.0,1.0,1.0,0.0,1.0,0.0,0.0,0.0,1.0,0.0,3.0,1.0,1.0,1.0,0.0,0.0,0.0,0.0,0.0,2.0,0.0,0.0,1.0,0.0,1.0,1.0,2.0,1
270,2226.665022948924,127558.60392857144,1.8748530709417606,253.89745030454299,0.23491916247018307,0.1542409395215518,3.4183673469387754,-0.03309682165908179,32.0,2.0,2.0,1.0,3.0,3.0,5.0,2.0,4.0,3.0,2.0,1.0,2.0,3.0,0.0,2.0,0.0,1.0,0.0,3.0,1.0,7.0,3.0,0.0,2.0,2.0,3.0,2.0,4.0,4.0,1.0,19.0,1.0,1.0,1.0,1.0,2.0,0.0,3.0,1.0,6.0,0.0,3.0,2.0,3.0,3.0,1.0,0.0,1.0,3.0,3.0,0.0,0.0,2.0,3.0,0.0,1.0,2.0,0.0,2.0,2.0,3.0,15.0,0.0,0.0,1.0,0.0,2.0,0.0,0.0,2.0,2.0,2.0,0.0,2.0,3.0,1.0,1.0,0.0,1.0,1.0,0.0,3.0,4.0,0.0,1.0,1.0,1.0,0.0,4.0,0.0,1.0,2.0,9.0,0.0,2.0,1.0,2.0,3.0,0.0,3.0,1.0,2.0,2.0,1.0,2.0,0.0,1.0,0.0,1.0,1.0,0.0,2.0,2.0,0.0,1.0,0.0,0.0,1.0,1.0,1.0,2.0,0.0,0.0,17.0,3.0,1.0,2.0,1.0,0.0,0.0,0.0,2.0,1.0,0.0,2.0,4.0,2.0,0.0,4.0,0.0,0.0,0.0,1.0,0.0,2.0,1.0,1.0,0.0,1.0,2.0,1.0,0.0,1.0,1.0,18.0,1.0,1.0,3.0,0.0,4.0,0.0,1.0,4.0,1.0,2.0,1.0,2.0,1.0,1.0,1.0,0.0,1.0,4.0,2.0,2.0,1.0,0.0,2.0,2.0,0.0,2.0,0.0,1.0,0.0,1.0,16.0,2.0,0.0,2.0,1.0,2.0,2.0,0.0,3.0,1.0,0.0,0.0,1.0,2.0,2.0,0.0,3.0,5.0,1.0,1.0,0.0,1.0,0.0,1.0,3.0,2.0,4.0,1.0,1.0,2.0,1.0,13.0,2.0,2.0,0.0,1.0,4.0,1.0,2.0,0.0,1.0,1.0,1.0,1.0,2.0,2.0,0.0,1.0,1.0,0.0,0.0,0.0,0.0,0.0,2.0,2.0,1.0,1.0,3.0,1.0,1.0,1.0,6.0,0.0,0.0,0.0,1.0,2.0,1.0,1.0,1.0,1.0,2.0,1.0,0.0,1.0,3.0,1.0,2.0,0.0,1.0,2.0,0.0,1.0,1.0,0.0,0.0,1.0,3.0,0.0,1.0,1.0,1.0,13.0,0.0,1.0,1.0,1.0,1.0,0.0,0.0,1.0,1.0,1.0,0.0,0.0,3.0,1.0,0.0,0.0,1.0,0.0,1.0,3.0,5.0,3.0,0.0,1.0,0.0,6.0,0.0,0.0,0.0,0.0,13.0,2.0,2.0,0.0,2.0,1.0,1.0,1.0,2.0,1.0,2.0,0.0,2.0,3.0,0.0,1.0,0.0,1.0,1.0,1.0,6.0,1.0,3.0,2.0,1.0,0.0,0.0,1.0,2.0,0.0,0.0,10.0,0.0,2.0,0.0,1.0,1.0,1.0,0.0,0.0,2.0,2.0,0.0,0.0,2.0,0.0,0.0,2.0,3.0,0.0,3.0,2.0,2.0,2.0,0.0,2.0,2.0,0.0,2.0,2.0,2.0,1.0,27.0,3.0,0.0,3.0,4.0,2.0,2.0,1.0,1.0,4.0,3.0,0.0,2.0,1.0,4.0,5.0,1.0,4.0,4.0,1.0,0.0,2.0,2.0,2.0,0.0,0.0,0.0,2.0,2.0,1.0,3.0,14.0,0.0,1.0,1.0,0.0,0.0,1.0,1.0,2.0,0.0,2.0,1.0,2.0,2.0,2.0,1.0,2.0,2.0,2.0,3.0,2.0,0.0,0.0,2.0,3.0,1.0,1.0,0.0,1.0,1.0,0.0,14.0,1.0,1.0,1.0,2.0,1.0,0.0,3.0,0.0,2.0,1.0,1.0,0.0,2.0,1.0,1.0,2.0,1.0,2.0,3.0,1.0,1.0,1.0,1.0,2.0,0.0,2.0,1.0,2.0,0.0,3.0,15.0,0.0,0.0,1.0,2.0,0.0,1.0,0.0,1.0,1.0,0.0,1.0,3.0,3.0,0.0,0.0,3.0,1.0,0.0,1.0,1.0,1.0,3.0,2.0,1.0,1.0,2.0,4.0,1.0,0.0,1.0,18.0,1.0,1.0,0.0,3.0,2.0,0.0,0.0,1.0,0.0,0.0,2.0,0.0,1.0,4.0,0.0,0.0,1.0,1.0,0.0,0.0,0.0,1.0,0.0,0.0,0.0,0.0,3.0,0.0,0.0,1.0,3.0,0.0,1.0,2.0,1.0,1.0,3.0,0.0,1.0,3.0,3.0,0.0,1.0,2.0,0.0,1.0,2.0,1.0,0.0,1.0,3.0,0.0,1.0,1.0,1.0,0.0,0.0,0.0,0.0,0.0,0.0,9.0,1.0,1.0,1.0,2.0,1.0,2.0,0.0,1.0,0.0,1.0,0.0,1.0,2.0,2.0,1.0,2.0,0.0,0.0,1.0,0.0,1.0,0.0,3.0,3.0,0.0,3.0,2.0,1.0,1.0,0.0,10.0,2.0,1.0,0.0,1.0,3.0,0.0,1.0,2.0,0.0,2.0,4.0,1.0,2.0,1.0,1.0,0.0,0.0,1.0,0.0,0.0,2.0,3.0,2.0,2.0,1.0,2.0,0.0,0.0,0.0,1.0,6.0,1.0,0.0,2.0,1.0,1.0,2.0,1.0,1.0,1.0,2.0,2.0,0.0,1.0,1.0,2.0,1.0,3.0,0.0,2.0,0.0,1.0,3.0,0.0,2.0,0.0,2.0,0.0,1.0,1.0,0.0,6.0,1.0,5.0,0.0,0.0,2.0,1.0,0.0,1.0,3.0,0.0,0.0,1.0,1.0,1.0,0.0,0.0,1.0,1.0,3.0,0.0,4.0,2.0,1.0,0.0,2.0,1.0,3.0,2.0,4.0,0.0,7.0,1.0,2.0,2.0,3.0,2.0,0.0,1.0,4.0,1.0,1.0,1.0,0.0,2.0,4.0,2.0,1.0,2.0,2.0,3.0,6.0,1.0,3.0,1.0,0.0,1.0,2.0,1.0,0.0,1.0,3.0,18.0,0.0,1.0,2.0,0.0,1.0,1.0,3.0,1.0,1.0,0.0,2.0,2.0,5.0,0.0,0.0,0.0,2.0,2.0,1.0,1.0,2.0,0.0,1.0,2.0,1.0,1.0,1.0,1.0,0.0,1.0,16.0,0.0,1.0,0.0,1.0,1.0,0.0,2.0,0.0,2.0,1.0,3.0,0.0,1.0,0.0,0.0,1.0,0.0,0.0,2.0,1.0,0.0,2.0,1.0,0.0,0.0,0.0,1.0,3.0,3.0,2.0,19.0,1.0,0.0,1.0,0.0,1.0,4.0,2.0,1.0,2.0,1.0,0.0,1.0,2.0,1.0,0.0,0.0,2.0,1.0,0.0,3.0,3.0,2.0,0.0,1.0,0.0,1.0,3.0,1.0,0.0,3.0,15.0,2.0,1.0,1.0,3.0,3.0,3.0,2.0,0.0,2.0,3.0,1.0,0.0,0.0,2.0,0.0,3.0,1.0,1.0,1.0,1.0,2.0,0.0,0.0,2.0,0.0,3.0,0.0,1.0,2.0,2.0,11.0,0.0,0.0,3.0,1.0,0.0,0.0,1.0,2.0,0.0,0.0,1.0,1.0,0.0,1.0,1.0,1.0,1.0,1.0,1.0,0.0,0.0,0.0,1.0,1.0,2.0,0.0,0.0,2.0,2.0,0.0,6.0,1.0,3.0,1.0,4.0,0.0,1.0,1.0,1.0,2.0,1.0,1.0,0.0,2.0,3.0,1.0,2.0,1.0,1.0,1.0,1.0,2.0,0.0,1.0,0.0,0.0,3.0,1.0,3.0,1.0,0.0,17.0,1
271,2496.401458477159,112438.01323232322,1.9404899092184311,306.39486183638076,0.230312322357777,0.18359250270866437,3.7373737373737375,-0.03279570965457669,23.0,4.0,4.0,2.0,1.0,2.0,1.0,1.0,3.0,4.0,2.0,0.0,1.0,1.0,6.0,2.0,1.0,4.0,2.0,3.0,1.0,1.0,3.0,2.0,5.0,4.0,3.0,1.0,2.0,2.0,5.0,13.0,3.0,2.0,1.0,0.0,1.0,2.0,4.0,2.0,3.0,3.0,1.0,1.0,1.0,3.0,1.0,2.0,1.0,0.0,2.0,3.0,4.0,2.0,0.0,1.0,2.0,1.0,1.0,2.0,4.0,3.0,9.0,0.0,1.0,1.0,0.0,2.0,1.0,1.0,1.0,1.0,3.0,0.0,2.0,1.0,0.0,0.0,1.0,3.0,1.0,2.0,1.0,0.0,0.0,1.0,3.0,2.0,1.0,0.0,1.0,2.0,0.0,14.0,0.0,0.0,1.0,2.0,2.0,1.0,0.0,1.0,4.0,2.0,2.0,1.0,1.0,1.0,2.0,1.0,3.0,3.0,4.0,0.0,2.0,2.0,0.0,0.0,0.0,3.0,2.0,3.0,1.0,1.0,5.0,1.0,0.0,0.0,2.0,0.0,0.0,2.0,3.0,0.0,0.0,1.0,4.0,2.0,2.0,2.0,2.0,1.0,2.0,0.0,1.0,0.0,0.0,0.0,0.0,0.0,3.0,0.0,0.0,1.0,1.0,5.0,0.0,2.0,2.0,3.0,0.0,1.0,2.0,0.0,1.0,3.0,0.0,0.0,0.0,0.0,0.0,4.0,0.0,2.0,1.0,3.0,1.0,3.0,0.0,1.0,0.0,1.0,0.0,1.0,1.0,0.0,7.0,0.0,0.0,0.0,2.0,0.0,0.0,0.0,2.0,0.0,1.0,0.0,0.0,3.0,1.0,0.0,1.0,3.0,1.0,1.0,3.0,1.0,2.0,1.0,2.0,2.0,0.0,0.0,1.0,1.0,0.0,3.0,2.0,2.0,1.0,0.0,4.0,0.0,1.0,2.0,0.0,1.0,1.0,0.0,0.0,1.0,1.0,0.0,0.0,1.0,2.0,2.0,0.0,0.0,8.0,0.0,2.0,2.0,0.0,2.0,1.0,1.0,8.0,1.0,1.0,1.0,1.0,0.0,3.0,0.0,1.0,2.0,0.0,2.0,2.0,0.0,1.0,0.0,1.0,1.0,2.0,0.0,0.0,1.0,2.0,1.0,3.0,2.0,2.0,2.0,1.0,0.0,0.0,3.0,0.0,1.0,2.0,1.0,1.0,2.0,2.0,1.0,0.0,0.0,0.0,1.0,2.0,1.0,0.0,0.0,2.0,0.0,1.0,4.0,3.0,4.0,0.0,0.0,0.0,2.0,0.0,2.0,0.0,1.0,5.0,1.0,2.0,0.0,1.0,0.0,1.0,0.0,0.0,1.0,0.0,0.0,1.0,3.0,2.0,1.0,3.0,0.0,0.0,0.0,1.0,4.0,0.0,1.0,2.0,0.0,0.0,1.0,1.0,1.0,0.0,7.0,3.0,1.0,1.0,0.0,1.0,0.0,1.0,1.0,0.0,1.0,0.0,4.0,5.0,2.0,2.0,0.0,0.0,1.0,2.0,3.0,0.0,2.0,3.0,1.0,2.0,2.0,1.0,1.0,0.0,2.0,9.0,2.0,1.0,1.0,2.0,0.0,5.0,1.0,2.0,4.0,0.0,2.0,3.0,6.0,2.0,1.0,0.0,3.0,1.0,4.0,0.0,2.0,0.0,0.0,0.0,0.0,1.0,0.0,1.0,1.0,2.0,7.0,0.0,3.0,1.0,0.0,2.0,3.0,0.0,2.0,0.0,0.0,0.0,0.0,0.0,2.0,1.0,0.0,4.0,0.0,2.0,3.0,0.0,3.0,0.0,1.0,3.0,3.0,0.0,1.0,1.0,2.0,12.0,0.0,0.0,0.0,1.0,0.0,1.0,1.0,2.0,2.0,1.0,1.0,3.0,0.0,3.0,2.0,1.0,5.0,1.0,1.0,0.0,1.0,2.0,0.0,2.0,0.0,2.0,3.0,1.0,0.0,1.0,2.0,0.0,1.0,2.0,1.0,0.0,2.0,3.0,0.0,1.0,2.0,0.0,2.0,0.0,0.0,0.0,1.0,3.0,1.0,0.0,3.0,1.0,1.0,2.0,0.0,1.0,2.0,4.0,0.0,0.0,0.0,10.0,2.0,1.0,1.0,0.0,3.0,2.0,0.0,4.0,0.0,0.0,1.0,2.0,0.0,2.0,4.0,1.0,1.0,0.0,0.0,2.0,0.0,0.0,2.0,0.0,0.0,0.0,0.0,1.0,0.0,1.0,1.0,1.0,0.0,0.0,2.0,2.0,1.0,0.0,2.0,1.0,3.0,2.0,1.0,1.0,2.0,2.0,3.0,2.0,0.0,1.0,1.0,3.0,0.0,1.0,1.0,2.0,2.0,1.0,1.0,0.0,1.0,4.0,1.0,3.0,1.0,1.0,0.0,1.0,2.0,0.0,1.0,0.0,1.0,0.0,1.0,2.0,1.0,2.0,0.0,1.0,0.0,1.0,1.0,2.0,1.0,2.0,0.0,1.0,0.0,1.0,0.0,1.0,9.0,1.0,0.0,2.0,2.0,2.0,0.0,1.0,1.0,1.0,3.0,0.0,1.0,3.0,1.0,2.0,1.0,0.0,1.0,0.0,0.0,0.0,2.0,3.0,3.0,2.0,1.0,2.0,0.0,1.0,1.0,1.0,1.0,0.0,3.0,2.0,2.0,1.0,1.0,0.0,1.0,3.0,2.0,0.0,0.0,3.0,3.0,3.0,0.0,1.0,3.0,1.0,1.0,2.0,2.0,0.0,2.0,2.0,0.0,2.0,0.0,3.0,10.0,1.0,0.0,0.0,1.0,2.0,1.0,0.0,1.0,6.0,0.0,0.0,3.0,0.0,2.0,3.0,1.0,0.0,1.0,0.0,0.0,2.0,1.0,2.0,1.0,0.0,2.0,1.0,2.0,3.0,1.0,8.0,6.0,1.0,0.0,1.0,2.0,0.0,0.0,2.0,1.0,0.0,1.0,3.0,3.0,2.0,1.0,0.0,1.0,1.0,0.0,3.0,2.0,2.0,3.0,2.0,1.0,2.0,2.0,0.0,2.0,3.0,18.0,1.0,1.0,3.0,0.0,2.0,1.0,2.0,0.0,1.0,3.0,2.0,0.0,1.0,0.0,1.0,2.0,5.0,2.0,1.0,0.0,1.0,1.0,2.0,1.0,2.0,0.0,1.0,1.0,1.0,3.0,11.0,1.0,4.0,1.0,0.0,2.0,2.0,2.0,1.0,3.0,1.0,0.0,0.0,1.0,1.0,3.0,1.0,2.0,1.0,1.0,1.0,1.0,1.0,0.0,0.0,0.0,3.0,1.0,1.0,2.0,4.0,18.0,2.0,1.0,2.0,2.0,1.0,1.0,6.0,2.0,1.0,4.0,0.0,2.0,0.0,0.0,0.0,0.0,1.0,2.0,2.0,3.0,4.0,3.0,1.0,2.0,1.0,1.0,0.0,3.0,2.0,1.0,13.0,2.0,2.0,1.0,2.0,2.0,0.0,0.0,1.0,1.0,1.0,2.0,1.0,0.0,2.0,0.0,1.0,1.0,1.0,1.0,2.0,2.0,2.0,0.0,2.0,0.0,1.0,3.0,0.0,0.0,0.0,8.0,0.0,1.0,6.0,0.0,1.0,2.0,1.0,0.0,0.0,0.0,1.0,2.0,0.0,1.0,0.0,2.0,0.0,0.0,0.0,1.0,1.0,0.0,0.0,0.0,1.0,1.0,0.0,1.0,3.0,0.0,4.0,0.0,2.0,1.0,0.0,0.0,1.0,1.0,1.0,1.0,1.0,0.0,1.0,4.0,2.0,0.0,3.0,1.0,1.0,2.0,0.0,0.0,3.0,0.0,1.0,0.0,1.0,3.0,2.0,0.0,2.0,12.0,1
273,3817.988380882857,285553.4279500001,2.2193007977053365,298.9147622874295,0.15318871651224586,0.0785731097606098,5.33,0.0638199787950777,7.0,1.0,2.0,2.0,3.0,4.0,4.0,1.0,1.0,0.0,2.0,4.0,0.0,1.0,0.0,2.0,2.0,0.0,2.0,3.0,1.0,5.0,1.0,1.0,0.0,1.0,3.0,0.0,2.0,3.0,2.0,8.0,1.0,3.0,1.0,2.0,1.0,2.0,0.0,1.0,1.0,4.0,2.0,2.0,3.0,1.0,2.0,0.0,1.0,2.0,3.0,2.0,1.0,2.0,0.0,2.0,2.0,1.0,1.0,2.0,3.0,2.0,9.0,0.0,1.0,2.0,0.0,0.0,0.0,3.0,2.0,2.0,3.0,2.0,1.0,0.0,2.0,5.0,1.0,2.0,3.0,2.0,2.0,0.0,2.0,4.0,2.0,0.0,0.0,3.0,1.0,1.0,1.0,12.0,1.0,2.0,1.0,0.0,1.0,1.0,4.0,2.0,2.0,1.0,7.0,1.0,0.0,1.0,0.0,0.0,3.0,1.0,2.0,1.0,2.0,1.0,5.0,1.0,0.0,2.0,1.0,1.0,4.0,1.0,10.0,2.0,1.0,1.0,2.0,1.0,0.0,2.0,3.0,1.0,2.0,0.0,3.0,1.0,1.0,6.0,1.0,0.0,2.0,2.0,4.0,2.0,4.0,0.0,2.0,0.0,0.0,2.0,2.0,0.0,1.0,8.0,2.0,2.0,2.0,4.0,0.0,3.0,2.0,0.0,1.0,1.0,1.0,2.0,0.0,1.0,2.0,1.0,3.0,1.0,0.0,1.0,0.0,0.0,2.0,2.0,3.0,1.0,1.0,0.0,1.0,1.0,3.0,2.0,2.0,1.0,3.0,1.0,4.0,2.0,1.0,0.0,1.0,1.0,1.0,0.0,2.0,2.0,0.0,3.0,4.0,2.0,1.0,2.0,1.0,0.0,0.0,2.0,1.0,2.0,1.0,2.0,5.0,7.0,1.0,1.0,1.0,1.0,3.0,7.0,2.0,0.0,2.0,0.0,1.0,2.0,0.0,2.0,2.0,0.0,0.0,1.0,2.0,0.0,1.0,0.0,5.0,1.0,0.0,1.0,0.0,5.0,3.0,2.0,8.0,1.0,2.0,1.0,1.0,0.0,2.0,1.0,1.0,0.0,1.0,0.0,1.0,1.0,2.0,2.0,0.0,4.0,2.0,3.0,0.0,3.0,1.0,1.0,1.0,1.0,2.0,1.0,1.0,0.0,3.0,3.0,1.0,1.0,2.0,1.0,2.0,0.0,1.0,2.0,0.0,2.0,1.0,2.0,0.0,1.0,0.0,0.0,1.0,1.0,4.0,0.0,1.0,0.0,0.0,1.0,4.0,4.0,1.0,0.0,0.0,1.0,10.0,0.0,1.0,2.0,1.0,1.0,1.0,1.0,2.0,1.0,2.0,1.0,2.0,2.0,1.0,2.0,0.0,3.0,1.0,0.0,4.0,2.0,4.0,1.0,0.0,0.0,0.0,2.0,2.0,0.0,2.0,12.0,5.0,0.0,2.0,1.0,3.0,2.0,3.0,1.0,1.0,1.0,0.0,1.0,2.0,0.0,1.0,1.0,5.0,1.0,0.0,0.0,5.0,4.0,3.0,1.0,3.0,3.0,5.0,0.0,2.0,1.0,4.0,2.0,4.0,1.0,0.0,2.0,2.0,3.0,0.0,2.0,4.0,2.0,1.0,0.0,1.0,0.0,1.0,1.0,6.0,4.0,1.0,1.0,3.0,2.0,2.0,3.0,5.0,0.0,0.0,1.0,3.0,6.0,0.0,2.0,1.0,0.0,1.0,1.0,0.0,2.0,1.0,0.0,1.0,3.0,0.0,0.0,2.0,0.0,4.0,2.0,1.0,5.0,3.0,0.0,0.0,2.0,0.0,0.0,2.0,4.0,2.0,0.0,8.0,0.0,1.0,1.0,1.0,4.0,1.0,4.0,1.0,1.0,0.0,1.0,2.0,2.0,1.0,2.0,2.0,3.0,1.0,2.0,2.0,1.0,1.0,2.0,1.0,1.0,0.0,2.0,2.0,3.0,1.0,6.0,1.0,1.0,2.0,1.0,3.0,0.0,2.0,2.0,2.0,0.0,2.0,1.0,0.0,2.0,0.0,1.0,2.0,4.0,3.0,2.0,0.0,2.0,2.0,0.0,1.0,1.0,0.0,0.0,1.0,1.0,3.0,1.0,1.0,2.0,2.0,0.0,1.0,2.0,1.0,1.0,3.0,1.0,0.0,3.0,0.0,2.0,2.0,0.0,1.0,3.0,0.0,1.0,3.0,2.0,1.0,0.0,2.0,1.0,1.0,3.0,2.0,3.0,1.0,0.0,1.0,1.0,2.0,0.0,2.0,1.0,1.0,3.0,0.0,2.0,1.0,0.0,1.0,1.0,1.0,0.0,2.0,1.0,1.0,0.0,4.0,0.0,0.0,2.0,1.0,1.0,1.0,0.0,8.0,1.0,1.0,0.0,1.0,2.0,0.0,1.0,0.0,3.0,2.0,0.0,1.0,3.0,1.0,3.0,2.0,1.0,2.0,1.0,2.0,2.0,1.0,1.0,2.0,1.0,0.0,2.0,2.0,2.0,0.0,10.0,0.0,1.0,4.0,1.0,2.0,2.0,3.0,1.0,1.0,0.0,1.0,1.0,3.0,2.0,2.0,0.0,0.0,2.0,3.0,3.0,0.0,2.0,1.0,3.0,0.0,2.0,1.0,0.0,0.0,3.0,2.0,0.0,2.0,1.0,4.0,1.0,1.0,1.0,0.0,2.0,2.0,4.0,0.0,0.0,0.0,0.0,3.0,2.0,1.0,4.0,0.0,2.0,2.0,4.0,1.0,3.0,1.0,1.0,1.0,0.0,1.0,5.0,0.0,4.0,0.0,0.0,0.0,1.0,0.0,2.0,3.0,3.0,3.0,3.0,2.0,0.0,0.0,0.0,1.0,4.0,3.0,1.0,0.0,1.0,0.0,0.0,1.0,2.0,1.0,2.0,2.0,2.0,7.0,2.0,3.0,1.0,1.0,5.0,3.0,0.0,0.0,1.0,2.0,1.0,1.0,0.0,0.0,2.0,0.0,0.0,1.0,1.0,0.0,1.0,4.0,6.0,1.0,1.0,2.0,1.0,6.0,0.0,2.0,8.0,0.0,1.0,1.0,1.0,0.0,3.0,1.0,0.0,3.0,3.0,0.0,1.0,3.0,0.0,1.0,0.0,0.0,1.0,2.0,1.0,4.0,2.0,2.0,0.0,0.0,1.0,0.0,1.0,5.0,1.0,6.0,0.0,3.0,0.0,0.0,0.0,2.0,0.0,0.0,2.0,4.0,0.0,2.0,2.0,1.0,0.0,1.0,1.0,3.0,2.0,2.0,2.0,0.0,3.0,1.0,1.0,0.0,1.0,2.0,0.0,0.0,8.0,2.0,2.0,1.0,1.0,2.0,2.0,3.0,0.0,4.0,0.0,2.0,2.0,2.0,0.0,0.0,2.0,1.0,3.0,1.0,2.0,3.0,4.0,0.0,2.0,1.0,2.0,1.0,2.0,0.0,3.0,8.0,1.0,1.0,2.0,0.0,2.0,2.0,1.0,2.0,2.0,1.0,1.0,1.0,0.0,0.0,3.0,1.0,0.0,1.0,0.0,0.0,3.0,1.0,1.0,2.0,1.0,0.0,2.0,2.0,1.0,1.0,13.0,1.0,2.0,0.0,5.0,0.0,0.0,1.0,0.0,1.0,4.0,2.0,2.0,1.0,1.0,1.0,2.0,1.0,2.0,1.0,0.0,0.0,0.0,0.0,1.0,2.0,0.0,2.0,1.0,2.0,0.0,9.0,1.0,5.0,0.0,2.0,1.0,1.0,0.0,2.0,0.0,0.0,1.0,1.0,2.0,4.0,0.0,1.0,5.0,1.0,2.0,1.0,1.0,1.0,1.0,2.0,1.0,0.0,1.0,2.0,0.0,1.0,8.0,1
274,1685.1226353188179,88966.58639999999,1.876832200991301,403.9403958402707,0.22981268731268745,0.13169360269360272,3.83,-0.04014439447126279,8.0,5.0,0.0,3.0,1.0,0.0,2.0,1.0,1.0,1.0,3.0,0.0,3.0,1.0,0.0,1.0,0.0,2.0,1.0,1.0,1.0,3.0,2.0,1.0,1.0,1.0,2.0,4.0,1.0,0.0,2.0,8.0,1.0,1.0,4.0,4.0,1.0,4.0,1.0,4.0,3.0,1.0,1.0,0.0,2.0,3.0,2.0,2.0,4.0,1.0,3.0,5.0,4.0,1.0,2.0,1.0,1.0,2.0,1.0,2.0,2.0,2.0,6.0,1.0,1.0,0.0,0.0,0.0,0.0,0.0,0.0,1.0,2.0,3.0,0.0,1.0,2.0,0.0,0.0,0.0,0.0,1.0,1.0,2.0,1.0,0.0,0.0,2.0,1.0,1.0,2.0,2.0,0.0,6.0,0.0,2.0,3.0,1.0,2.0,1.0,1.0,0.0,3.0,0.0,2.0,0.0,1.0,2.0,0.0,1.0,1.0,2.0,1.0,2.0,1.0,2.0,2.0,3.0,0.0,0.0,1.0,2.0,0.0,2.0,5.0,1.0,0.0,0.0,1.0,2.0,0.0,2.0,1.0,0.0,1.0,0.0,2.0,0.0,0.0,0.0,2.0,2.0,2.0,1.0,1.0,2.0,1.0,0.0,1.0,1.0,1.0,2.0,1.0,0.0,0.0,7.0,1.0,1.0,0.0,2.0,1.0,0.0,3.0,0.0,0.0,1.0,1.0,2.0,2.0,0.0,0.0,1.0,1.0,1.0,3.0,1.0,1.0,0.0,4.0,2.0,0.0,2.0,3.0,1.0,0.0,1.0,4.0,1.0,0.0,1.0,1.0,0.0,3.0,1.0,1.0,1.0,4.0,0.0,1.0,0.0,1.0,1.0,1.0,0.0,0.0,1.0,1.0,1.0,2.0,1.0,1.0,2.0,0.0,2.0,0.0,1.0,2.0,7.0,1.0,0.0,0.0,0.0,4.0,3.0,3.0,2.0,1.0,1.0,1.0,0.0,1.0,1.0,0.0,0.0,3.0,0.0,1.0,2.0,0.0,0.0,1.0,1.0,2.0,3.0,0.0,2.0,0.0,0.0,8.0,0.0,1.0,1.0,0.0,0.0,0.0,1.0,1.0,1.0,0.0,2.0,1.0,1.0,0.0,1.0,2.0,3.0,0.0,3.0,0.0,1.0,3.0,4.0,1.0,0.0,0.0,0.0,2.0,0.0,0.0,5.0,0.0,0.0,2.0,0.0,0.0,0.0,2.0,3.0,2.0,1.0,2.0,0.0,2.0,0.0,1.0,2.0,2.0,1.0,0.0,3.0,3.0,4.0,0.0,4.0,1.0,1.0,2.0,0.0,2.0,0.0,0.0,1.0,2.0,0.0,2.0,0.0,1.0,1.0,0.0,0.0,0.0,1.0,3.0,0.0,0.0,0.0,3.0,0.0,0.0,1.0,2.0,0.0,0.0,0.0,0.0,0.0,0.0,3.0,0.0,0.0,0.0,3.0,1.0,0.0,1.0,1.0,1.0,0.0,2.0,2.0,0.0,0.0,0.0,1.0,5.0,2.0,0.0,0.0,0.0,0.0,0.0,5.0,0.0,1.0,0.0,4.0,0.0,3.0,0.0,4.0,2.0,2.0,12.0,2.0,2.0,2.0,3.0,1.0,4.0,3.0,1.0,1.0,0.0,2.0,2.0,1.0,1.0,4.0,1.0,1.0,3.0,3.0,1.0,0.0,1.0,0.0,2.0,0.0,0.0,1.0,1.0,2.0,2.0,4.0,1.0,1.0,0.0,0.0,0.0,1.0,1.0,2.0,0.0,0.0,2.0,0.0,1.0,0.0,2.0,1.0,2.0,0.0,1.0,1.0,3.0,2.0,2.0,2.0,0.0,0.0,0.0,1.0,1.0,3.0,4.0,4.0,0.0,1.0,2.0,0.0,1.0,1.0,2.0,3.0,0.0,0.0,1.0,0.0,0.0,0.0,1.0,2.0,0.0,4.0,0.0,3.0,2.0,1.0,3.0,0.0,0.0,0.0,2.0,0.0,1.0,6.0,0.0,2.0,1.0,0.0,1.0,3.0,1.0,1.0,3.0,0.0,1.0,0.0,3.0,1.0,1.0,2.0,3.0,1.0,2.0,0.0,0.0,1.0,2.0,0.0,2.0,1.0,4.0,2.0,1.0,1.0,3.0,0.0,0.0,0.0,1.0,0.0,2.0,0.0,0.0,2.0,1.0,0.0,1.0,1.0,0.0,3.0,0.0,2.0,1.0,1.0,1.0,1.0,0.0,1.0,3.0,1.0,1.0,2.0,1.0,3.0,0.0,3.0,0.0,1.0,0.0,0.0,2.0,1.0,3.0,1.0,0.0,1.0,0.0,0.0,2.0,2.0,0.0,2.0,0.0,0.0,0.0,2.0,1.0,1.0,0.0,1.0,2.0,0.0,1.0,3.0,0.0,0.0,5.0,2.0,1.0,1.0,1.0,1.0,1.0,0.0,0.0,0.0,3.0,1.0,3.0,1.0,1.0,0.0,1.0,0.0,2.0,2.0,0.0,1.0,2.0,0.0,0.0,0.0,1.0,0.0,2.0,0.0,0.0,3.0,0.0,3.0,0.0,0.0,0.0,0.0,0.0,1.0,2.0,1.0,0.0,0.0,1.0,1.0,2.0,2.0,0.0,1.0,1.0,0.0,1.0,0.0,2.0,0.0,0.0,0.0,1.0,1.0,1.0,1.0,2.0,1.0,1.0,3.0,1.0,0.0,0.0,1.0,0.0,1.0,2.0,4.0,3.0,2.0,1.0,1.0,1.0,0.0,4.0,4.0,0.0,0.0,1.0,2.0,4.0,1.0,1.0,2.0,0.0,1.0,0.0,8.0,1.0,1.0,0.0,1.0,0.0,1.0,0.0,0.0,1.0,2.0,1.0,0.0,0.0,0.0,3.0,3.0,2.0,2.0,4.0,1.0,2.0,0.0,3.0,1.0,0.0,1.0,0.0,2.0,0.0,1.0,5.0,0.0,1.0,0.0,1.0,1.0,1.0,1.0,0.0,2.0,1.0,0.0,2.0,1.0,1.0,3.0,3.0,0.0,0.0,0.0,1.0,0.0,1.0,2.0,0.0,2.0,2.0,0.0,1.0,0.0,2.0,9.0,0.0,0.0,0.0,0.0,1.0,5.0,2.0,2.0,0.0,2.0,3.0,1.0,1.0,0.0,0.0,0.0,0.0,1.0,2.0,3.0,0.0,2.0,1.0,2.0,0.0,1.0,1.0,1.0,2.0,1.0,12.0,0.0,1.0,4.0,0.0,0.0,2.0,3.0,0.0,0.0,0.0,2.0,0.0,1.0,0.0,0.0,2.0,0.0,2.0,1.0,1.0,2.0,2.0,1.0,0.0,0.0,1.0,2.0,1.0,0.0,0.0,6.0,0.0,0.0,1.0,0.0,2.0,0.0,1.0,0.0,1.0,0.0,0.0,0.0,1.0,2.0,1.0,1.0,3.0,1.0,0.0,0.0,1.0,1.0,1.0,1.0,0.0,0.0,0.0,5.0,0.0,0.0,6.0,2.0,0.0,0.0,2.0,1.0,1.0,3.0,1.0,2.0,0.0,1.0,1.0,5.0,1.0,2.0,0.0,1.0,1.0,0.0,0.0,1.0,3.0,1.0,1.0,0.0,1.0,1.0,0.0,2.0,2.0,7.0,0.0,0.0,1.0,1.0,1.0,1.0,2.0,0.0,1.0,0.0,1.0,1.0,1.0,1.0,0.0,3.0,1.0,1.0,1.0,1.0,0.0,1.0,0.0,1.0,1.0,1.0,0.0,1.0,1.0,0.0,1.0,1.0,0.0,4.0,1.0,0.0,1.0,1.0,1.0,0.0,1.0,0.0,2.0,1.0,2.0,0.0,2.0,2.0,0.0,0.0,1.0,0.0,1.0,3.0,0.0,0.0,0.0,1.0,1.0,1.0,0.0,3.0,1
275,2084.6965197327527,67592.31244999997,1.75934422560412,275.77883647982566,0.297246114996115,0.30184802419802415,1.88,-0.15850616596039543,21.0,4.0,3.0,3.0,5.0,1.0,2.0,2.0,5.0,4.0,2.0,2.0,2.0,2.0,2.0,2.0,0.0,4.0,1.0,2.0,4.0,3.0,2.0,5.0,3.0,0.0,2.0,2.0,0.0,2.0,2.0,18.0,2.0,5.0,3.0,1.0,2.0,2.0,2.0,6.0,2.0,0.0,4.0,2.0,3.0,0.0,7.0,2.0,3.0,3.0,4.0,4.0,3.0,3.0,3.0,3.0,4.0,4.0,0.0,4.0,4.0,4.0,13.0,0.0,2.0,0.0,2.0,1.0,0.0,0.0,0.0,0.0,1.0,0.0,1.0,6.0,1.0,0.0,0.0,0.0,2.0,2.0,1.0,2.0,2.0,1.0,0.0,2.0,0.0,2.0,5.0,4.0,0.0,11.0,0.0,0.0,1.0,1.0,3.0,3.0,1.0,2.0,2.0,0.0,2.0,0.0,0.0,1.0,0.0,3.0,1.0,1.0,1.0,3.0,5.0,1.0,2.0,0.0,0.0,1.0,2.0,2.0,1.0,0.0,6.0,1.0,0.0,1.0,0.0,1.0,0.0,3.0,1.0,1.0,3.0,1.0,1.0,2.0,3.0,0.0,1.0,2.0,0.0,0.0,0.0,2.0,1.0,1.0,0.0,1.0,0.0,4.0,1.0,0.0,0.0,16.0,0.0,0.0,1.0,7.0,1.0,0.0,0.0,2.0,1.0,0.0,1.0,3.0,1.0,0.0,1.0,0.0,0.0,0.0,1.0,3.0,2.0,1.0,0.0,4.0,2.0,1.0,1.0,1.0,1.0,2.0,4.0,0.0,2.0,0.0,0.0,1.0,1.0,0.0,2.0,1.0,1.0,0.0,0.0,1.0,0.0,0.0,3.0,0.0,1.0,2.0,1.0,1.0,0.0,1.0,1.0,3.0,0.0,2.0,2.0,0.0,2.0,17.0,0.0,0.0,2.0,1.0,5.0,0.0,2.0,0.0,2.0,0.0,3.0,2.0,1.0,3.0,0.0,2.0,3.0,1.0,3.0,1.0,1.0,0.0,3.0,2.0,2.0,6.0,1.0,0.0,1.0,0.0,3.0,1.0,1.0,2.0,6.0,3.0,1.0,0.0,1.0,2.0,0.0,3.0,2.0,1.0,0.0,2.0,2.0,0.0,1.0,1.0,1.0,1.0,3.0,9.0,1.0,3.0,1.0,5.0,1.0,0.0,0.0,16.0,2.0,2.0,4.0,0.0,0.0,1.0,2.0,1.0,2.0,2.0,7.0,3.0,0.0,1.0,3.0,1.0,2.0,0.0,3.0,0.0,3.0,3.0,0.0,0.0,0.0,1.0,0.0,1.0,1.0,4.0,6.0,3.0,0.0,2.0,3.0,0.0,1.0,1.0,1.0,0.0,1.0,0.0,0.0,5.0,0.0,1.0,0.0,3.0,0.0,2.0,3.0,3.0,2.0,2.0,2.0,0.0,0.0,1.0,2.0,0.0,1.0,6.0,2.0,1.0,0.0,0.0,2.0,0.0,1.0,2.0,0.0,1.0,0.0,1.0,3.0,0.0,2.0,0.0,1.0,2.0,4.0,0.0,1.0,5.0,1.0,0.0,0.0,4.0,1.0,3.0,0.0,1.0,16.0,1.0,1.0,2.0,4.0,1.0,2.0,0.0,3.0,4.0,2.0,2.0,2.0,0.0,4.0,3.0,1.0,0.0,4.0,0.0,2.0,2.0,1.0,1.0,0.0,1.0,1.0,0.0,2.0,1.0,3.0,13.0,2.0,0.0,0.0,1.0,5.0,0.0,3.0,0.0,0.0,2.0,0.0,1.0,2.0,2.0,2.0,0.0,4.0,2.0,0.0,2.0,1.0,1.0,1.0,4.0,0.0,0.0,3.0,3.0,1.0,1.0,14.0,2.0,0.0,0.0,3.0,4.0,1.0,2.0,1.0,1.0,1.0,0.0,2.0,2.0,0.0,1.0,2.0,5.0,2.0,0.0,1.0,2.0,0.0,0.0,2.0,0.0,1.0,2.0,2.0,0.0,0.0,2.0,0.0,2.0,1.0,2.0,0.0,1.0,3.0,3.0,1.0,0.0,2.0,1.0,1.0,1.0,1.0,2.0,0.0,1.0,0.0,1.0,3.0,3.0,1.0,3.0,3.0,2.0,1.0,0.0,0.0,2.0,17.0,0.0,0.0,1.0,0.0,0.0,1.0,0.0,4.0,3.0,1.0,2.0,0.0,2.0,2.0,1.0,4.0,2.0,0.0,6.0,1.0,0.0,3.0,1.0,3.0,0.0,2.0,1.0,0.0,2.0,1.0,15.0,0.0,1.0,2.0,1.0,2.0,1.0,0.0,2.0,3.0,0.0,2.0,0.0,2.0,5.0,1.0,1.0,1.0,2.0,0.0,4.0,0.0,2.0,1.0,0.0,1.0,4.0,2.0,2.0,1.0,1.0,9.0,1.0,0.0,1.0,1.0,4.0,2.0,0.0,2.0,1.0,0.0,2.0,1.0,4.0,3.0,3.0,0.0,0.0,0.0,0.0,3.0,1.0,0.0,0.0,2.0,1.0,5.0,1.0,2.0,0.0,0.0,16.0,2.0,1.0,1.0,0.0,4.0,1.0,4.0,2.0,2.0,1.0,3.0,7.0,0.0,1.0,1.0,0.0,1.0,0.0,6.0,7.0,1.0,1.0,0.0,3.0,2.0,1.0,0.0,2.0,1.0,2.0,9.0,1.0,1.0,1.0,1.0,0.0,2.0,0.0,0.0,0.0,3.0,4.0,0.0,0.0,0.0,1.0,0.0,2.0,2.0,3.0,0.0,1.0,5.0,1.0,1.0,0.0,0.0,2.0,2.0,1.0,2.0,4.0,0.0,0.0,2.0,0.0,2.0,2.0,1.0,1.0,3.0,2.0,1.0,1.0,2.0,2.0,1.0,0.0,3.0,0.0,0.0,0.0,3.0,1.0,0.0,0.0,1.0,3.0,2.0,0.0,0.0,0.0,1.0,1.0,1.0,2.0,1.0,0.0,1.0,0.0,3.0,0.0,1.0,1.0,0.0,1.0,1.0,2.0,3.0,0.0,1.0,2.0,1.0,4.0,3.0,4.0,2.0,2.0,3.0,2.0,2.0,1.0,1.0,20.0,1.0,1.0,0.0,4.0,2.0,3.0,4.0,3.0,1.0,0.0,2.0,2.0,3.0,2.0,0.0,2.0,3.0,1.0,0.0,1.0,1.0,3.0,2.0,1.0,3.0,2.0,2.0,1.0,1.0,2.0,23.0,1.0,1.0,3.0,3.0,0.0,1.0,1.0,1.0,1.0,1.0,3.0,1.0,1.0,1.0,2.0,2.0,0.0,0.0,1.0,0.0,0.0,1.0,1.0,0.0,2.0,0.0,0.0,3.0,1.0,0.0,6.0,0.0,0.0,1.0,2.0,1.0,1.0,1.0,1.0,0.0,0.0,2.0,5.0,2.0,2.0,1.0,1.0,1.0,4.0,1.0,2.0,0.0,6.0,3.0,2.0,1.0,3.0,1.0,4.0,2.0,0.0,10.0,0.0,0.0,1.0,2.0,2.0,3.0,0.0,0.0,1.0,0.0,4.0,1.0,1.0,1.0,1.0,2.0,1.0,1.0,3.0,3.0,0.0,2.0,2.0,2.0,2.0,3.0,0.0,1.0,0.0,1.0,7.0,0.0,0.0,1.0,1.0,0.0,0.0,1.0,0.0,0.0,0.0,1.0,4.0,1.0,1.0,0.0,1.0,1.0,1.0,0.0,2.0,0.0,1.0,1.0,0.0,0.0,3.0,1.0,0.0,1.0,0.0,2.0,0.0,2.0,4.0,2.0,0.0,2.0,0.0,1.0,1.0,0.0,2.0,1.0,1.0,1.0,0.0,3.0,1.0,0.0,3.0,2.0,3.0,0.0,0.0,0.0,2.0,1.0,1.0,0.0,1.0,0.0,10.0,1
276,2909.631423671614,152795.63757575757,2.00122093202948,213.93616099769068,0.21568162477253386,0.168619856574402,3.1717171717171717,-0.0660421248719906,23.0,1.0,1.0,0.0,1.0,0.0,1.0,3.0,6.0,2.0,1.0,2.0,2.0,6.0,4.0,5.0,0.0,3.0,1.0,2.0,3.0,3.0,1.0,2.0,4.0,1.0,1.0,0.0,2.0,4.0,4.0,23.0,1.0,3.0,3.0,1.0,3.0,7.0,3.0,2.0,3.0,2.0,3.0,1.0,2.0,0.0,3.0,4.0,0.0,0.0,3.0,2.0,1.0,2.0,6.0,3.0,2.0,3.0,2.0,2.0,1.0,2.0,14.0,2.0,0.0,0.0,0.0,0.0,2.0,1.0,0.0,1.0,1.0,0.0,3.0,5.0,2.0,3.0,1.0,1.0,2.0,1.0,0.0,2.0,0.0,2.0,1.0,2.0,0.0,0.0,1.0,3.0,2.0,24.0,0.0,3.0,0.0,2.0,1.0,0.0,2.0,0.0,2.0,2.0,2.0,1.0,0.0,3.0,1.0,1.0,4.0,3.0,0.0,6.0,2.0,1.0,0.0,2.0,1.0,2.0,3.0,1.0,0.0,3.0,1.0,0.0,0.0,1.0,0.0,1.0,0.0,0.0,3.0,1.0,2.0,1.0,0.0,0.0,3.0,2.0,0.0,2.0,2.0,0.0,1.0,1.0,2.0,0.0,0.0,1.0,3.0,0.0,0.0,5.0,0.0,16.0,1.0,0.0,4.0,1.0,1.0,1.0,1.0,2.0,0.0,0.0,0.0,3.0,3.0,0.0,3.0,2.0,0.0,1.0,1.0,3.0,2.0,1.0,0.0,0.0,1.0,2.0,1.0,0.0,2.0,1.0,10.0,2.0,0.0,1.0,1.0,0.0,0.0,1.0,0.0,1.0,2.0,0.0,0.0,0.0,1.0,1.0,3.0,3.0,2.0,2.0,1.0,2.0,0.0,0.0,4.0,4.0,1.0,0.0,1.0,3.0,1.0,23.0,0.0,0.0,3.0,1.0,3.0,3.0,1.0,2.0,1.0,1.0,0.0,2.0,3.0,2.0,1.0,3.0,2.0,1.0,0.0,0.0,3.0,2.0,2.0,4.0,3.0,0.0,0.0,1.0,0.0,1.0,18.0,2.0,3.0,0.0,4.0,3.0,3.0,0.0,1.0,2.0,1.0,0.0,1.0,0.0,0.0,3.0,2.0,0.0,1.0,1.0,1.0,1.0,4.0,4.0,1.0,1.0,1.0,1.0,1.0,1.0,0.0,16.0,2.0,1.0,4.0,0.0,0.0,2.0,2.0,2.0,1.0,1.0,2.0,0.0,1.0,1.0,2.0,0.0,0.0,1.0,0.0,1.0,2.0,4.0,0.0,1.0,0.0,1.0,0.0,2.0,1.0,1.0,12.0,0.0,0.0,0.0,1.0,1.0,1.0,1.0,0.0,1.0,3.0,2.0,1.0,2.0,1.0,0.0,1.0,1.0,1.0,0.0,1.0,3.0,1.0,1.0,0.0,2.0,1.0,0.0,0.0,1.0,0.0,11.0,0.0,1.0,0.0,1.0,0.0,0.0,2.0,1.0,0.0,3.0,0.0,1.0,1.0,1.0,2.0,2.0,0.0,0.0,3.0,5.0,2.0,3.0,1.0,2.0,3.0,3.0,0.0,1.0,1.0,0.0,29.0,2.0,0.0,1.0,4.0,2.0,3.0,3.0,2.0,2.0,1.0,1.0,3.0,1.0,2.0,1.0,1.0,2.0,2.0,3.0,2.0,1.0,0.0,2.0,0.0,0.0,1.0,0.0,1.0,1.0,2.0,8.0,1.0,1.0,1.0,1.0,1.0,4.0,3.0,3.0,2.0,1.0,2.0,0.0,0.0,2.0,5.0,3.0,2.0,4.0,3.0,1.0,3.0,0.0,0.0,2.0,1.0,0.0,0.0,2.0,3.0,3.0,16.0,1.0,4.0,0.0,0.0,2.0,1.0,2.0,1.0,1.0,0.0,2.0,0.0,0.0,0.0,0.0,3.0,2.0,1.0,2.0,2.0,1.0,2.0,3.0,1.0,1.0,0.0,2.0,2.0,0.0,0.0,7.0,2.0,1.0,0.0,1.0,0.0,0.0,2.0,0.0,1.0,1.0,1.0,1.0,0.0,2.0,1.0,3.0,0.0,4.0,1.0,1.0,1.0,1.0,1.0,0.0,0.0,2.0,2.0,1.0,1.0,1.0,12.0,1.0,1.0,1.0,0.0,1.0,1.0,4.0,1.0,3.0,1.0,1.0,2.0,2.0,3.0,1.0,1.0,3.0,1.0,1.0,0.0,3.0,1.0,2.0,0.0,1.0,2.0,2.0,2.0,0.0,2.0,15.0,2.0,0.0,2.0,0.0,2.0,3.0,1.0,2.0,0.0,1.0,2.0,2.0,2.0,1.0,1.0,4.0,1.0,1.0,1.0,1.0,1.0,0.0,1.0,0.0,1.0,1.0,1.0,1.0,0.0,1.0,5.0,0.0,0.0,2.0,1.0,0.0,1.0,0.0,0.0,2.0,1.0,0.0,2.0,1.0,0.0,0.0,1.0,3.0,1.0,1.0,0.0,1.0,0.0,2.0,3.0,3.0,2.0,0.0,1.0,2.0,0.0,7.0,3.0,2.0,0.0,3.0,3.0,2.0,0.0,0.0,1.0,0.0,1.0,3.0,1.0,1.0,2.0,0.0,2.0,0.0,2.0,1.0,3.0,1.0,3.0,1.0,3.0,0.0,3.0,0.0,1.0,2.0,13.0,1.0,0.0,1.0,2.0,6.0,2.0,1.0,1.0,0.0,2.0,3.0,3.0,2.0,2.0,0.0,0.0,3.0,2.0,3.0,0.0,1.0,0.0,2.0,2.0,0.0,2.0,1.0,2.0,4.0,2.0,20.0,0.0,2.0,0.0,3.0,3.0,1.0,2.0,0.0,1.0,0.0,0.0,1.0,3.0,1.0,5.0,1.0,1.0,2.0,1.0,0.0,0.0,1.0,0.0,2.0,1.0,2.0,0.0,1.0,1.0,0.0,10.0,4.0,3.0,0.0,0.0,1.0,1.0,1.0,4.0,3.0,2.0,1.0,0.0,0.0,2.0,2.0,2.0,2.0,1.0,1.0,1.0,3.0,1.0,1.0,2.0,5.0,2.0,1.0,0.0,3.0,3.0,14.0,4.0,0.0,5.0,2.0,0.0,1.0,2.0,2.0,3.0,2.0,1.0,4.0,2.0,3.0,1.0,4.0,2.0,1.0,0.0,1.0,3.0,1.0,2.0,1.0,0.0,1.0,2.0,2.0,3.0,2.0,26.0,1.0,2.0,0.0,2.0,1.0,1.0,4.0,4.0,3.0,0.0,3.0,0.0,3.0,4.0,3.0,0.0,0.0,1.0,0.0,1.0,1.0,0.0,0.0,0.0,1.0,1.0,2.0,2.0,0.0,2.0,12.0,2.0,0.0,1.0,1.0,2.0,1.0,0.0,0.0,1.0,1.0,1.0,3.0,0.0,2.0,2.0,1.0,3.0,0.0,1.0,2.0,1.0,0.0,0.0,0.0,1.0,4.0,2.0,0.0,0.0,2.0,11.0,0.0,2.0,1.0,1.0,3.0,0.0,0.0,0.0,0.0,2.0,0.0,2.0,1.0,0.0,0.0,5.0,0.0,1.0,1.0,1.0,0.0,1.0,2.0,0.0,1.0,1.0,2.0,2.0,0.0,1.0,11.0,1.0,1.0,1.0,1.0,1.0,1.0,1.0,3.0,0.0,0.0,3.0,0.0,0.0,2.0,2.0,2.0,0.0,0.0,0.0,2.0,0.0,2.0,2.0,1.0,2.0,3.0,1.0,0.0,1.0,1.0,11.0,1.0,3.0,3.0,0.0,2.0,2.0,2.0,0.0,0.0,0.0,2.0,1.0,0.0,2.0,3.0,1.0,2.0,0.0,1.0,0.0,1.0,0.0,0.0,1.0,1.0,1.0,2.0,0.0,0.0,1.0,11.0,1
278,1834.4988902150694,55210.3841935484,1.7107354588155623,452.45230184286174,0.3229549423097811,0.1894047619047619,2.6666666666666665,-0.19666695863030045,10.0,5.0,3.0,2.0,0.0,2.0,3.0,2.0,3.0,1.0,6.0,1.0,2.0,2.0,1.0,1.0,4.0,3.0,3.0,1.0,3.0,2.0,2.0,1.0,2.0,2.0,2.0,2.0,1.0,2.0,2.0,7.0,3.0,1.0,1.0,2.0,0.0,1.0,1.0,1.0,1.0,2.0,4.0,0.0,0.0,3.0,4.0,1.0,2.0,3.0,2.0,2.0,2.0,1.0,3.0,3.0,3.0,1.0,1.0,1.0,1.0,0.0,2.0,2.0,1.0,0.0,0.0,2.0,1.0,0.0,0.0,1.0,1.0,0.0,1.0,1.0,1.0,1.0,3.0,1.0,3.0,0.0,2.0,3.0,0.0,0.0,2.0,1.0,0.0,1.0,3.0,6.0,0.0,4.0,1.0,1.0,0.0,1.0,0.0,0.0,1.0,1.0,1.0,0.0,0.0,0.0,1.0,1.0,0.0,1.0,1.0,1.0,2.0,0.0,1.0,0.0,2.0,0.0,0.0,0.0,0.0,0.0,0.0,0.0,3.0,0.0,1.0,0.0,1.0,0.0,2.0,1.0,2.0,3.0,0.0,1.0,0.0,1.0,2.0,0.0,0.0,0.0,0.0,1.0,2.0,1.0,1.0,0.0,2.0,0.0,3.0,2.0,0.0,0.0,0.0,7.0,0.0,0.0,2.0,2.0,1.0,1.0,1.0,4.0,4.0,1.0,0.0,4.0,1.0,2.0,1.0,1.0,0.0,1.0,1.0,0.0,0.0,2.0,0.0,0.0,4.0,1.0,1.0,2.0,0.0,1.0,1.0,1.0,0.0,0.0,0.0,1.0,1.0,1.0,0.0,0.0,1.0,0.0,0.0,0.0,1.0,1.0,0.0,1.0,0.0,1.0,0.0,0.0,1.0,0.0,1.0,1.0,0.0,2.0,1.0,1.0,0.0,3.0,0.0,0.0,0.0,0.0,2.0,1.0,0.0,1.0,0.0,4.0,0.0,1.0,0.0,2.0,1.0,3.0,3.0,0.0,2.0,1.0,0.0,1.0,3.0,6.0,1.0,0.0,0.0,2.0,1.0,1.0,3.0,3.0,0.0,0.0,1.0,1.0,0.0,1.0,0.0,3.0,0.0,2.0,0.0,0.0,2.0,0.0,0.0,0.0,0.0,3.0,1.0,0.0,2.0,1.0,0.0,1.0,1.0,5.0,0.0,0.0,2.0,0.0,1.0,1.0,1.0,0.0,1.0,0.0,1.0,0.0,1.0,0.0,0.0,1.0,2.0,1.0,0.0,0.0,1.0,0.0,0.0,1.0,6.0,2.0,0.0,1.0,0.0,2.0,0.0,1.0,0.0,2.0,2.0,2.0,3.0,1.0,1.0,1.0,0.0,1.0,1.0,3.0,0.0,0.0,3.0,2.0,1.0,0.0,1.0,0.0,0.0,0.0,3.0,0.0,1.0,0.0,2.0,1.0,1.0,1.0,0.0,2.0,1.0,7.0,1.0,0.0,1.0,0.0,1.0,0.0,0.0,0.0,1.0,0.0,0.0,1.0,1.0,2.0,2.0,0.0,0.0,5.0,2.0,5.0,3.0,0.0,1.0,1.0,0.0,2.0,4.0,1.0,0.0,1.0,13.0,1.0,3.0,0.0,2.0,2.0,2.0,2.0,1.0,0.0,0.0,1.0,2.0,1.0,2.0,4.0,2.0,2.0,3.0,1.0,1.0,1.0,1.0,1.0,1.0,1.0,2.0,0.0,0.0,1.0,2.0,1.0,0.0,0.0,0.0,0.0,2.0,1.0,1.0,0.0,0.0,1.0,1.0,1.0,2.0,1.0,4.0,1.0,3.0,1.0,0.0,0.0,0.0,1.0,1.0,1.0,0.0,2.0,2.0,1.0,4.0,0.0,4.0,0.0,1.0,1.0,0.0,3.0,3.0,0.0,0.0,2.0,0.0,1.0,0.0,0.0,1.0,0.0,0.0,1.0,0.0,1.0,0.0,2.0,0.0,2.0,2.0,0.0,2.0,2.0,1.0,1.0,0.0,6.0,0.0,1.0,1.0,1.0,1.0,1.0,1.0,1.0,0.0,0.0,3.0,1.0,3.0,1.0,1.0,5.0,2.0,1.0,0.0,0.0,0.0,0.0,2.0,1.0,1.0,0.0,5.0,0.0,0.0,1.0,1.0,1.0,1.0,0.0,0.0,3.0,3.0,1.0,3.0,0.0,2.0,0.0,0.0,0.0,4.0,1.0,2.0,0.0,0.0,3.0,0.0,3.0,3.0,0.0,1.0,2.0,2.0,1.0,1.0,0.0,0.0,10.0,1.0,0.0,2.0,0.0,2.0,1.0,2.0,1.0,1.0,2.0,2.0,2.0,2.0,3.0,1.0,0.0,1.0,0.0,0.0,0.0,0.0,1.0,1.0,0.0,0.0,3.0,1.0,3.0,1.0,0.0,5.0,1.0,0.0,1.0,0.0,0.0,1.0,0.0,2.0,3.0,3.0,0.0,4.0,1.0,1.0,0.0,0.0,1.0,2.0,1.0,2.0,0.0,2.0,1.0,3.0,0.0,1.0,3.0,1.0,0.0,1.0,2.0,1.0,1.0,2.0,2.0,1.0,1.0,1.0,1.0,0.0,2.0,3.0,1.0,1.0,1.0,0.0,1.0,1.0,1.0,1.0,2.0,0.0,0.0,1.0,0.0,5.0,0.0,0.0,3.0,1.0,0.0,3.0,0.0,1.0,1.0,2.0,0.0,0.0,0.0,0.0,0.0,1.0,0.0,2.0,1.0,0.0,0.0,1.0,0.0,0.0,0.0,1.0,1.0,0.0,1.0,0.0,0.0,3.0,0.0,0.0,3.0,1.0,5.0,0.0,2.0,2.0,0.0,0.0,0.0,1.0,0.0,4.0,1.0,1.0,1.0,2.0,2.0,1.0,0.0,0.0,3.0,2.0,1.0,1.0,2.0,4.0,2.0,0.0,0.0,0.0,4.0,1.0,0.0,5.0,5.0,1.0,0.0,2.0,1.0,1.0,0.0,1.0,1.0,1.0,2.0,3.0,3.0,1.0,2.0,1.0,1.0,1.0,1.0,1.0,0.0,1.0,3.0,2.0,2.0,0.0,0.0,0.0,1.0,3.0,6.0,1.0,1.0,0.0,3.0,2.0,0.0,2.0,1.0,1.0,2.0,1.0,0.0,1.0,1.0,1.0,1.0,2.0,1.0,3.0,0.0,0.0,3.0,2.0,4.0,0.0,0.0,1.0,1.0,1.0,1.0,4.0,0.0,0.0,2.0,0.0,1.0,0.0,3.0,0.0,0.0,1.0,0.0,1.0,0.0,1.0,0.0,1.0,0.0,0.0,0.0,0.0,0.0,1.0,1.0,1.0,2.0,0.0,0.0,2.0,0.0,1.0,1.0,0.0,1.0,1.0,0.0,3.0,0.0,2.0,1.0,1.0,0.0,0.0,3.0,0.0,1.0,0.0,0.0,2.0,1.0,1.0,2.0,3.0,1.0,2.0,2.0,1.0,0.0,6.0,1.0,0.0,0.0,9.0,0.0,1.0,1.0,1.0,1.0,2.0,2.0,1.0,0.0,1.0,0.0,1.0,0.0,1.0,1.0,0.0,1.0,0.0,1.0,2.0,2.0,1.0,1.0,0.0,2.0,3.0,3.0,1.0,1.0,0.0,3.0,0.0,0.0,1.0,0.0,0.0,0.0,1.0,2.0,2.0,1.0,0.0,0.0,3.0,0.0,1.0,3.0,1.0,0.0,1.0,1.0,2.0,1.0,1.0,0.0,1.0,1.0,0.0,1.0,1.0,0.0,2.0,3.0,1.0,1.0,0.0,1.0,1.0,1.0,0.0,0.0,1.0,0.0,1.0,3.0,1.0,3.0,1.0,1.0,0.0,1.0,0.0,1.0,0.0,0.0,1.0,0.0,1.0,0.0,3.0,0.0,1.0,1.0,1
279,2251.4721883723037,154584.30039999995,1.9553686009998246,272.3016345163264,0.23830705405705424,0.1633729834979835,3.98,-0.03961048774483311,16.0,0.0,6.0,6.0,7.0,2.0,4.0,2.0,4.0,3.0,1.0,4.0,1.0,0.0,2.0,2.0,1.0,6.0,2.0,4.0,2.0,2.0,3.0,2.0,2.0,5.0,1.0,2.0,3.0,2.0,1.0,15.0,2.0,3.0,5.0,2.0,1.0,0.0,3.0,0.0,1.0,2.0,2.0,0.0,0.0,0.0,1.0,0.0,2.0,2.0,1.0,5.0,0.0,3.0,3.0,7.0,4.0,1.0,2.0,1.0,3.0,2.0,9.0,3.0,1.0,3.0,0.0,1.0,1.0,0.0,2.0,1.0,4.0,1.0,1.0,3.0,2.0,1.0,1.0,1.0,1.0,7.0,1.0,1.0,2.0,2.0,1.0,1.0,3.0,1.0,4.0,3.0,1.0,16.0,1.0,2.0,2.0,0.0,2.0,3.0,2.0,1.0,2.0,1.0,3.0,1.0,3.0,3.0,2.0,1.0,0.0,0.0,1.0,1.0,1.0,3.0,5.0,2.0,0.0,2.0,3.0,1.0,0.0,3.0,11.0,4.0,0.0,0.0,1.0,0.0,2.0,1.0,4.0,1.0,4.0,1.0,2.0,0.0,0.0,1.0,1.0,1.0,3.0,2.0,2.0,0.0,2.0,0.0,1.0,1.0,6.0,4.0,1.0,2.0,1.0,16.0,3.0,1.0,0.0,0.0,1.0,3.0,0.0,2.0,0.0,0.0,0.0,1.0,0.0,2.0,1.0,2.0,0.0,3.0,2.0,6.0,4.0,2.0,2.0,0.0,4.0,2.0,2.0,1.0,2.0,4.0,14.0,0.0,0.0,3.0,1.0,0.0,1.0,0.0,0.0,0.0,0.0,1.0,0.0,1.0,0.0,0.0,1.0,2.0,2.0,2.0,2.0,0.0,0.0,1.0,3.0,1.0,0.0,0.0,0.0,3.0,1.0,10.0,1.0,0.0,2.0,0.0,3.0,0.0,1.0,0.0,0.0,0.0,1.0,1.0,2.0,0.0,3.0,1.0,1.0,1.0,0.0,1.0,1.0,0.0,5.0,6.0,1.0,1.0,1.0,1.0,0.0,1.0,9.0,0.0,1.0,1.0,2.0,1.0,1.0,0.0,1.0,1.0,1.0,0.0,1.0,2.0,3.0,1.0,3.0,1.0,3.0,2.0,0.0,0.0,2.0,0.0,4.0,3.0,1.0,1.0,1.0,2.0,1.0,7.0,3.0,0.0,3.0,0.0,1.0,0.0,2.0,0.0,1.0,0.0,1.0,0.0,2.0,1.0,4.0,1.0,2.0,2.0,2.0,0.0,2.0,5.0,1.0,2.0,1.0,0.0,1.0,0.0,0.0,3.0,12.0,0.0,0.0,2.0,2.0,2.0,2.0,0.0,1.0,1.0,3.0,1.0,1.0,1.0,2.0,1.0,0.0,0.0,1.0,5.0,3.0,3.0,2.0,0.0,0.0,1.0,0.0,1.0,0.0,0.0,0.0,4.0,1.0,1.0,0.0,2.0,0.0,0.0,1.0,1.0,1.0,0.0,2.0,3.0,2.0,0.0,1.0,0.0,0.0,1.0,4.0,1.0,1.0,4.0,2.0,1.0,1.0,1.0,2.0,7.0,4.0,2.0,9.0,0.0,0.0,2.0,1.0,3.0,0.0,2.0,1.0,2.0,2.0,1.0,1.0,3.0,0.0,2.0,0.0,2.0,3.0,0.0,1.0,0.0,0.0,1.0,0.0,1.0,2.0,0.0,0.0,2.0,0.0,6.0,0.0,0.0,0.0,1.0,2.0,0.0,0.0,0.0,1.0,1.0,1.0,2.0,1.0,0.0,1.0,1.0,1.0,0.0,0.0,1.0,1.0,0.0,4.0,0.0,1.0,0.0,1.0,1.0,1.0,4.0,15.0,0.0,3.0,1.0,0.0,4.0,0.0,2.0,0.0,3.0,2.0,1.0,0.0,1.0,1.0,0.0,5.0,2.0,3.0,1.0,1.0,0.0,1.0,1.0,1.0,1.0,1.0,0.0,1.0,0.0,1.0,11.0,1.0,1.0,3.0,0.0,0.0,1.0,3.0,2.0,0.0,0.0,1.0,0.0,0.0,0.0,0.0,1.0,1.0,2.0,2.0,0.0,0.0,2.0,1.0,1.0,1.0,0.0,1.0,0.0,0.0,3.0,8.0,2.0,1.0,1.0,1.0,0.0,0.0,0.0,2.0,0.0,2.0,3.0,0.0,3.0,2.0,2.0,1.0,1.0,0.0,0.0,0.0,4.0,0.0,1.0,0.0,0.0,2.0,1.0,3.0,0.0,0.0,11.0,1.0,2.0,1.0,0.0,0.0,2.0,1.0,0.0,3.0,1.0,1.0,1.0,1.0,0.0,1.0,3.0,2.0,1.0,1.0,3.0,2.0,1.0,3.0,2.0,0.0,2.0,0.0,1.0,0.0,2.0,7.0,0.0,1.0,0.0,0.0,1.0,1.0,1.0,1.0,3.0,0.0,1.0,4.0,1.0,2.0,0.0,2.0,2.0,1.0,0.0,3.0,0.0,2.0,0.0,1.0,0.0,1.0,1.0,0.0,2.0,0.0,10.0,3.0,1.0,2.0,1.0,1.0,4.0,1.0,1.0,0.0,0.0,3.0,1.0,2.0,1.0,3.0,1.0,1.0,1.0,2.0,1.0,1.0,1.0,2.0,0.0,0.0,1.0,1.0,0.0,1.0,0.0,2.0,1.0,0.0,1.0,1.0,1.0,1.0,1.0,0.0,1.0,1.0,4.0,2.0,1.0,2.0,1.0,0.0,0.0,2.0,1.0,1.0,1.0,4.0,0.0,2.0,1.0,0.0,0.0,2.0,0.0,0.0,13.0,0.0,1.0,3.0,2.0,2.0,1.0,2.0,1.0,5.0,4.0,2.0,3.0,2.0,1.0,0.0,0.0,0.0,4.0,1.0,0.0,1.0,0.0,2.0,2.0,1.0,1.0,0.0,0.0,1.0,2.0,15.0,0.0,2.0,0.0,3.0,0.0,0.0,1.0,2.0,1.0,1.0,4.0,0.0,2.0,2.0,3.0,2.0,2.0,2.0,2.0,1.0,1.0,1.0,3.0,2.0,1.0,0.0,0.0,3.0,0.0,1.0,19.0,0.0,2.0,2.0,2.0,0.0,2.0,4.0,2.0,3.0,4.0,0.0,4.0,3.0,2.0,1.0,3.0,2.0,0.0,3.0,0.0,2.0,1.0,0.0,1.0,3.0,2.0,3.0,2.0,2.0,0.0,17.0,0.0,2.0,0.0,0.0,2.0,4.0,4.0,4.0,1.0,1.0,5.0,1.0,0.0,1.0,2.0,0.0,0.0,6.0,1.0,2.0,1.0,1.0,0.0,3.0,1.0,0.0,3.0,1.0,1.0,2.0,18.0,1.0,1.0,2.0,4.0,0.0,2.0,2.0,1.0,0.0,4.0,2.0,0.0,3.0,3.0,3.0,0.0,2.0,1.0,0.0,2.0,4.0,1.0,3.0,3.0,0.0,3.0,2.0,1.0,2.0,2.0,21.0,0.0,0.0,1.0,0.0,1.0,1.0,1.0,0.0,1.0,2.0,0.0,0.0,0.0,1.0,0.0,1.0,2.0,2.0,0.0,1.0,1.0,3.0,2.0,0.0,0.0,3.0,5.0,1.0,1.0,1.0,7.0,0.0,0.0,4.0,1.0,2.0,0.0,2.0,2.0,0.0,1.0,2.0,0.0,0.0,1.0,1.0,0.0,0.0,2.0,0.0,1.0,0.0,0.0,0.0,0.0,0.0,1.0,1.0,2.0,0.0,0.0,10.0,0.0,2.0,0.0,2.0,0.0,1.0,0.0,0.0,0.0,3.0,1.0,1.0,1.0,2.0,0.0,2.0,0.0,1.0,0.0,0.0,3.0,2.0,0.0,1.0,2.0,4.0,3.0,1.0,1.0,1.0,7.0,1
281,1893.7892904749915,94780.85835,1.979541169956044,230.16034783853874,0.2541081696081697,0.1797373256373257,3.72,-0.053084205683971056,46.0,2.0,2.0,3.0,2.0,3.0,5.0,2.0,3.0,4.0,2.0,4.0,1.0,4.0,3.0,3.0,2.0,4.0,3.0,1.0,2.0,3.0,3.0,4.0,1.0,0.0,1.0,2.0,1.0,0.0,3.0,23.0,9.0,5.0,4.0,1.0,1.0,5.0,2.0,3.0,1.0,0.0,0.0,1.0,1.0,2.0,3.0,3.0,4.0,3.0,2.0,1.0,0.0,4.0,1.0,1.0,5.0,0.0,1.0,1.0,3.0,7.0,19.0,1.0,0.0,0.0,0.0,0.0,1.0,1.0,0.0,1.0,4.0,1.0,1.0,2.0,2.0,1.0,1.0,1.0,3.0,1.0,1.0,0.0,1.0,1.0,0.0,3.0,1.0,3.0,4.0,2.0,0.0,22.0,4.0,1.0,0.0,1.0,0.0,1.0,3.0,0.0,3.0,0.0,2.0,1.0,1.0,1.0,1.0,3.0,2.0,2.0,1.0,1.0,2.0,4.0,0.0,2.0,0.0,3.0,2.0,2.0,1.0,3.0,27.0,2.0,0.0,0.0,0.0,1.0,1.0,5.0,0.0,3.0,2.0,3.0,2.0,1.0,3.0,1.0,1.0,1.0,1.0,5.0,2.0,0.0,2.0,0.0,0.0,1.0,1.0,3.0,1.0,1.0,1.0,18.0,1.0,0.0,1.0,1.0,0.0,0.0,3.0,1.0,1.0,0.0,1.0,2.0,0.0,0.0,0.0,1.0,1.0,2.0,2.0,0.0,2.0,3.0,1.0,2.0,2.0,4.0,0.0,1.0,0.0,1.0,11.0,1.0,0.0,2.0,1.0,0.0,1.0,1.0,1.0,0.0,0.0,1.0,1.0,0.0,2.0,1.0,0.0,3.0,2.0,0.0,1.0,2.0,1.0,0.0,2.0,5.0,1.0,2.0,1.0,1.0,0.0,16.0,1.0,0.0,2.0,0.0,3.0,1.0,1.0,1.0,1.0,0.0,1.0,3.0,2.0,0.0,0.0,3.0,1.0,2.0,1.0,3.0,0.0,2.0,1.0,2.0,3.0,0.0,0.0,0.0,3.0,3.0,21.0,1.0,1.0,0.0,3.0,0.0,3.0,0.0,2.0,2.0,1.0,0.0,1.0,1.0,1.0,0.0,0.0,0.0,0.0,2.0,1.0,1.0,4.0,2.0,0.0,1.0,1.0,0.0,2.0,1.0,0.0,13.0,1.0,2.0,5.0,0.0,0.0,1.0,1.0,0.0,0.0,0.0,1.0,1.0,1.0,1.0,0.0,1.0,1.0,1.0,2.0,1.0,4.0,3.0,1.0,1.0,0.0,1.0,0.0,0.0,1.0,0.0,14.0,1.0,2.0,1.0,0.0,0.0,1.0,1.0,1.0,1.0,1.0,0.0,0.0,6.0,2.0,1.0,0.0,1.0,2.0,3.0,3.0,4.0,0.0,1.0,2.0,0.0,0.0,0.0,1.0,2.0,1.0,10.0,3.0,0.0,0.0,2.0,0.0,1.0,4.0,2.0,1.0,1.0,0.0,3.0,3.0,1.0,1.0,1.0,2.0,0.0,3.0,4.0,1.0,1.0,2.0,5.0,0.0,2.0,3.0,3.0,0.0,2.0,45.0,6.0,1.0,4.0,1.0,8.0,1.0,3.0,1.0,3.0,2.0,2.0,5.0,5.0,2.0,2.0,1.0,0.0,3.0,2.0,1.0,1.0,2.0,1.0,1.0,3.0,1.0,0.0,1.0,0.0,3.0,26.0,1.0,0.0,1.0,2.0,0.0,0.0,2.0,0.0,0.0,0.0,0.0,2.0,3.0,2.0,2.0,0.0,2.0,0.0,1.0,1.0,2.0,1.0,3.0,1.0,0.0,0.0,2.0,1.0,3.0,0.0,12.0,0.0,0.0,1.0,1.0,1.0,1.0,1.0,0.0,3.0,1.0,1.0,1.0,1.0,2.0,0.0,1.0,1.0,0.0,4.0,1.0,0.0,0.0,2.0,1.0,1.0,1.0,3.0,2.0,2.0,1.0,9.0,1.0,0.0,2.0,5.0,1.0,0.0,0.0,2.0,2.0,1.0,1.0,1.0,1.0,1.0,1.0,3.0,3.0,0.0,2.0,1.0,1.0,1.0,3.0,0.0,3.0,2.0,5.0,0.0,0.0,1.0,13.0,1.0,1.0,0.0,3.0,0.0,0.0,0.0,0.0,0.0,1.0,2.0,0.0,1.0,7.0,3.0,2.0,1.0,1.0,1.0,1.0,2.0,1.0,1.0,3.0,2.0,2.0,2.0,1.0,3.0,0.0,22.0,0.0,2.0,1.0,2.0,2.0,1.0,0.0,3.0,1.0,1.0,2.0,0.0,2.0,0.0,0.0,1.0,3.0,0.0,1.0,2.0,1.0,0.0,3.0,1.0,0.0,1.0,0.0,3.0,0.0,3.0,16.0,2.0,1.0,0.0,2.0,1.0,0.0,2.0,4.0,3.0,1.0,1.0,4.0,2.0,1.0,1.0,1.0,0.0,0.0,0.0,0.0,2.0,1.0,2.0,4.0,0.0,0.0,0.0,2.0,0.0,1.0,12.0,1.0,1.0,0.0,2.0,2.0,5.0,1.0,0.0,5.0,1.0,4.0,3.0,4.0,2.0,1.0,2.0,1.0,0.0,1.0,0.0,1.0,1.0,2.0,2.0,2.0,2.0,0.0,2.0,1.0,0.0,16.0,0.0,0.0,0.0,1.0,0.0,1.0,0.0,0.0,2.0,2.0,2.0,1.0,1.0,1.0,0.0,2.0,1.0,2.0,1.0,1.0,0.0,2.0,0.0,0.0,0.0,0.0,1.0,0.0,3.0,0.0,10.0,1.0,2.0,2.0,2.0,0.0,3.0,0.0,0.0,0.0,2.0,0.0,1.0,1.0,2.0,0.0,0.0,2.0,0.0,0.0,2.0,2.0,0.0,0.0,0.0,1.0,0.0,2.0,1.0,1.0,0.0,10.0,4.0,0.0,1.0,0.0,0.0,0.0,2.0,4.0,0.0,2.0,1.0,5.0,0.0,3.0,1.0,0.0,2.0,3.0,3.0,4.0,1.0,1.0,3.0,5.0,2.0,2.0,1.0,0.0,2.0,2.0,24.0,1.0,0.0,2.0,4.0,1.0,0.0,0.0,2.0,1.0,2.0,2.0,2.0,2.0,2.0,0.0,1.0,1.0,1.0,1.0,0.0,3.0,0.0,2.0,2.0,3.0,2.0,0.0,2.0,2.0,2.0,19.0,0.0,3.0,0.0,1.0,1.0,1.0,3.0,0.0,2.0,2.0,2.0,0.0,4.0,1.0,0.0,1.0,1.0,3.0,2.0,1.0,4.0,0.0,2.0,1.0,0.0,3.0,2.0,0.0,0.0,4.0,15.0,1.0,0.0,0.0,0.0,2.0,0.0,1.0,1.0,1.0,0.0,1.0,1.0,4.0,0.0,1.0,0.0,9.0,4.0,2.0,0.0,2.0,3.0,1.0,0.0,1.0,1.0,1.0,1.0,1.0,0.0,13.0,0.0,0.0,1.0,1.0,1.0,3.0,0.0,2.0,2.0,0.0,5.0,1.0,3.0,0.0,2.0,0.0,0.0,1.0,0.0,2.0,2.0,2.0,1.0,1.0,3.0,0.0,1.0,2.0,2.0,2.0,16.0,1.0,0.0,4.0,1.0,1.0,5.0,1.0,1.0,1.0,0.0,1.0,1.0,0.0,2.0,1.0,0.0,0.0,2.0,0.0,2.0,0.0,1.0,0.0,0.0,1.0,1.0,0.0,2.0,1.0,0.0,6.0,1.0,1.0,2.0,1.0,1.0,0.0,2.0,0.0,0.0,0.0,0.0,0.0,1.0,2.0,1.0,2.0,1.0,1.0,0.0,0.0,2.0,0.0,0.0,2.0,1.0,2.0,3.0,1.0,1.0,1.0,16.0,1
282,2135.214207049971,103206.19664999995,1.8475714914755565,347.6083991185972,0.2516969696969698,0.15341825396825398,3.48,-0.08118627693112904,6.0,3.0,2.0,2.0,0.0,0.0,0.0,1.0,3.0,1.0,1.0,0.0,1.0,3.0,4.0,3.0,1.0,2.0,1.0,1.0,1.0,2.0,3.0,1.0,1.0,2.0,0.0,3.0,0.0,2.0,2.0,16.0,1.0,2.0,4.0,2.0,2.0,3.0,2.0,2.0,0.0,1.0,1.0,4.0,2.0,0.0,1.0,1.0,1.0,0.0,4.0,0.0,2.0,3.0,0.0,1.0,1.0,3.0,2.0,2.0,0.0,1.0,4.0,0.0,0.0,0.0,1.0,1.0,1.0,0.0,1.0,3.0,1.0,1.0,1.0,0.0,1.0,0.0,0.0,1.0,2.0,1.0,2.0,1.0,0.0,0.0,1.0,3.0,2.0,2.0,3.0,1.0,1.0,24.0,0.0,2.0,2.0,2.0,2.0,2.0,1.0,1.0,3.0,1.0,2.0,0.0,1.0,1.0,1.0,1.0,0.0,3.0,2.0,1.0,2.0,2.0,1.0,1.0,1.0,2.0,1.0,1.0,1.0,2.0,10.0,3.0,2.0,1.0,0.0,0.0,2.0,2.0,2.0,0.0,1.0,0.0,3.0,2.0,3.0,3.0,0.0,1.0,2.0,0.0,1.0,2.0,1.0,0.0,2.0,0.0,1.0,2.0,0.0,1.0,2.0,6.0,0.0,3.0,2.0,3.0,0.0,2.0,0.0,1.0,1.0,3.0,1.0,3.0,0.0,1.0,1.0,0.0,0.0,3.0,1.0,1.0,0.0,2.0,0.0,1.0,0.0,3.0,1.0,0.0,1.0,1.0,6.0,1.0,0.0,0.0,2.0,2.0,1.0,0.0,2.0,1.0,1.0,1.0,1.0,0.0,2.0,2.0,1.0,0.0,2.0,3.0,1.0,0.0,2.0,0.0,1.0,4.0,1.0,3.0,2.0,2.0,1.0,11.0,2.0,0.0,0.0,3.0,0.0,0.0,1.0,0.0,1.0,1.0,0.0,2.0,3.0,0.0,2.0,1.0,2.0,1.0,1.0,2.0,1.0,0.0,2.0,0.0,2.0,2.0,1.0,2.0,1.0,2.0,9.0,1.0,0.0,2.0,1.0,5.0,2.0,1.0,2.0,0.0,0.0,1.0,1.0,2.0,2.0,1.0,2.0,0.0,0.0,0.0,1.0,0.0,0.0,3.0,0.0,3.0,0.0,2.0,1.0,1.0,0.0,7.0,1.0,2.0,2.0,1.0,1.0,2.0,1.0,0.0,0.0,2.0,1.0,2.0,0.0,1.0,1.0,0.0,1.0,0.0,1.0,0.0,1.0,2.0,1.0,2.0,2.0,0.0,0.0,3.0,1.0,0.0,9.0,1.0,1.0,0.0,0.0,0.0,1.0,0.0,1.0,0.0,1.0,2.0,1.0,3.0,1.0,0.0,1.0,0.0,1.0,0.0,0.0,3.0,1.0,4.0,2.0,2.0,3.0,1.0,0.0,2.0,1.0,12.0,2.0,2.0,1.0,0.0,1.0,1.0,1.0,1.0,0.0,2.0,0.0,1.0,1.0,0.0,1.0,3.0,0.0,2.0,2.0,0.0,1.0,0.0,2.0,3.0,1.0,3.0,0.0,1.0,1.0,2.0,11.0,2.0,1.0,1.0,1.0,1.0,1.0,0.0,2.0,1.0,1.0,0.0,0.0,3.0,0.0,0.0,2.0,4.0,1.0,1.0,2.0,2.0,0.0,1.0,0.0,1.0,3.0,1.0,1.0,0.0,2.0,8.0,0.0,5.0,0.0,2.0,1.0,0.0,3.0,1.0,1.0,2.0,1.0,4.0,1.0,1.0,1.0,2.0,0.0,1.0,2.0,0.0,2.0,1.0,2.0,0.0,1.0,0.0,1.0,1.0,0.0,2.0,11.0,0.0,1.0,1.0,1.0,0.0,0.0,1.0,2.0,4.0,0.0,2.0,2.0,1.0,1.0,1.0,4.0,1.0,1.0,3.0,1.0,2.0,0.0,0.0,0.0,1.0,0.0,1.0,0.0,1.0,1.0,10.0,0.0,4.0,0.0,1.0,1.0,2.0,1.0,2.0,1.0,0.0,0.0,1.0,0.0,1.0,0.0,3.0,0.0,0.0,2.0,1.0,2.0,1.0,0.0,1.0,1.0,1.0,3.0,0.0,1.0,1.0,8.0,1.0,2.0,3.0,1.0,1.0,1.0,2.0,1.0,0.0,0.0,1.0,0.0,1.0,2.0,2.0,0.0,0.0,1.0,2.0,0.0,0.0,1.0,0.0,2.0,2.0,3.0,1.0,1.0,2.0,0.0,5.0,0.0,1.0,0.0,0.0,2.0,1.0,3.0,1.0,2.0,2.0,0.0,0.0,1.0,0.0,0.0,1.0,1.0,0.0,0.0,0.0,1.0,2.0,0.0,1.0,1.0,0.0,0.0,0.0,1.0,3.0,10.0,1.0,1.0,1.0,1.0,0.0,1.0,1.0,0.0,3.0,2.0,1.0,1.0,2.0,0.0,1.0,2.0,1.0,1.0,0.0,2.0,0.0,0.0,3.0,0.0,0.0,0.0,1.0,1.0,1.0,0.0,17.0,3.0,3.0,1.0,0.0,4.0,3.0,1.0,1.0,1.0,0.0,1.0,2.0,1.0,1.0,2.0,1.0,1.0,2.0,1.0,1.0,2.0,1.0,2.0,1.0,2.0,0.0,1.0,1.0,1.0,2.0,17.0,2.0,2.0,4.0,1.0,2.0,0.0,2.0,0.0,3.0,5.0,0.0,1.0,3.0,2.0,0.0,2.0,0.0,0.0,1.0,1.0,1.0,3.0,2.0,1.0,1.0,1.0,2.0,0.0,0.0,0.0,12.0,2.0,2.0,2.0,0.0,2.0,0.0,5.0,0.0,4.0,2.0,2.0,2.0,1.0,0.0,1.0,4.0,3.0,0.0,1.0,1.0,1.0,2.0,1.0,1.0,3.0,0.0,1.0,2.0,3.0,1.0,8.0,0.0,2.0,0.0,0.0,0.0,1.0,1.0,0.0,1.0,1.0,1.0,1.0,3.0,0.0,2.0,2.0,2.0,1.0,1.0,1.0,3.0,0.0,3.0,1.0,0.0,1.0,0.0,3.0,2.0,3.0,6.0,0.0,2.0,1.0,2.0,1.0,0.0,4.0,2.0,0.0,0.0,1.0,1.0,1.0,1.0,1.0,2.0,0.0,0.0,1.0,3.0,0.0,0.0,0.0,1.0,2.0,3.0,2.0,1.0,3.0,1.0,15.0,1.0,0.0,3.0,0.0,1.0,1.0,2.0,2.0,1.0,1.0,1.0,2.0,0.0,1.0,3.0,0.0,1.0,1.0,1.0,1.0,0.0,2.0,1.0,1.0,2.0,2.0,2.0,0.0,1.0,2.0,8.0,1.0,0.0,2.0,0.0,1.0,2.0,3.0,0.0,1.0,0.0,0.0,0.0,2.0,1.0,2.0,1.0,1.0,1.0,1.0,1.0,1.0,0.0,0.0,1.0,0.0,0.0,1.0,1.0,0.0,0.0,6.0,0.0,0.0,2.0,2.0,2.0,0.0,2.0,1.0,0.0,2.0,2.0,2.0,0.0,2.0,1.0,1.0,0.0,1.0,1.0,1.0,1.0,2.0,1.0,2.0,1.0,0.0,1.0,2.0,1.0,2.0,10.0,1.0,2.0,2.0,1.0,0.0,2.0,2.0,2.0,1.0,1.0,1.0,2.0,0.0,0.0,0.0,0.0,0.0,3.0,1.0,0.0,0.0,1.0,2.0,2.0,1.0,1.0,1.0,0.0,1.0,2.0,5.0,2.0,2.0,2.0,0.0,2.0,1.0,1.0,2.0,1.0,2.0,0.0,2.0,1.0,1.0,3.0,1.0,0.0,0.0,0.0,2.0,2.0,1.0,1.0,1.0,0.0,0.0,2.0,1.0,0.0,1.0,9.0,1
283,2226.084381472358,121267.01421875008,2.021753958989219,315.5505834645588,0.19668043183668182,0.12664432114952948,3.4895833333333335,0.020858495370047577,19.0,4.0,5.0,1.0,4.0,0.0,3.0,6.0,2.0,3.0,4.0,1.0,2.0,1.0,1.0,2.0,3.0,2.0,1.0,5.0,1.0,0.0,3.0,0.0,2.0,3.0,3.0,2.0,2.0,2.0,2.0,14.0,1.0,2.0,1.0,2.0,3.0,2.0,2.0,0.0,3.0,2.0,0.0,4.0,5.0,3.0,1.0,0.0,2.0,0.0,3.0,2.0,1.0,2.0,1.0,2.0,0.0,1.0,1.0,4.0,1.0,3.0,16.0,0.0,0.0,1.0,0.0,3.0,3.0,1.0,1.0,0.0,2.0,1.0,2.0,3.0,2.0,0.0,2.0,4.0,4.0,0.0,2.0,0.0,1.0,2.0,1.0,5.0,0.0,3.0,3.0,3.0,1.0,10.0,2.0,2.0,1.0,0.0,4.0,1.0,0.0,0.0,1.0,2.0,5.0,1.0,1.0,2.0,2.0,1.0,2.0,1.0,3.0,1.0,0.0,2.0,0.0,3.0,1.0,1.0,2.0,2.0,1.0,0.0,5.0,0.0,2.0,3.0,0.0,1.0,0.0,1.0,0.0,2.0,0.0,0.0,1.0,0.0,0.0,0.0,2.0,4.0,1.0,4.0,2.0,0.0,2.0,0.0,0.0,0.0,4.0,2.0,2.0,0.0,0.0,4.0,0.0,1.0,1.0,1.0,2.0,1.0,1.0,0.0,2.0,0.0,0.0,3.0,0.0,0.0,3.0,1.0,0.0,1.0,0.0,2.0,1.0,3.0,0.0,1.0,3.0,3.0,1.0,2.0,1.0,0.0,16.0,0.0,0.0,1.0,1.0,0.0,1.0,0.0,1.0,0.0,0.0,1.0,0.0,1.0,1.0,0.0,0.0,4.0,2.0,0.0,0.0,1.0,4.0,0.0,2.0,0.0,2.0,2.0,2.0,1.0,0.0,12.0,2.0,1.0,0.0,1.0,3.0,2.0,0.0,0.0,0.0,1.0,0.0,1.0,1.0,2.0,0.0,1.0,4.0,1.0,0.0,2.0,1.0,6.0,6.0,2.0,1.0,1.0,1.0,1.0,1.0,0.0,9.0,1.0,1.0,0.0,6.0,1.0,1.0,0.0,1.0,1.0,2.0,1.0,1.0,2.0,5.0,3.0,0.0,0.0,5.0,2.0,3.0,0.0,3.0,1.0,0.0,1.0,2.0,0.0,1.0,0.0,2.0,11.0,1.0,1.0,0.0,1.0,0.0,0.0,1.0,2.0,2.0,0.0,1.0,0.0,1.0,2.0,2.0,1.0,1.0,0.0,0.0,2.0,2.0,1.0,0.0,3.0,0.0,2.0,1.0,0.0,2.0,0.0,12.0,3.0,2.0,1.0,2.0,0.0,2.0,1.0,1.0,1.0,0.0,2.0,2.0,4.0,0.0,1.0,2.0,0.0,2.0,1.0,1.0,5.0,2.0,1.0,1.0,1.0,0.0,0.0,0.0,2.0,1.0,11.0,0.0,1.0,2.0,1.0,0.0,0.0,1.0,0.0,0.0,1.0,0.0,2.0,2.0,0.0,4.0,0.0,1.0,0.0,0.0,1.0,2.0,3.0,3.0,3.0,1.0,3.0,5.0,3.0,1.0,2.0,9.0,1.0,1.0,0.0,2.0,1.0,2.0,3.0,0.0,2.0,3.0,3.0,1.0,1.0,1.0,1.0,0.0,2.0,4.0,4.0,1.0,1.0,0.0,1.0,2.0,1.0,1.0,1.0,1.0,2.0,2.0,4.0,1.0,0.0,0.0,1.0,1.0,0.0,1.0,2.0,1.0,0.0,1.0,3.0,1.0,0.0,0.0,2.0,2.0,1.0,2.0,3.0,2.0,0.0,2.0,4.0,0.0,1.0,0.0,4.0,4.0,1.0,6.0,0.0,0.0,0.0,1.0,2.0,2.0,0.0,2.0,1.0,1.0,0.0,1.0,0.0,2.0,1.0,3.0,0.0,2.0,0.0,2.0,1.0,0.0,1.0,2.0,0.0,2.0,0.0,1.0,1.0,0.0,3.0,0.0,1.0,1.0,1.0,0.0,1.0,0.0,0.0,0.0,4.0,0.0,0.0,1.0,1.0,1.0,2.0,1.0,1.0,0.0,1.0,0.0,0.0,1.0,0.0,2.0,1.0,0.0,1.0,1.0,0.0,5.0,0.0,0.0,0.0,0.0,0.0,1.0,3.0,4.0,1.0,0.0,1.0,0.0,1.0,3.0,2.0,0.0,2.0,0.0,1.0,0.0,1.0,1.0,0.0,2.0,1.0,1.0,1.0,0.0,1.0,1.0,8.0,0.0,0.0,1.0,3.0,0.0,3.0,0.0,1.0,1.0,0.0,3.0,3.0,4.0,2.0,1.0,3.0,1.0,0.0,1.0,4.0,2.0,1.0,0.0,1.0,1.0,0.0,0.0,2.0,1.0,1.0,3.0,1.0,0.0,0.0,0.0,2.0,1.0,1.0,1.0,1.0,0.0,0.0,2.0,2.0,3.0,4.0,1.0,0.0,0.0,0.0,3.0,0.0,2.0,2.0,2.0,1.0,1.0,0.0,0.0,1.0,2.0,10.0,0.0,1.0,1.0,0.0,3.0,0.0,0.0,2.0,1.0,1.0,1.0,0.0,5.0,0.0,0.0,2.0,1.0,0.0,0.0,0.0,2.0,2.0,2.0,2.0,1.0,1.0,2.0,3.0,3.0,2.0,4.0,0.0,2.0,1.0,0.0,1.0,1.0,0.0,0.0,0.0,3.0,4.0,2.0,0.0,2.0,4.0,1.0,0.0,0.0,1.0,1.0,1.0,2.0,0.0,1.0,0.0,0.0,0.0,1.0,2.0,1.0,6.0,0.0,2.0,1.0,1.0,0.0,0.0,1.0,1.0,1.0,2.0,2.0,3.0,0.0,4.0,0.0,0.0,1.0,2.0,0.0,0.0,4.0,0.0,2.0,0.0,0.0,0.0,2.0,1.0,1.0,0.0,9.0,4.0,2.0,0.0,3.0,1.0,1.0,0.0,5.0,2.0,0.0,3.0,2.0,1.0,1.0,2.0,2.0,1.0,1.0,0.0,2.0,2.0,2.0,1.0,2.0,1.0,2.0,3.0,2.0,1.0,4.0,9.0,0.0,2.0,0.0,5.0,2.0,0.0,2.0,0.0,1.0,1.0,0.0,2.0,1.0,1.0,2.0,0.0,3.0,0.0,1.0,0.0,3.0,4.0,0.0,2.0,0.0,0.0,1.0,2.0,0.0,1.0,8.0,1.0,0.0,1.0,1.0,1.0,3.0,0.0,1.0,2.0,0.0,0.0,1.0,1.0,1.0,0.0,1.0,0.0,5.0,0.0,1.0,1.0,0.0,3.0,0.0,2.0,2.0,1.0,1.0,0.0,0.0,6.0,0.0,0.0,3.0,2.0,1.0,2.0,3.0,0.0,2.0,0.0,1.0,1.0,3.0,2.0,2.0,0.0,1.0,2.0,0.0,1.0,0.0,3.0,0.0,0.0,3.0,0.0,0.0,3.0,0.0,1.0,9.0,0.0,0.0,0.0,0.0,0.0,2.0,2.0,1.0,0.0,1.0,2.0,1.0,0.0,4.0,2.0,3.0,2.0,1.0,1.0,2.0,0.0,0.0,3.0,0.0,0.0,2.0,1.0,0.0,0.0,1.0,2.0,1.0,1.0,2.0,1.0,0.0,2.0,0.0,1.0,1.0,2.0,2.0,1.0,0.0,1.0,2.0,4.0,2.0,0.0,0.0,1.0,2.0,1.0,0.0,2.0,1.0,0.0,0.0,0.0,2.0,2.0,13.0,0.0,2.0,1.0,3.0,2.0,0.0,1.0,2.0,0.0,4.0,3.0,1.0,0.0,0.0,1.0,1.0,3.0,1.0,1.0,2.0,0.0,1.0,2.0,0.0,3.0,1.0,0.0,0.0,0.0,1.0,7.0,1
284,1589.447081364741,84507.01495,1.6821478686591826,341.7412187630336,0.34127369852369865,0.1503156565656566,3.12,-0.07916011784277904,29.0,1.0,5.0,0.0,4.0,7.0,1.0,1.0,5.0,0.0,2.0,1.0,1.0,3.0,1.0,4.0,3.0,0.0,0.0,4.0,1.0,5.0,2.0,0.0,1.0,1.0,1.0,2.0,2.0,4.0,1.0,23.0,3.0,0.0,0.0,2.0,4.0,2.0,1.0,0.0,3.0,1.0,0.0,1.0,1.0,1.0,2.0,1.0,1.0,1.0,2.0,3.0,1.0,1.0,1.0,1.0,1.0,1.0,2.0,1.0,3.0,1.0,16.0,0.0,0.0,0.0,0.0,0.0,0.0,2.0,0.0,0.0,2.0,4.0,1.0,2.0,3.0,2.0,1.0,1.0,1.0,1.0,1.0,1.0,1.0,1.0,2.0,0.0,1.0,2.0,1.0,0.0,0.0,8.0,1.0,1.0,1.0,0.0,0.0,1.0,0.0,2.0,0.0,0.0,3.0,0.0,0.0,0.0,0.0,1.0,1.0,1.0,1.0,3.0,0.0,1.0,6.0,0.0,1.0,0.0,4.0,0.0,2.0,0.0,13.0,1.0,1.0,0.0,1.0,1.0,1.0,2.0,3.0,4.0,0.0,1.0,2.0,2.0,0.0,0.0,2.0,0.0,1.0,2.0,1.0,2.0,1.0,0.0,0.0,1.0,4.0,2.0,0.0,1.0,1.0,17.0,1.0,0.0,2.0,2.0,1.0,1.0,2.0,0.0,0.0,0.0,1.0,2.0,1.0,0.0,1.0,0.0,2.0,3.0,0.0,0.0,2.0,1.0,0.0,2.0,3.0,1.0,1.0,0.0,1.0,0.0,3.0,0.0,0.0,1.0,0.0,0.0,1.0,2.0,0.0,0.0,0.0,0.0,1.0,1.0,2.0,1.0,1.0,0.0,0.0,1.0,1.0,2.0,1.0,0.0,4.0,1.0,0.0,0.0,2.0,2.0,0.0,13.0,0.0,1.0,1.0,0.0,2.0,0.0,0.0,0.0,1.0,1.0,0.0,0.0,1.0,4.0,0.0,0.0,2.0,0.0,1.0,2.0,1.0,2.0,1.0,2.0,0.0,2.0,0.0,2.0,1.0,0.0,10.0,1.0,0.0,2.0,2.0,1.0,0.0,0.0,2.0,2.0,1.0,0.0,3.0,0.0,0.0,3.0,3.0,1.0,0.0,1.0,1.0,1.0,2.0,1.0,1.0,4.0,0.0,2.0,1.0,1.0,0.0,30.0,0.0,2.0,1.0,0.0,0.0,0.0,1.0,0.0,1.0,1.0,1.0,1.0,0.0,0.0,0.0,3.0,4.0,0.0,0.0,1.0,2.0,3.0,0.0,0.0,1.0,0.0,0.0,0.0,1.0,0.0,31.0,2.0,2.0,0.0,0.0,0.0,0.0,1.0,1.0,2.0,0.0,2.0,1.0,1.0,3.0,3.0,2.0,1.0,0.0,1.0,4.0,3.0,2.0,1.0,5.0,1.0,0.0,3.0,1.0,2.0,1.0,12.0,1.0,0.0,0.0,0.0,0.0,0.0,1.0,0.0,1.0,0.0,1.0,1.0,1.0,0.0,1.0,1.0,0.0,2.0,0.0,4.0,0.0,1.0,2.0,1.0,1.0,1.0,0.0,0.0,1.0,2.0,23.0,2.0,1.0,2.0,3.0,3.0,2.0,1.0,1.0,2.0,1.0,1.0,1.0,3.0,0.0,2.0,4.0,2.0,0.0,1.0,3.0,0.0,3.0,0.0,2.0,2.0,1.0,1.0,0.0,2.0,2.0,23.0,1.0,1.0,0.0,3.0,2.0,0.0,0.0,0.0,1.0,0.0,2.0,0.0,1.0,0.0,1.0,0.0,0.0,1.0,0.0,2.0,0.0,1.0,0.0,1.0,0.0,0.0,0.0,2.0,3.0,0.0,5.0,1.0,1.0,1.0,0.0,0.0,1.0,0.0,0.0,1.0,3.0,0.0,2.0,1.0,1.0,0.0,2.0,1.0,1.0,0.0,1.0,1.0,1.0,2.0,2.0,0.0,1.0,0.0,1.0,0.0,2.0,8.0,1.0,3.0,0.0,1.0,2.0,0.0,1.0,0.0,1.0,0.0,1.0,0.0,0.0,0.0,2.0,1.0,2.0,0.0,2.0,0.0,2.0,1.0,1.0,0.0,0.0,1.0,5.0,0.0,0.0,1.0,9.0,0.0,0.0,1.0,1.0,0.0,0.0,2.0,2.0,1.0,1.0,1.0,0.0,0.0,1.0,0.0,0.0,0.0,2.0,0.0,0.0,0.0,3.0,2.0,1.0,1.0,3.0,2.0,0.0,1.0,1.0,2.0,0.0,1.0,1.0,1.0,2.0,2.0,0.0,2.0,2.0,0.0,1.0,1.0,0.0,0.0,1.0,1.0,0.0,0.0,0.0,2.0,0.0,2.0,0.0,0.0,2.0,0.0,0.0,1.0,0.0,0.0,8.0,1.0,0.0,0.0,1.0,2.0,1.0,1.0,1.0,1.0,1.0,0.0,4.0,1.0,3.0,1.0,0.0,0.0,0.0,0.0,1.0,2.0,1.0,0.0,1.0,1.0,1.0,1.0,0.0,0.0,0.0,10.0,0.0,1.0,0.0,1.0,1.0,2.0,2.0,0.0,0.0,1.0,0.0,0.0,0.0,0.0,0.0,0.0,0.0,1.0,3.0,3.0,3.0,0.0,0.0,0.0,0.0,0.0,0.0,0.0,1.0,1.0,26.0,1.0,1.0,3.0,2.0,1.0,4.0,1.0,3.0,0.0,5.0,1.0,0.0,1.0,1.0,3.0,1.0,0.0,3.0,3.0,0.0,3.0,3.0,1.0,2.0,0.0,0.0,0.0,0.0,2.0,0.0,27.0,1.0,1.0,1.0,0.0,0.0,1.0,0.0,0.0,2.0,0.0,1.0,1.0,1.0,1.0,0.0,4.0,0.0,1.0,0.0,0.0,2.0,1.0,2.0,0.0,0.0,2.0,0.0,0.0,1.0,0.0,3.0,2.0,0.0,3.0,1.0,0.0,0.0,1.0,2.0,1.0,3.0,1.0,1.0,2.0,0.0,0.0,2.0,1.0,2.0,2.0,1.0,3.0,1.0,3.0,1.0,0.0,1.0,2.0,0.0,2.0,1.0,11.0,0.0,0.0,1.0,3.0,1.0,1.0,4.0,2.0,1.0,1.0,3.0,0.0,1.0,1.0,0.0,1.0,3.0,3.0,0.0,1.0,2.0,0.0,1.0,2.0,1.0,0.0,0.0,3.0,2.0,0.0,34.0,1.0,1.0,1.0,0.0,2.0,1.0,3.0,0.0,1.0,1.0,1.0,2.0,0.0,0.0,1.0,3.0,1.0,1.0,2.0,0.0,2.0,1.0,1.0,1.0,0.0,1.0,1.0,2.0,2.0,2.0,68.0,0.0,2.0,2.0,1.0,4.0,1.0,3.0,2.0,1.0,1.0,1.0,1.0,3.0,0.0,1.0,0.0,0.0,0.0,1.0,1.0,1.0,2.0,0.0,1.0,3.0,3.0,0.0,0.0,2.0,5.0,12.0,2.0,0.0,2.0,1.0,2.0,1.0,1.0,1.0,0.0,0.0,1.0,0.0,0.0,3.0,2.0,2.0,1.0,2.0,1.0,0.0,1.0,2.0,1.0,0.0,0.0,1.0,2.0,2.0,0.0,0.0,15.0,0.0,0.0,3.0,3.0,0.0,0.0,1.0,0.0,0.0,3.0,1.0,0.0,0.0,1.0,1.0,0.0,0.0,0.0,1.0,1.0,0.0,1.0,0.0,1.0,0.0,2.0,1.0,1.0,1.0,0.0,7.0,2.0,2.0,2.0,0.0,3.0,0.0,3.0,0.0,1.0,1.0,0.0,1.0,0.0,1.0,0.0,1.0,2.0,1.0,0.0,0.0,1.0,1.0,0.0,1.0,2.0,3.0,1.0,1.0,1.0,1.0,5.0,1
285,1428.136192640727,62274.01093749999,1.6346880884587887,467.308689268606,0.3552128427128429,0.1660509484728235,3.3333333333333335,-0.07960721563006827,8.0,2.0,0.0,2.0,3.0,5.0,0.0,1.0,0.0,2.0,1.0,1.0,1.0,1.0,1.0,2.0,2.0,3.0,0.0,2.0,1.0,3.0,1.0,4.0,0.0,0.0,0.0,0.0,1.0,1.0,0.0,8.0,1.0,0.0,1.0,3.0,2.0,1.0,1.0,0.0,2.0,1.0,4.0,1.0,1.0,2.0,3.0,2.0,0.0,0.0,1.0,3.0,2.0,1.0,1.0,1.0,0.0,0.0,3.0,3.0,1.0,1.0,7.0,0.0,0.0,0.0,0.0,0.0,1.0,2.0,1.0,0.0,1.0,3.0,0.0,0.0,3.0,4.0,0.0,0.0,0.0,0.0,0.0,1.0,1.0,1.0,0.0,0.0,1.0,2.0,1.0,3.0,0.0,5.0,0.0,0.0,1.0,0.0,0.0,1.0,0.0,1.0,1.0,0.0,0.0,0.0,1.0,1.0,1.0,2.0,0.0,2.0,1.0,2.0,2.0,2.0,0.0,0.0,1.0,1.0,1.0,4.0,1.0,0.0,5.0,2.0,0.0,1.0,1.0,3.0,1.0,1.0,1.0,1.0,0.0,0.0,2.0,0.0,1.0,1.0,0.0,2.0,0.0,0.0,1.0,1.0,2.0,0.0,1.0,0.0,4.0,2.0,0.0,2.0,2.0,17.0,1.0,2.0,1.0,2.0,0.0,0.0,0.0,2.0,1.0,0.0,2.0,4.0,1.0,1.0,0.0,2.0,0.0,3.0,0.0,2.0,0.0,0.0,2.0,0.0,0.0,1.0,0.0,1.0,3.0,0.0,8.0,2.0,0.0,0.0,0.0,1.0,0.0,2.0,0.0,1.0,0.0,2.0,0.0,0.0,1.0,1.0,2.0,0.0,0.0,1.0,2.0,1.0,0.0,0.0,2.0,4.0,1.0,0.0,0.0,0.0,0.0,5.0,0.0,1.0,0.0,1.0,2.0,2.0,0.0,2.0,1.0,0.0,1.0,0.0,0.0,1.0,0.0,2.0,1.0,0.0,4.0,0.0,0.0,0.0,2.0,0.0,1.0,0.0,2.0,1.0,0.0,0.0,7.0,1.0,0.0,0.0,0.0,0.0,1.0,1.0,0.0,1.0,1.0,1.0,0.0,2.0,0.0,2.0,1.0,0.0,0.0,1.0,1.0,3.0,1.0,1.0,1.0,1.0,5.0,2.0,1.0,2.0,0.0,7.0,2.0,1.0,1.0,2.0,0.0,2.0,0.0,0.0,0.0,2.0,0.0,0.0,0.0,1.0,0.0,2.0,1.0,0.0,0.0,0.0,0.0,0.0,1.0,4.0,1.0,0.0,0.0,0.0,0.0,0.0,7.0,0.0,0.0,0.0,1.0,2.0,3.0,2.0,1.0,0.0,0.0,0.0,1.0,0.0,2.0,1.0,1.0,2.0,0.0,1.0,0.0,2.0,0.0,1.0,1.0,0.0,1.0,0.0,0.0,1.0,0.0,1.0,0.0,1.0,0.0,0.0,0.0,1.0,2.0,1.0,2.0,0.0,1.0,1.0,0.0,0.0,2.0,0.0,3.0,0.0,2.0,1.0,0.0,1.0,0.0,1.0,2.0,1.0,1.0,3.0,0.0,1.0,5.0,3.0,1.0,1.0,0.0,2.0,1.0,3.0,0.0,2.0,1.0,2.0,0.0,1.0,1.0,1.0,0.0,1.0,2.0,2.0,3.0,1.0,0.0,2.0,1.0,1.0,0.0,0.0,1.0,1.0,2.0,9.0,2.0,4.0,0.0,1.0,2.0,1.0,0.0,5.0,2.0,2.0,0.0,0.0,3.0,1.0,4.0,0.0,2.0,1.0,0.0,0.0,0.0,1.0,1.0,0.0,0.0,4.0,1.0,1.0,2.0,1.0,7.0,0.0,0.0,2.0,1.0,0.0,1.0,1.0,0.0,0.0,2.0,0.0,0.0,0.0,1.0,0.0,1.0,2.0,0.0,0.0,1.0,2.0,0.0,2.0,2.0,2.0,1.0,1.0,1.0,3.0,1.0,10.0,0.0,2.0,0.0,0.0,2.0,0.0,0.0,0.0,5.0,0.0,0.0,0.0,0.0,2.0,0.0,1.0,2.0,1.0,0.0,1.0,0.0,0.0,2.0,1.0,2.0,1.0,1.0,1.0,1.0,1.0,5.0,1.0,1.0,1.0,3.0,1.0,0.0,0.0,1.0,3.0,1.0,1.0,0.0,0.0,0.0,4.0,5.0,3.0,1.0,3.0,2.0,0.0,2.0,1.0,0.0,0.0,1.0,0.0,1.0,0.0,1.0,14.0,1.0,0.0,3.0,1.0,0.0,6.0,1.0,3.0,1.0,0.0,0.0,0.0,4.0,2.0,0.0,0.0,1.0,0.0,2.0,0.0,2.0,0.0,0.0,1.0,1.0,2.0,0.0,0.0,0.0,1.0,4.0,0.0,0.0,1.0,1.0,3.0,0.0,0.0,0.0,1.0,1.0,1.0,0.0,1.0,0.0,0.0,1.0,2.0,1.0,0.0,0.0,0.0,2.0,2.0,0.0,0.0,0.0,0.0,0.0,0.0,2.0,4.0,1.0,1.0,1.0,0.0,2.0,0.0,2.0,1.0,1.0,0.0,1.0,1.0,1.0,0.0,1.0,1.0,0.0,2.0,0.0,0.0,2.0,1.0,1.0,1.0,3.0,2.0,1.0,1.0,1.0,1.0,5.0,0.0,0.0,2.0,0.0,0.0,2.0,0.0,1.0,1.0,1.0,0.0,0.0,1.0,1.0,2.0,1.0,0.0,1.0,1.0,1.0,1.0,1.0,0.0,1.0,2.0,1.0,2.0,0.0,0.0,3.0,7.0,4.0,1.0,2.0,0.0,0.0,2.0,2.0,1.0,3.0,0.0,1.0,1.0,0.0,1.0,0.0,1.0,1.0,0.0,1.0,0.0,1.0,1.0,0.0,1.0,0.0,0.0,1.0,0.0,1.0,1.0,5.0,0.0,1.0,0.0,1.0,2.0,0.0,0.0,3.0,1.0,2.0,2.0,1.0,1.0,1.0,3.0,0.0,0.0,2.0,0.0,1.0,0.0,1.0,2.0,3.0,3.0,1.0,0.0,3.0,0.0,0.0,17.0,1.0,1.0,1.0,2.0,1.0,2.0,2.0,1.0,0.0,2.0,0.0,0.0,0.0,1.0,1.0,1.0,0.0,0.0,0.0,3.0,2.0,3.0,2.0,1.0,0.0,0.0,0.0,1.0,1.0,1.0,3.0,0.0,4.0,2.0,1.0,0.0,0.0,0.0,0.0,0.0,0.0,0.0,1.0,1.0,1.0,1.0,2.0,0.0,1.0,3.0,0.0,1.0,1.0,2.0,1.0,0.0,0.0,0.0,0.0,1.0,1.0,7.0,0.0,0.0,2.0,1.0,1.0,2.0,0.0,0.0,1.0,1.0,1.0,2.0,2.0,0.0,0.0,1.0,4.0,3.0,0.0,0.0,1.0,1.0,0.0,1.0,3.0,0.0,1.0,0.0,2.0,0.0,12.0,2.0,0.0,1.0,3.0,0.0,2.0,0.0,0.0,0.0,0.0,2.0,1.0,0.0,0.0,0.0,3.0,1.0,1.0,0.0,0.0,0.0,1.0,1.0,1.0,2.0,0.0,1.0,0.0,0.0,1.0,5.0,0.0,0.0,2.0,1.0,0.0,0.0,1.0,3.0,2.0,0.0,0.0,0.0,0.0,2.0,1.0,4.0,1.0,1.0,1.0,0.0,0.0,2.0,1.0,0.0,0.0,2.0,2.0,0.0,1.0,0.0,14.0,0.0,1.0,0.0,1.0,1.0,1.0,2.0,0.0,1.0,2.0,1.0,1.0,0.0,1.0,2.0,2.0,0.0,0.0,0.0,3.0,0.0,0.0,0.0,0.0,0.0,0.0,1.0,0.0,1.0,0.0,7.0,1
287,2100.2401935106845,104132.59174999999,1.8884761808093622,391.5611631309866,0.24915836940836947,0.16735988455988454,3.62,-0.07427113655481717,16.0,2.0,4.0,2.0,0.0,2.0,3.0,1.0,2.0,1.0,1.0,1.0,0.0,2.0,0.0,3.0,0.0,2.0,2.0,3.0,0.0,2.0,3.0,4.0,2.0,4.0,1.0,1.0,0.0,1.0,2.0,3.0,1.0,0.0,3.0,1.0,0.0,2.0,1.0,1.0,0.0,5.0,3.0,1.0,2.0,3.0,1.0,2.0,2.0,2.0,1.0,4.0,2.0,0.0,1.0,2.0,0.0,2.0,1.0,0.0,3.0,2.0,5.0,2.0,1.0,2.0,1.0,1.0,2.0,0.0,3.0,1.0,0.0,1.0,1.0,3.0,2.0,0.0,1.0,1.0,1.0,1.0,2.0,3.0,1.0,0.0,0.0,2.0,0.0,0.0,5.0,4.0,0.0,7.0,1.0,2.0,0.0,3.0,4.0,0.0,0.0,1.0,1.0,1.0,2.0,1.0,1.0,3.0,2.0,1.0,2.0,2.0,2.0,2.0,1.0,1.0,1.0,1.0,0.0,0.0,1.0,0.0,1.0,0.0,3.0,1.0,2.0,1.0,0.0,1.0,0.0,0.0,1.0,2.0,1.0,0.0,0.0,0.0,1.0,2.0,1.0,1.0,2.0,1.0,3.0,0.0,1.0,1.0,1.0,0.0,3.0,1.0,2.0,0.0,1.0,12.0,0.0,2.0,0.0,0.0,1.0,0.0,3.0,1.0,1.0,0.0,2.0,2.0,0.0,0.0,0.0,1.0,2.0,4.0,0.0,1.0,1.0,2.0,2.0,2.0,1.0,0.0,2.0,1.0,0.0,1.0,3.0,1.0,4.0,0.0,0.0,0.0,1.0,0.0,2.0,0.0,0.0,2.0,0.0,0.0,0.0,0.0,1.0,2.0,0.0,1.0,2.0,0.0,0.0,2.0,3.0,1.0,1.0,1.0,3.0,0.0,2.0,5.0,1.0,1.0,0.0,0.0,2.0,2.0,0.0,2.0,1.0,2.0,3.0,2.0,2.0,3.0,0.0,0.0,2.0,1.0,3.0,0.0,2.0,0.0,1.0,4.0,0.0,2.0,1.0,1.0,1.0,0.0,10.0,2.0,1.0,0.0,3.0,1.0,0.0,1.0,1.0,4.0,2.0,4.0,2.0,0.0,1.0,1.0,0.0,1.0,1.0,1.0,0.0,0.0,1.0,2.0,1.0,1.0,0.0,1.0,0.0,0.0,0.0,3.0,0.0,0.0,3.0,1.0,1.0,1.0,0.0,1.0,0.0,3.0,1.0,2.0,2.0,1.0,2.0,0.0,2.0,0.0,0.0,0.0,2.0,0.0,1.0,1.0,1.0,2.0,0.0,0.0,1.0,0.0,4.0,0.0,1.0,0.0,0.0,2.0,0.0,0.0,3.0,2.0,0.0,0.0,2.0,0.0,3.0,1.0,0.0,0.0,0.0,0.0,3.0,1.0,0.0,1.0,1.0,1.0,0.0,0.0,0.0,0.0,0.0,5.0,1.0,1.0,1.0,2.0,2.0,1.0,2.0,0.0,0.0,2.0,0.0,1.0,1.0,1.0,2.0,1.0,0.0,0.0,1.0,2.0,0.0,4.0,4.0,0.0,2.0,1.0,2.0,0.0,0.0,1.0,7.0,0.0,1.0,5.0,0.0,3.0,1.0,2.0,5.0,1.0,2.0,1.0,2.0,0.0,0.0,2.0,0.0,1.0,2.0,0.0,0.0,0.0,0.0,0.0,1.0,4.0,1.0,2.0,2.0,1.0,3.0,3.0,0.0,1.0,2.0,1.0,0.0,2.0,1.0,1.0,2.0,0.0,0.0,0.0,2.0,1.0,2.0,0.0,0.0,2.0,1.0,3.0,0.0,0.0,0.0,0.0,0.0,2.0,0.0,1.0,1.0,1.0,6.0,1.0,1.0,0.0,0.0,1.0,2.0,3.0,0.0,3.0,1.0,2.0,1.0,3.0,0.0,0.0,0.0,2.0,1.0,2.0,0.0,1.0,1.0,2.0,4.0,0.0,2.0,2.0,1.0,0.0,1.0,5.0,0.0,0.0,0.0,1.0,3.0,1.0,2.0,2.0,2.0,1.0,1.0,3.0,2.0,1.0,1.0,0.0,1.0,2.0,1.0,1.0,1.0,1.0,1.0,0.0,2.0,1.0,2.0,0.0,0.0,0.0,0.0,0.0,0.0,0.0,0.0,2.0,1.0,1.0,2.0,1.0,2.0,1.0,1.0,0.0,4.0,3.0,0.0,2.0,0.0,1.0,2.0,1.0,3.0,0.0,1.0,1.0,1.0,0.0,1.0,1.0,1.0,5.0,2.0,2.0,0.0,1.0,3.0,4.0,0.0,1.0,2.0,0.0,1.0,0.0,1.0,1.0,3.0,2.0,0.0,1.0,1.0,2.0,0.0,0.0,0.0,0.0,1.0,2.0,0.0,1.0,0.0,2.0,1.0,1.0,2.0,0.0,2.0,1.0,1.0,0.0,1.0,1.0,2.0,2.0,1.0,0.0,2.0,2.0,1.0,0.0,0.0,3.0,1.0,0.0,4.0,1.0,0.0,2.0,0.0,1.0,0.0,0.0,1.0,8.0,1.0,0.0,1.0,2.0,1.0,0.0,3.0,1.0,2.0,3.0,3.0,2.0,1.0,2.0,1.0,0.0,0.0,3.0,2.0,1.0,1.0,0.0,2.0,1.0,1.0,2.0,0.0,1.0,0.0,0.0,6.0,0.0,0.0,5.0,3.0,0.0,2.0,2.0,1.0,3.0,2.0,4.0,1.0,3.0,0.0,4.0,1.0,3.0,1.0,2.0,0.0,0.0,1.0,1.0,2.0,2.0,1.0,0.0,0.0,0.0,2.0,5.0,1.0,0.0,2.0,0.0,0.0,0.0,5.0,1.0,3.0,0.0,2.0,0.0,1.0,2.0,1.0,1.0,0.0,1.0,0.0,2.0,3.0,0.0,0.0,0.0,0.0,4.0,1.0,0.0,0.0,0.0,6.0,4.0,4.0,3.0,1.0,1.0,1.0,1.0,1.0,0.0,3.0,4.0,1.0,2.0,1.0,1.0,3.0,3.0,1.0,0.0,0.0,1.0,3.0,4.0,2.0,2.0,3.0,0.0,5.0,1.0,1.0,3.0,0.0,0.0,2.0,0.0,2.0,0.0,1.0,3.0,1.0,3.0,0.0,2.0,1.0,0.0,0.0,4.0,2.0,2.0,1.0,2.0,1.0,1.0,2.0,0.0,1.0,1.0,1.0,4.0,1.0,0.0,7.0,2.0,2.0,1.0,0.0,1.0,1.0,1.0,2.0,2.0,2.0,3.0,0.0,1.0,0.0,0.0,0.0,1.0,0.0,2.0,0.0,1.0,1.0,0.0,1.0,0.0,1.0,2.0,0.0,0.0,2.0,5.0,0.0,0.0,0.0,1.0,1.0,2.0,3.0,0.0,1.0,0.0,0.0,0.0,1.0,1.0,0.0,2.0,1.0,4.0,2.0,0.0,0.0,2.0,1.0,0.0,2.0,2.0,1.0,0.0,2.0,0.0,5.0,4.0,0.0,1.0,0.0,3.0,2.0,2.0,1.0,1.0,0.0,3.0,1.0,0.0,1.0,2.0,3.0,2.0,3.0,1.0,1.0,1.0,1.0,0.0,1.0,0.0,0.0,2.0,1.0,0.0,0.0,3.0,0.0,4.0,2.0,2.0,1.0,0.0,0.0,2.0,1.0,1.0,1.0,3.0,0.0,0.0,0.0,0.0,0.0,0.0,1.0,2.0,0.0,2.0,1.0,3.0,0.0,0.0,1.0,0.0,0.0,3.0,0.0,0.0,0.0,1.0,0.0,0.0,0.0,0.0,1.0,2.0,0.0,1.0,0.0,0.0,4.0,0.0,3.0,0.0,2.0,1.0,0.0,1.0,2.0,0.0,0.0,2.0,0.0,1.0,0.0,2.0,1.0,3.0,1
290,2601.3024461619357,149216.04900000003,1.996481454494635,281.8729176656677,0.19897485847485846,0.15277098364598365,3.45,-0.07594254471978115,9.0,2.0,1.0,1.0,3.0,3.0,2.0,3.0,1.0,1.0,3.0,2.0,1.0,3.0,6.0,4.0,2.0,4.0,3.0,2.0,0.0,2.0,4.0,3.0,3.0,2.0,3.0,1.0,2.0,1.0,1.0,5.0,3.0,1.0,2.0,2.0,1.0,1.0,1.0,0.0,3.0,3.0,1.0,3.0,2.0,2.0,2.0,2.0,1.0,0.0,2.0,4.0,1.0,6.0,2.0,3.0,5.0,2.0,1.0,0.0,3.0,3.0,8.0,0.0,1.0,0.0,1.0,0.0,1.0,1.0,1.0,1.0,4.0,0.0,1.0,5.0,0.0,1.0,0.0,1.0,1.0,3.0,1.0,0.0,0.0,2.0,5.0,1.0,1.0,1.0,1.0,2.0,2.0,4.0,1.0,0.0,0.0,3.0,3.0,0.0,0.0,0.0,2.0,3.0,2.0,1.0,1.0,1.0,3.0,2.0,0.0,3.0,2.0,1.0,4.0,1.0,1.0,0.0,1.0,1.0,5.0,2.0,1.0,2.0,6.0,2.0,1.0,0.0,1.0,0.0,0.0,1.0,0.0,1.0,2.0,0.0,0.0,0.0,2.0,0.0,0.0,2.0,3.0,0.0,1.0,1.0,1.0,1.0,1.0,0.0,2.0,0.0,1.0,0.0,0.0,1.0,0.0,0.0,2.0,2.0,1.0,1.0,0.0,1.0,0.0,0.0,3.0,3.0,1.0,0.0,3.0,0.0,0.0,3.0,4.0,2.0,0.0,1.0,1.0,0.0,2.0,2.0,0.0,3.0,2.0,3.0,4.0,1.0,1.0,1.0,1.0,0.0,1.0,1.0,0.0,0.0,0.0,0.0,2.0,0.0,0.0,1.0,0.0,3.0,0.0,1.0,1.0,1.0,3.0,0.0,2.0,3.0,0.0,1.0,0.0,3.0,0.0,7.0,0.0,1.0,0.0,3.0,1.0,1.0,0.0,0.0,0.0,0.0,1.0,2.0,1.0,2.0,0.0,2.0,3.0,0.0,1.0,1.0,0.0,0.0,2.0,2.0,1.0,2.0,2.0,0.0,1.0,2.0,7.0,1.0,1.0,1.0,0.0,0.0,1.0,0.0,5.0,3.0,0.0,1.0,2.0,0.0,2.0,0.0,2.0,1.0,0.0,1.0,0.0,2.0,0.0,4.0,2.0,2.0,1.0,1.0,0.0,0.0,0.0,2.0,1.0,2.0,1.0,0.0,0.0,0.0,2.0,1.0,0.0,1.0,2.0,2.0,1.0,2.0,1.0,0.0,2.0,3.0,1.0,2.0,0.0,0.0,2.0,0.0,1.0,0.0,1.0,0.0,2.0,2.0,3.0,1.0,1.0,3.0,0.0,1.0,2.0,0.0,2.0,0.0,1.0,1.0,1.0,3.0,1.0,0.0,3.0,0.0,1.0,2.0,3.0,3.0,1.0,2.0,0.0,0.0,1.0,0.0,3.0,0.0,1.0,5.0,3.0,0.0,2.0,1.0,1.0,0.0,2.0,2.0,2.0,4.0,2.0,3.0,0.0,1.0,0.0,1.0,1.0,3.0,1.0,4.0,1.0,0.0,2.0,3.0,0.0,3.0,2.0,3.0,2.0,2.0,9.0,3.0,2.0,1.0,1.0,0.0,3.0,1.0,3.0,1.0,1.0,3.0,1.0,0.0,3.0,1.0,1.0,2.0,3.0,3.0,2.0,2.0,0.0,1.0,2.0,0.0,1.0,1.0,0.0,1.0,1.0,0.0,1.0,0.0,2.0,2.0,0.0,0.0,0.0,2.0,1.0,1.0,0.0,0.0,0.0,3.0,0.0,1.0,6.0,1.0,2.0,3.0,1.0,1.0,4.0,1.0,0.0,1.0,2.0,0.0,3.0,2.0,6.0,0.0,2.0,2.0,1.0,0.0,0.0,2.0,3.0,1.0,1.0,0.0,1.0,3.0,1.0,1.0,2.0,2.0,2.0,0.0,1.0,1.0,1.0,2.0,1.0,0.0,1.0,3.0,4.0,0.0,2.0,5.0,0.0,0.0,0.0,0.0,1.0,1.0,1.0,1.0,2.0,2.0,2.0,1.0,1.0,2.0,3.0,4.0,2.0,1.0,1.0,2.0,1.0,1.0,0.0,1.0,0.0,0.0,0.0,0.0,0.0,3.0,2.0,0.0,1.0,1.0,4.0,1.0,0.0,0.0,2.0,4.0,0.0,2.0,0.0,1.0,2.0,3.0,0.0,2.0,0.0,0.0,2.0,0.0,0.0,1.0,0.0,1.0,3.0,0.0,0.0,1.0,0.0,4.0,2.0,3.0,4.0,1.0,0.0,1.0,0.0,1.0,2.0,2.0,0.0,2.0,5.0,2.0,1.0,1.0,1.0,1.0,1.0,0.0,1.0,2.0,2.0,2.0,1.0,1.0,2.0,2.0,2.0,0.0,3.0,0.0,2.0,0.0,0.0,1.0,2.0,0.0,2.0,1.0,2.0,0.0,2.0,2.0,0.0,1.0,1.0,1.0,0.0,0.0,1.0,2.0,0.0,2.0,0.0,0.0,1.0,0.0,0.0,0.0,0.0,0.0,0.0,0.0,0.0,0.0,1.0,0.0,1.0,2.0,0.0,1.0,1.0,2.0,1.0,0.0,1.0,1.0,2.0,0.0,0.0,2.0,4.0,3.0,2.0,2.0,1.0,0.0,1.0,0.0,2.0,0.0,4.0,3.0,3.0,2.0,2.0,2.0,1.0,0.0,1.0,2.0,4.0,1.0,3.0,1.0,1.0,1.0,2.0,3.0,1.0,2.0,0.0,6.0,0.0,1.0,3.0,2.0,5.0,1.0,0.0,0.0,2.0,5.0,0.0,1.0,2.0,3.0,0.0,2.0,1.0,0.0,2.0,2.0,0.0,3.0,2.0,2.0,2.0,2.0,2.0,1.0,1.0,1.0,2.0,0.0,2.0,0.0,0.0,4.0,0.0,0.0,2.0,0.0,7.0,1.0,0.0,1.0,1.0,0.0,0.0,2.0,2.0,1.0,1.0,2.0,0.0,2.0,3.0,0.0,1.0,3.0,2.0,1.0,0.0,1.0,6.0,3.0,2.0,2.0,1.0,0.0,4.0,2.0,2.0,4.0,2.0,0.0,0.0,3.0,2.0,1.0,0.0,3.0,2.0,4.0,3.0,1.0,1.0,1.0,1.0,1.0,3.0,1.0,4.0,1.0,2.0,2.0,0.0,3.0,1.0,0.0,2.0,1.0,1.0,0.0,5.0,1.0,3.0,2.0,0.0,0.0,2.0,3.0,2.0,1.0,1.0,0.0,0.0,1.0,1.0,1.0,0.0,0.0,2.0,2.0,0.0,1.0,0.0,0.0,0.0,0.0,1.0,2.0,0.0,2.0,3.0,2.0,1.0,0.0,1.0,2.0,2.0,0.0,2.0,3.0,0.0,0.0,0.0,2.0,2.0,2.0,0.0,2.0,4.0,1.0,0.0,3.0,0.0,1.0,3.0,2.0,0.0,4.0,1.0,3.0,3.0,0.0,5.0,2.0,0.0,0.0,2.0,1.0,1.0,2.0,0.0,0.0,1.0,1.0,4.0,1.0,1.0,1.0,6.0,0.0,2.0,1.0,0.0,0.0,2.0,0.0,1.0,2.0,1.0,1.0,1.0,1.0,3.0,6.0,1.0,0.0,2.0,0.0,1.0,1.0,1.0,0.0,0.0,1.0,0.0,1.0,1.0,0.0,2.0,0.0,4.0,0.0,0.0,1.0,2.0,0.0,0.0,1.0,2.0,3.0,1.0,0.0,0.0,0.0,1.0,0.0,6.0,0.0,2.0,0.0,1.0,0.0,0.0,1.0,2.0,0.0,0.0,1.0,1.0,0.0,1.0,3.0,1.0,2.0,2.0,0.0,1.0,1.0,2.0,2.0,0.0,0.0,0.0,0.0,0.0,6.0,1
291,1836.139028976918,110278.0663,1.6981153351264415,335.8963723498724,0.2880606060606061,0.13471613756613754,3.88,-0.06759993084213409,7.0,3.0,1.0,1.0,0.0,1.0,1.0,0.0,1.0,0.0,0.0,1.0,0.0,1.0,0.0,2.0,0.0,2.0,1.0,1.0,1.0,1.0,2.0,2.0,0.0,1.0,0.0,2.0,0.0,1.0,1.0,4.0,4.0,2.0,0.0,0.0,0.0,1.0,0.0,1.0,1.0,0.0,1.0,0.0,3.0,0.0,2.0,0.0,0.0,1.0,1.0,0.0,2.0,3.0,0.0,0.0,0.0,1.0,1.0,2.0,2.0,0.0,6.0,1.0,1.0,0.0,1.0,2.0,0.0,1.0,1.0,0.0,0.0,2.0,2.0,1.0,0.0,1.0,0.0,1.0,1.0,0.0,3.0,1.0,0.0,2.0,1.0,0.0,1.0,0.0,0.0,1.0,0.0,2.0,2.0,1.0,0.0,1.0,4.0,3.0,1.0,2.0,1.0,0.0,2.0,1.0,2.0,1.0,1.0,1.0,0.0,0.0,0.0,0.0,0.0,0.0,0.0,0.0,1.0,0.0,0.0,1.0,0.0,0.0,7.0,0.0,2.0,0.0,0.0,0.0,2.0,1.0,3.0,2.0,1.0,0.0,1.0,1.0,3.0,1.0,0.0,1.0,1.0,0.0,0.0,1.0,1.0,3.0,0.0,0.0,1.0,3.0,0.0,1.0,0.0,4.0,0.0,1.0,1.0,1.0,0.0,1.0,0.0,0.0,0.0,0.0,1.0,2.0,1.0,0.0,2.0,0.0,0.0,2.0,1.0,5.0,1.0,1.0,0.0,0.0,3.0,1.0,1.0,2.0,1.0,2.0,6.0,0.0,2.0,1.0,2.0,0.0,5.0,0.0,2.0,0.0,3.0,1.0,0.0,1.0,0.0,3.0,0.0,2.0,0.0,1.0,0.0,2.0,3.0,1.0,1.0,0.0,0.0,0.0,1.0,1.0,0.0,9.0,1.0,2.0,2.0,0.0,1.0,1.0,3.0,0.0,1.0,1.0,0.0,0.0,3.0,2.0,1.0,2.0,1.0,2.0,2.0,1.0,0.0,1.0,2.0,0.0,4.0,2.0,0.0,1.0,2.0,0.0,12.0,1.0,0.0,1.0,0.0,0.0,1.0,1.0,2.0,1.0,1.0,2.0,1.0,0.0,0.0,1.0,2.0,2.0,0.0,3.0,1.0,1.0,0.0,0.0,0.0,1.0,0.0,2.0,1.0,2.0,2.0,3.0,3.0,0.0,0.0,2.0,0.0,0.0,0.0,1.0,1.0,2.0,0.0,0.0,1.0,0.0,1.0,0.0,1.0,0.0,0.0,1.0,0.0,1.0,1.0,1.0,1.0,0.0,0.0,1.0,1.0,0.0,3.0,0.0,0.0,1.0,1.0,1.0,0.0,1.0,2.0,2.0,1.0,0.0,0.0,3.0,1.0,1.0,1.0,1.0,2.0,1.0,1.0,1.0,1.0,0.0,2.0,1.0,0.0,0.0,1.0,0.0,1.0,7.0,0.0,4.0,0.0,1.0,0.0,1.0,0.0,1.0,2.0,1.0,0.0,0.0,0.0,2.0,0.0,0.0,3.0,0.0,0.0,1.0,1.0,0.0,0.0,2.0,0.0,1.0,3.0,0.0,0.0,2.0,2.0,1.0,2.0,2.0,1.0,0.0,2.0,0.0,1.0,1.0,1.0,2.0,1.0,0.0,1.0,1.0,0.0,0.0,1.0,0.0,0.0,1.0,1.0,0.0,1.0,0.0,0.0,0.0,0.0,2.0,3.0,7.0,0.0,1.0,1.0,0.0,1.0,3.0,1.0,0.0,2.0,1.0,1.0,3.0,1.0,0.0,1.0,0.0,0.0,1.0,1.0,2.0,0.0,1.0,0.0,3.0,1.0,1.0,1.0,0.0,2.0,1.0,14.0,0.0,1.0,3.0,3.0,0.0,0.0,0.0,2.0,1.0,1.0,1.0,3.0,3.0,0.0,1.0,1.0,0.0,1.0,0.0,0.0,1.0,4.0,0.0,2.0,0.0,0.0,0.0,2.0,0.0,1.0,5.0,1.0,1.0,0.0,2.0,1.0,1.0,1.0,2.0,2.0,1.0,0.0,0.0,1.0,0.0,3.0,0.0,1.0,3.0,0.0,1.0,1.0,1.0,1.0,1.0,0.0,0.0,0.0,3.0,0.0,0.0,10.0,0.0,1.0,0.0,0.0,1.0,0.0,2.0,2.0,1.0,0.0,1.0,1.0,2.0,1.0,3.0,1.0,1.0,0.0,0.0,4.0,3.0,1.0,2.0,0.0,0.0,0.0,0.0,2.0,2.0,1.0,9.0,0.0,1.0,2.0,1.0,1.0,0.0,2.0,0.0,1.0,1.0,0.0,0.0,1.0,0.0,0.0,0.0,4.0,1.0,1.0,0.0,2.0,1.0,6.0,0.0,0.0,0.0,0.0,0.0,0.0,1.0,4.0,0.0,1.0,2.0,0.0,3.0,0.0,0.0,0.0,1.0,0.0,1.0,1.0,1.0,3.0,0.0,1.0,1.0,1.0,0.0,1.0,2.0,2.0,0.0,1.0,0.0,2.0,0.0,1.0,0.0,0.0,18.0,1.0,1.0,1.0,2.0,2.0,0.0,0.0,2.0,1.0,1.0,1.0,1.0,1.0,0.0,1.0,2.0,2.0,3.0,1.0,0.0,0.0,0.0,0.0,1.0,0.0,0.0,2.0,4.0,0.0,0.0,7.0,0.0,0.0,1.0,0.0,1.0,4.0,2.0,1.0,0.0,0.0,1.0,0.0,3.0,1.0,0.0,3.0,2.0,1.0,0.0,0.0,3.0,0.0,0.0,2.0,0.0,0.0,1.0,0.0,0.0,0.0,10.0,2.0,3.0,2.0,1.0,1.0,1.0,0.0,1.0,0.0,4.0,3.0,0.0,1.0,0.0,4.0,0.0,1.0,0.0,0.0,2.0,0.0,1.0,2.0,3.0,1.0,1.0,0.0,1.0,0.0,0.0,6.0,1.0,1.0,0.0,0.0,1.0,1.0,0.0,1.0,1.0,0.0,1.0,2.0,1.0,3.0,2.0,0.0,0.0,1.0,1.0,1.0,0.0,1.0,5.0,1.0,1.0,2.0,3.0,2.0,2.0,2.0,9.0,2.0,1.0,1.0,0.0,0.0,2.0,2.0,2.0,1.0,0.0,2.0,2.0,3.0,0.0,0.0,0.0,0.0,1.0,0.0,0.0,2.0,2.0,0.0,0.0,1.0,1.0,0.0,2.0,0.0,1.0,6.0,0.0,1.0,0.0,3.0,1.0,2.0,0.0,0.0,0.0,0.0,1.0,1.0,1.0,2.0,1.0,0.0,1.0,2.0,1.0,0.0,2.0,0.0,0.0,1.0,1.0,2.0,3.0,1.0,1.0,1.0,3.0,1.0,0.0,0.0,1.0,1.0,0.0,0.0,0.0,1.0,2.0,2.0,3.0,0.0,2.0,0.0,0.0,2.0,1.0,0.0,0.0,0.0,1.0,1.0,0.0,2.0,3.0,1.0,0.0,1.0,0.0,11.0,2.0,1.0,1.0,0.0,0.0,0.0,1.0,0.0,1.0,0.0,1.0,2.0,0.0,0.0,1.0,1.0,2.0,3.0,0.0,2.0,1.0,1.0,0.0,2.0,3.0,2.0,1.0,2.0,0.0,3.0,9.0,1.0,0.0,0.0,1.0,0.0,1.0,1.0,0.0,2.0,2.0,1.0,0.0,1.0,3.0,0.0,1.0,1.0,1.0,0.0,1.0,1.0,0.0,0.0,0.0,1.0,1.0,1.0,0.0,2.0,1.0,1.0,0.0,0.0,0.0,1.0,1.0,2.0,0.0,0.0,0.0,0.0,1.0,1.0,1.0,1.0,0.0,0.0,0.0,2.0,1.0,1.0,3.0,1.0,0.0,1.0,1.0,0.0,0.0,1.0,0.0,0.0,6.0,1
292,2350.933540638931,132892.17274999997,2.010840569591918,325.14699955084484,0.20895873570873572,0.14649570152070152,3.73,-0.05145607567259966,10.0,2.0,4.0,0.0,4.0,1.0,0.0,1.0,5.0,1.0,2.0,1.0,3.0,3.0,1.0,3.0,1.0,2.0,4.0,2.0,0.0,2.0,3.0,2.0,0.0,1.0,3.0,2.0,2.0,3.0,1.0,10.0,3.0,3.0,1.0,0.0,2.0,1.0,1.0,1.0,1.0,3.0,5.0,1.0,2.0,2.0,1.0,1.0,0.0,1.0,3.0,1.0,1.0,5.0,0.0,3.0,2.0,1.0,4.0,3.0,5.0,1.0,4.0,2.0,1.0,1.0,0.0,2.0,0.0,0.0,1.0,0.0,2.0,0.0,0.0,1.0,1.0,2.0,1.0,2.0,0.0,2.0,0.0,2.0,0.0,0.0,2.0,2.0,1.0,2.0,2.0,1.0,0.0,7.0,1.0,0.0,1.0,0.0,1.0,1.0,5.0,1.0,3.0,2.0,3.0,0.0,2.0,1.0,1.0,1.0,1.0,3.0,1.0,3.0,1.0,5.0,2.0,2.0,0.0,1.0,0.0,3.0,2.0,1.0,11.0,0.0,0.0,0.0,2.0,0.0,2.0,2.0,2.0,0.0,3.0,2.0,0.0,0.0,1.0,2.0,4.0,2.0,1.0,0.0,3.0,3.0,0.0,1.0,0.0,3.0,1.0,2.0,0.0,0.0,1.0,3.0,1.0,1.0,1.0,1.0,1.0,0.0,0.0,0.0,0.0,0.0,1.0,0.0,0.0,0.0,2.0,0.0,1.0,1.0,1.0,2.0,1.0,2.0,0.0,1.0,0.0,3.0,0.0,1.0,0.0,0.0,3.0,4.0,3.0,1.0,0.0,1.0,1.0,0.0,1.0,1.0,1.0,1.0,1.0,1.0,0.0,1.0,0.0,2.0,2.0,1.0,0.0,2.0,0.0,0.0,3.0,3.0,1.0,2.0,1.0,1.0,1.0,5.0,1.0,0.0,1.0,0.0,4.0,0.0,1.0,0.0,2.0,0.0,0.0,2.0,1.0,1.0,2.0,0.0,1.0,1.0,2.0,1.0,1.0,3.0,5.0,4.0,1.0,1.0,1.0,1.0,0.0,0.0,1.0,0.0,0.0,0.0,5.0,0.0,2.0,0.0,1.0,1.0,3.0,3.0,0.0,2.0,2.0,7.0,1.0,1.0,1.0,1.0,0.0,0.0,3.0,1.0,0.0,1.0,1.0,2.0,2.0,1.0,2.0,4.0,0.0,1.0,0.0,0.0,1.0,0.0,1.0,0.0,1.0,0.0,0.0,0.0,3.0,0.0,1.0,1.0,0.0,0.0,2.0,1.0,1.0,1.0,4.0,1.0,0.0,1.0,0.0,1.0,0.0,1.0,11.0,1.0,1.0,1.0,0.0,4.0,2.0,0.0,0.0,1.0,1.0,0.0,3.0,4.0,4.0,0.0,0.0,0.0,0.0,1.0,2.0,2.0,2.0,2.0,3.0,0.0,2.0,1.0,1.0,0.0,0.0,6.0,1.0,1.0,1.0,2.0,1.0,1.0,1.0,0.0,1.0,0.0,0.0,1.0,2.0,1.0,2.0,2.0,2.0,1.0,2.0,2.0,0.0,1.0,1.0,0.0,1.0,2.0,2.0,4.0,2.0,1.0,14.0,3.0,2.0,3.0,3.0,1.0,0.0,2.0,1.0,3.0,2.0,1.0,1.0,4.0,3.0,6.0,1.0,4.0,4.0,0.0,1.0,3.0,0.0,0.0,2.0,1.0,1.0,1.0,0.0,1.0,0.0,1.0,0.0,1.0,0.0,2.0,1.0,2.0,0.0,0.0,0.0,1.0,1.0,2.0,1.0,2.0,3.0,1.0,2.0,1.0,0.0,0.0,3.0,0.0,0.0,2.0,6.0,1.0,0.0,4.0,2.0,2.0,5.0,1.0,0.0,0.0,2.0,0.0,1.0,2.0,2.0,0.0,3.0,0.0,0.0,0.0,1.0,0.0,3.0,5.0,2.0,0.0,1.0,1.0,0.0,0.0,0.0,0.0,1.0,0.0,1.0,3.0,3.0,4.0,3.0,1.0,2.0,1.0,1.0,2.0,1.0,0.0,1.0,7.0,1.0,1.0,1.0,2.0,2.0,1.0,0.0,1.0,2.0,1.0,1.0,1.0,0.0,2.0,3.0,0.0,3.0,2.0,0.0,1.0,2.0,1.0,3.0,0.0,0.0,0.0,0.0,3.0,0.0,0.0,2.0,0.0,1.0,3.0,1.0,1.0,2.0,0.0,1.0,1.0,2.0,1.0,0.0,0.0,1.0,0.0,1.0,1.0,1.0,2.0,0.0,3.0,1.0,0.0,0.0,0.0,1.0,1.0,0.0,0.0,1.0,2.0,1.0,0.0,2.0,1.0,2.0,5.0,0.0,1.0,3.0,4.0,0.0,1.0,0.0,0.0,1.0,1.0,2.0,2.0,0.0,1.0,1.0,1.0,1.0,0.0,2.0,2.0,0.0,1.0,0.0,1.0,1.0,3.0,2.0,1.0,1.0,1.0,1.0,1.0,1.0,1.0,4.0,1.0,0.0,1.0,0.0,1.0,0.0,2.0,0.0,0.0,0.0,7.0,2.0,0.0,0.0,1.0,4.0,1.0,1.0,2.0,1.0,1.0,2.0,5.0,0.0,2.0,1.0,0.0,0.0,3.0,0.0,0.0,2.0,2.0,2.0,0.0,2.0,0.0,1.0,1.0,4.0,0.0,5.0,1.0,1.0,2.0,0.0,0.0,1.0,0.0,0.0,2.0,1.0,0.0,2.0,2.0,0.0,1.0,1.0,1.0,3.0,1.0,0.0,1.0,2.0,0.0,1.0,1.0,1.0,2.0,1.0,1.0,0.0,13.0,2.0,3.0,2.0,1.0,0.0,1.0,1.0,0.0,5.0,4.0,2.0,2.0,2.0,1.0,1.0,0.0,2.0,2.0,1.0,2.0,3.0,1.0,2.0,1.0,1.0,0.0,0.0,0.0,2.0,0.0,7.0,1.0,2.0,2.0,0.0,1.0,1.0,1.0,3.0,1.0,0.0,1.0,6.0,2.0,1.0,1.0,0.0,0.0,2.0,1.0,1.0,1.0,1.0,1.0,1.0,1.0,1.0,1.0,3.0,1.0,3.0,13.0,4.0,1.0,1.0,3.0,2.0,1.0,2.0,2.0,1.0,1.0,0.0,0.0,3.0,0.0,1.0,1.0,1.0,2.0,1.0,0.0,0.0,4.0,1.0,1.0,2.0,2.0,3.0,1.0,3.0,2.0,11.0,2.0,2.0,1.0,1.0,1.0,0.0,1.0,1.0,2.0,3.0,3.0,0.0,3.0,1.0,1.0,3.0,0.0,2.0,3.0,2.0,3.0,0.0,0.0,4.0,1.0,2.0,2.0,5.0,0.0,0.0,11.0,1.0,0.0,1.0,1.0,0.0,1.0,0.0,2.0,2.0,0.0,0.0,1.0,3.0,1.0,2.0,3.0,2.0,1.0,0.0,2.0,1.0,0.0,0.0,0.0,2.0,1.0,2.0,0.0,2.0,0.0,4.0,1.0,1.0,0.0,2.0,2.0,0.0,4.0,1.0,2.0,2.0,1.0,2.0,1.0,0.0,3.0,3.0,1.0,1.0,1.0,3.0,1.0,1.0,1.0,1.0,3.0,0.0,1.0,0.0,1.0,0.0,14.0,1.0,1.0,1.0,0.0,1.0,1.0,1.0,0.0,0.0,1.0,0.0,0.0,0.0,3.0,3.0,0.0,3.0,1.0,1.0,1.0,1.0,3.0,1.0,0.0,1.0,0.0,2.0,2.0,1.0,2.0,8.0,0.0,1.0,2.0,1.0,3.0,0.0,0.0,1.0,1.0,1.0,2.0,2.0,1.0,4.0,3.0,0.0,3.0,3.0,0.0,1.0,1.0,1.0,2.0,0.0,0.0,3.0,2.0,0.0,1.0,0.0,3.0,1
293,2282.999266340869,137401.0917,2.0216300363078177,285.74638222724985,0.20003607503607512,0.12408845598845597,3.99,-0.005909120753327573,22.0,3.0,4.0,3.0,3.0,1.0,2.0,3.0,3.0,1.0,3.0,0.0,1.0,3.0,2.0,4.0,2.0,5.0,1.0,4.0,1.0,3.0,3.0,3.0,0.0,2.0,2.0,1.0,0.0,6.0,3.0,16.0,1.0,2.0,4.0,2.0,1.0,1.0,2.0,2.0,2.0,2.0,1.0,1.0,0.0,2.0,2.0,2.0,2.0,3.0,2.0,3.0,1.0,2.0,0.0,3.0,1.0,1.0,5.0,5.0,2.0,1.0,15.0,3.0,0.0,0.0,2.0,2.0,1.0,0.0,0.0,1.0,3.0,0.0,2.0,0.0,0.0,0.0,2.0,4.0,0.0,1.0,0.0,0.0,2.0,2.0,0.0,3.0,0.0,3.0,4.0,2.0,1.0,13.0,2.0,1.0,2.0,1.0,3.0,1.0,3.0,0.0,0.0,0.0,1.0,0.0,1.0,1.0,0.0,0.0,0.0,2.0,3.0,1.0,5.0,1.0,5.0,0.0,0.0,0.0,3.0,3.0,0.0,0.0,4.0,0.0,2.0,2.0,3.0,2.0,1.0,2.0,1.0,1.0,3.0,0.0,0.0,0.0,1.0,3.0,2.0,1.0,0.0,1.0,1.0,2.0,1.0,2.0,0.0,1.0,2.0,0.0,0.0,1.0,0.0,8.0,0.0,1.0,1.0,1.0,1.0,1.0,3.0,3.0,0.0,1.0,0.0,1.0,1.0,0.0,3.0,2.0,1.0,2.0,1.0,3.0,1.0,1.0,2.0,1.0,3.0,3.0,0.0,1.0,4.0,2.0,8.0,1.0,1.0,0.0,2.0,0.0,0.0,2.0,1.0,0.0,0.0,0.0,0.0,1.0,0.0,0.0,0.0,5.0,1.0,1.0,1.0,1.0,2.0,0.0,2.0,5.0,1.0,0.0,3.0,3.0,0.0,14.0,1.0,0.0,1.0,1.0,1.0,0.0,0.0,0.0,1.0,2.0,0.0,1.0,1.0,3.0,0.0,2.0,1.0,1.0,2.0,3.0,0.0,0.0,4.0,1.0,0.0,1.0,0.0,1.0,1.0,0.0,6.0,2.0,1.0,0.0,2.0,0.0,1.0,1.0,1.0,2.0,3.0,4.0,2.0,3.0,1.0,3.0,0.0,1.0,3.0,4.0,0.0,0.0,2.0,3.0,2.0,0.0,1.0,0.0,0.0,1.0,0.0,8.0,0.0,0.0,4.0,1.0,1.0,1.0,1.0,0.0,2.0,0.0,1.0,0.0,0.0,1.0,2.0,0.0,1.0,4.0,1.0,1.0,1.0,4.0,1.0,2.0,1.0,1.0,2.0,1.0,0.0,0.0,10.0,1.0,1.0,0.0,2.0,0.0,0.0,1.0,1.0,0.0,0.0,0.0,2.0,1.0,4.0,0.0,1.0,3.0,0.0,0.0,2.0,1.0,1.0,1.0,0.0,0.0,0.0,3.0,1.0,0.0,0.0,5.0,3.0,1.0,0.0,0.0,2.0,0.0,0.0,0.0,0.0,1.0,0.0,0.0,1.0,2.0,3.0,0.0,1.0,0.0,0.0,2.0,2.0,3.0,4.0,2.0,3.0,1.0,2.0,3.0,1.0,3.0,13.0,2.0,1.0,2.0,5.0,3.0,1.0,0.0,1.0,0.0,5.0,0.0,2.0,4.0,0.0,3.0,1.0,1.0,2.0,3.0,2.0,2.0,0.0,0.0,0.0,0.0,1.0,1.0,3.0,1.0,1.0,7.0,1.0,1.0,1.0,0.0,0.0,0.0,0.0,0.0,0.0,1.0,0.0,2.0,4.0,1.0,3.0,1.0,4.0,1.0,0.0,1.0,0.0,0.0,3.0,0.0,0.0,2.0,0.0,0.0,1.0,0.0,16.0,1.0,0.0,0.0,1.0,2.0,1.0,1.0,1.0,1.0,2.0,2.0,2.0,0.0,1.0,0.0,1.0,3.0,0.0,3.0,2.0,1.0,0.0,0.0,0.0,0.0,0.0,0.0,2.0,2.0,0.0,10.0,3.0,1.0,0.0,1.0,2.0,3.0,0.0,0.0,3.0,1.0,2.0,2.0,1.0,2.0,0.0,3.0,0.0,1.0,1.0,0.0,2.0,4.0,1.0,0.0,0.0,0.0,3.0,0.0,0.0,3.0,5.0,0.0,1.0,2.0,2.0,0.0,3.0,0.0,5.0,1.0,0.0,3.0,1.0,0.0,1.0,1.0,1.0,1.0,1.0,2.0,0.0,1.0,0.0,1.0,0.0,0.0,0.0,0.0,2.0,1.0,1.0,6.0,1.0,0.0,0.0,3.0,1.0,2.0,1.0,1.0,2.0,2.0,2.0,1.0,3.0,1.0,1.0,2.0,0.0,1.0,0.0,1.0,0.0,0.0,0.0,0.0,1.0,1.0,1.0,0.0,1.0,2.0,4.0,2.0,0.0,2.0,2.0,3.0,3.0,1.0,0.0,0.0,1.0,0.0,2.0,0.0,2.0,1.0,3.0,2.0,1.0,1.0,1.0,1.0,0.0,1.0,0.0,2.0,1.0,2.0,1.0,1.0,2.0,13.0,1.0,2.0,2.0,0.0,5.0,3.0,2.0,0.0,2.0,0.0,5.0,3.0,2.0,0.0,1.0,0.0,1.0,0.0,1.0,3.0,1.0,0.0,1.0,2.0,2.0,0.0,1.0,0.0,1.0,0.0,10.0,1.0,0.0,1.0,2.0,2.0,1.0,1.0,0.0,0.0,2.0,1.0,1.0,1.0,2.0,1.0,0.0,3.0,0.0,0.0,1.0,2.0,3.0,1.0,2.0,2.0,1.0,1.0,0.0,2.0,3.0,11.0,0.0,1.0,3.0,0.0,1.0,1.0,0.0,3.0,1.0,0.0,1.0,1.0,0.0,3.0,2.0,1.0,4.0,2.0,0.0,1.0,2.0,1.0,1.0,2.0,2.0,0.0,0.0,0.0,1.0,1.0,9.0,2.0,1.0,3.0,0.0,1.0,1.0,1.0,2.0,3.0,5.0,2.0,1.0,1.0,0.0,1.0,3.0,0.0,0.0,0.0,4.0,2.0,0.0,0.0,2.0,2.0,2.0,5.0,1.0,1.0,1.0,19.0,3.0,0.0,2.0,1.0,3.0,0.0,3.0,2.0,2.0,1.0,1.0,2.0,1.0,0.0,3.0,1.0,3.0,1.0,6.0,0.0,0.0,2.0,2.0,1.0,4.0,2.0,2.0,2.0,2.0,1.0,11.0,0.0,3.0,1.0,1.0,0.0,1.0,2.0,1.0,3.0,0.0,4.0,1.0,3.0,4.0,4.0,1.0,2.0,0.0,1.0,1.0,1.0,0.0,0.0,1.0,0.0,3.0,0.0,4.0,2.0,0.0,12.0,2.0,0.0,1.0,1.0,2.0,3.0,2.0,2.0,0.0,1.0,3.0,1.0,1.0,1.0,2.0,0.0,4.0,2.0,1.0,3.0,1.0,3.0,0.0,2.0,1.0,1.0,1.0,3.0,0.0,1.0,13.0,2.0,1.0,3.0,3.0,1.0,1.0,0.0,1.0,2.0,1.0,1.0,3.0,2.0,3.0,1.0,4.0,0.0,0.0,4.0,1.0,0.0,1.0,0.0,0.0,0.0,1.0,5.0,0.0,2.0,1.0,14.0,2.0,2.0,4.0,1.0,0.0,1.0,0.0,1.0,1.0,0.0,1.0,0.0,1.0,2.0,4.0,2.0,1.0,1.0,1.0,0.0,0.0,2.0,1.0,1.0,1.0,3.0,1.0,2.0,1.0,0.0,13.0,0.0,6.0,2.0,0.0,1.0,3.0,0.0,1.0,1.0,1.0,0.0,0.0,1.0,1.0,1.0,0.0,1.0,2.0,1.0,1.0,1.0,1.0,1.0,0.0,1.0,0.0,0.0,3.0,1.0,1.0,6.0,1
297,1537.269871239865,73826.24989583335,1.8596132118767301,326.6262422007548,0.27358630952380963,0.1484479968334135,3.78125,-0.049293325221447214,33.0,3.0,3.0,3.0,3.0,4.0,2.0,7.0,3.0,2.0,0.0,3.0,2.0,0.0,1.0,1.0,1.0,0.0,5.0,4.0,0.0,3.0,3.0,2.0,3.0,1.0,4.0,1.0,1.0,2.0,2.0,17.0,6.0,2.0,1.0,3.0,2.0,0.0,1.0,1.0,2.0,5.0,0.0,0.0,0.0,2.0,0.0,1.0,2.0,3.0,6.0,4.0,4.0,2.0,0.0,2.0,0.0,0.0,2.0,2.0,4.0,5.0,16.0,1.0,0.0,0.0,0.0,2.0,1.0,2.0,1.0,1.0,4.0,0.0,0.0,1.0,2.0,2.0,0.0,0.0,1.0,2.0,0.0,1.0,2.0,1.0,2.0,1.0,1.0,1.0,2.0,1.0,1.0,6.0,1.0,0.0,0.0,0.0,0.0,1.0,1.0,0.0,1.0,0.0,1.0,4.0,0.0,2.0,0.0,0.0,0.0,1.0,0.0,2.0,1.0,2.0,1.0,0.0,2.0,0.0,4.0,0.0,1.0,0.0,13.0,0.0,1.0,0.0,2.0,1.0,0.0,2.0,2.0,0.0,2.0,1.0,1.0,0.0,0.0,2.0,1.0,1.0,1.0,1.0,0.0,0.0,1.0,0.0,1.0,0.0,2.0,3.0,0.0,1.0,0.0,12.0,3.0,1.0,1.0,1.0,0.0,0.0,2.0,1.0,0.0,2.0,0.0,3.0,0.0,0.0,0.0,1.0,1.0,1.0,1.0,3.0,1.0,0.0,0.0,1.0,4.0,3.0,0.0,0.0,1.0,0.0,26.0,2.0,1.0,0.0,0.0,1.0,1.0,0.0,0.0,0.0,3.0,0.0,0.0,1.0,0.0,1.0,2.0,3.0,1.0,3.0,2.0,0.0,2.0,0.0,2.0,2.0,1.0,0.0,0.0,2.0,1.0,12.0,0.0,0.0,0.0,2.0,5.0,2.0,1.0,1.0,0.0,1.0,1.0,0.0,0.0,1.0,0.0,1.0,2.0,2.0,2.0,0.0,1.0,2.0,4.0,3.0,1.0,1.0,1.0,0.0,0.0,0.0,12.0,1.0,0.0,3.0,2.0,2.0,1.0,2.0,2.0,2.0,0.0,2.0,1.0,1.0,0.0,0.0,2.0,0.0,2.0,1.0,2.0,0.0,4.0,2.0,1.0,0.0,1.0,0.0,1.0,0.0,0.0,14.0,0.0,2.0,1.0,0.0,0.0,0.0,2.0,0.0,3.0,1.0,0.0,0.0,3.0,0.0,0.0,0.0,2.0,2.0,0.0,2.0,1.0,3.0,1.0,2.0,0.0,1.0,1.0,1.0,1.0,1.0,14.0,0.0,0.0,1.0,0.0,2.0,3.0,1.0,1.0,0.0,2.0,1.0,0.0,4.0,1.0,1.0,2.0,1.0,0.0,0.0,3.0,3.0,2.0,0.0,0.0,0.0,1.0,0.0,1.0,1.0,1.0,14.0,1.0,0.0,1.0,0.0,0.0,2.0,3.0,2.0,1.0,0.0,0.0,2.0,3.0,0.0,1.0,0.0,2.0,2.0,3.0,3.0,2.0,1.0,2.0,1.0,1.0,1.0,0.0,4.0,2.0,0.0,14.0,1.0,1.0,2.0,1.0,0.0,1.0,1.0,2.0,4.0,1.0,2.0,4.0,0.0,3.0,3.0,0.0,0.0,2.0,1.0,1.0,1.0,0.0,1.0,1.0,1.0,2.0,0.0,0.0,0.0,1.0,12.0,0.0,0.0,0.0,1.0,1.0,2.0,0.0,0.0,0.0,1.0,1.0,0.0,2.0,1.0,1.0,0.0,3.0,0.0,2.0,1.0,0.0,1.0,1.0,0.0,0.0,0.0,0.0,2.0,0.0,0.0,10.0,2.0,0.0,0.0,0.0,0.0,1.0,2.0,0.0,0.0,0.0,0.0,0.0,0.0,2.0,1.0,2.0,0.0,0.0,1.0,0.0,3.0,0.0,0.0,1.0,1.0,4.0,2.0,1.0,1.0,0.0,11.0,0.0,0.0,4.0,5.0,0.0,1.0,1.0,1.0,3.0,1.0,1.0,2.0,2.0,1.0,1.0,2.0,0.0,0.0,2.0,1.0,1.0,2.0,3.0,0.0,3.0,0.0,1.0,1.0,0.0,3.0,14.0,1.0,2.0,1.0,2.0,0.0,2.0,0.0,0.0,2.0,1.0,0.0,0.0,0.0,2.0,3.0,1.0,2.0,0.0,2.0,1.0,1.0,1.0,0.0,0.0,0.0,3.0,3.0,0.0,1.0,1.0,17.0,1.0,0.0,2.0,0.0,2.0,1.0,0.0,0.0,1.0,0.0,0.0,2.0,1.0,2.0,0.0,1.0,1.0,0.0,1.0,1.0,1.0,2.0,2.0,0.0,4.0,0.0,0.0,2.0,2.0,1.0,8.0,2.0,0.0,0.0,1.0,1.0,0.0,0.0,0.0,3.0,2.0,1.0,3.0,1.0,3.0,1.0,0.0,1.0,2.0,1.0,0.0,1.0,2.0,1.0,3.0,1.0,2.0,3.0,1.0,1.0,1.0,31.0,1.0,1.0,2.0,2.0,1.0,2.0,0.0,2.0,0.0,1.0,5.0,0.0,2.0,1.0,0.0,0.0,1.0,2.0,2.0,0.0,1.0,1.0,2.0,0.0,1.0,0.0,0.0,1.0,0.0,0.0,13.0,0.0,0.0,0.0,1.0,2.0,0.0,0.0,0.0,0.0,1.0,0.0,1.0,1.0,1.0,2.0,0.0,1.0,1.0,1.0,1.0,0.0,2.0,1.0,2.0,0.0,0.0,2.0,1.0,3.0,0.0,16.0,1.0,2.0,0.0,0.0,4.0,0.0,0.0,0.0,3.0,1.0,2.0,0.0,2.0,1.0,2.0,0.0,2.0,1.0,2.0,0.0,1.0,0.0,1.0,0.0,2.0,0.0,2.0,3.0,0.0,0.0,13.0,0.0,2.0,1.0,0.0,1.0,1.0,1.0,0.0,2.0,0.0,1.0,5.0,3.0,0.0,3.0,3.0,0.0,0.0,0.0,1.0,2.0,0.0,2.0,2.0,0.0,1.0,1.0,1.0,2.0,1.0,20.0,0.0,1.0,1.0,3.0,2.0,0.0,0.0,3.0,1.0,0.0,1.0,0.0,0.0,1.0,2.0,1.0,3.0,2.0,1.0,0.0,0.0,2.0,2.0,1.0,0.0,1.0,1.0,1.0,3.0,2.0,16.0,0.0,1.0,0.0,0.0,0.0,0.0,4.0,0.0,2.0,2.0,0.0,3.0,1.0,1.0,2.0,2.0,0.0,1.0,1.0,1.0,1.0,1.0,1.0,0.0,1.0,0.0,0.0,1.0,0.0,0.0,12.0,0.0,0.0,2.0,1.0,3.0,2.0,4.0,1.0,1.0,1.0,3.0,0.0,2.0,1.0,1.0,0.0,1.0,1.0,0.0,2.0,2.0,2.0,0.0,2.0,0.0,1.0,1.0,1.0,1.0,1.0,16.0,1.0,1.0,0.0,3.0,1.0,1.0,0.0,0.0,0.0,1.0,4.0,3.0,0.0,2.0,0.0,1.0,0.0,0.0,0.0,1.0,1.0,0.0,0.0,0.0,0.0,1.0,2.0,0.0,1.0,0.0,19.0,1.0,1.0,0.0,2.0,1.0,0.0,0.0,1.0,0.0,0.0,1.0,0.0,1.0,2.0,2.0,3.0,0.0,1.0,0.0,3.0,1.0,3.0,0.0,0.0,1.0,1.0,0.0,1.0,2.0,2.0,21.0,0.0,3.0,0.0,0.0,0.0,0.0,1.0,1.0,0.0,0.0,2.0,1.0,3.0,0.0,0.0,3.0,1.0,1.0,1.0,1.0,0.0,0.0,0.0,0.0,2.0,0.0,1.0,0.0,0.0,0.0,7.0,1
298,1736.5538947854977,69430.53745,1.8314720382974192,281.2449219399022,0.29796386946386966,0.20413463018463016,2.63,-0.07898677152259953,35.0,0.0,2.0,2.0,3.0,2.0,4.0,5.0,5.0,2.0,2.0,0.0,1.0,0.0,4.0,2.0,1.0,0.0,2.0,3.0,5.0,0.0,3.0,2.0,4.0,0.0,0.0,0.0,3.0,3.0,2.0,18.0,3.0,3.0,1.0,4.0,2.0,4.0,3.0,2.0,4.0,6.0,3.0,2.0,2.0,2.0,1.0,3.0,3.0,5.0,2.0,0.0,1.0,0.0,0.0,0.0,2.0,2.0,0.0,2.0,3.0,3.0,12.0,1.0,1.0,0.0,0.0,0.0,1.0,1.0,4.0,0.0,2.0,2.0,3.0,1.0,3.0,4.0,0.0,0.0,1.0,1.0,1.0,0.0,2.0,3.0,2.0,0.0,0.0,2.0,1.0,2.0,1.0,17.0,0.0,1.0,1.0,1.0,0.0,1.0,3.0,1.0,2.0,2.0,2.0,0.0,4.0,0.0,0.0,4.0,4.0,1.0,1.0,0.0,1.0,0.0,5.0,1.0,0.0,1.0,0.0,5.0,2.0,4.0,11.0,0.0,1.0,2.0,0.0,1.0,0.0,0.0,3.0,0.0,1.0,3.0,1.0,3.0,1.0,1.0,0.0,2.0,2.0,1.0,2.0,0.0,1.0,1.0,0.0,0.0,1.0,1.0,0.0,0.0,1.0,8.0,0.0,0.0,1.0,4.0,0.0,0.0,2.0,3.0,0.0,0.0,1.0,3.0,0.0,0.0,0.0,1.0,1.0,3.0,0.0,2.0,1.0,4.0,1.0,1.0,0.0,3.0,0.0,0.0,1.0,0.0,9.0,0.0,0.0,0.0,1.0,1.0,3.0,0.0,0.0,0.0,0.0,3.0,1.0,0.0,3.0,0.0,1.0,2.0,1.0,0.0,2.0,1.0,2.0,2.0,2.0,1.0,0.0,2.0,1.0,2.0,1.0,6.0,1.0,0.0,1.0,0.0,5.0,1.0,1.0,0.0,1.0,0.0,1.0,0.0,3.0,0.0,2.0,1.0,1.0,2.0,5.0,2.0,1.0,0.0,3.0,3.0,2.0,2.0,1.0,1.0,2.0,1.0,21.0,2.0,1.0,2.0,2.0,4.0,1.0,0.0,1.0,3.0,0.0,1.0,2.0,1.0,0.0,1.0,2.0,3.0,2.0,0.0,0.0,0.0,2.0,2.0,2.0,2.0,1.0,2.0,0.0,1.0,0.0,8.0,2.0,1.0,1.0,0.0,1.0,0.0,0.0,1.0,1.0,0.0,2.0,2.0,1.0,4.0,1.0,1.0,0.0,0.0,1.0,0.0,3.0,9.0,4.0,0.0,0.0,0.0,0.0,1.0,0.0,3.0,6.0,1.0,0.0,1.0,1.0,2.0,0.0,1.0,1.0,0.0,2.0,2.0,0.0,3.0,5.0,0.0,1.0,4.0,0.0,0.0,0.0,3.0,3.0,1.0,0.0,0.0,0.0,1.0,1.0,0.0,1.0,8.0,3.0,1.0,0.0,0.0,0.0,1.0,0.0,1.0,1.0,0.0,0.0,2.0,3.0,1.0,1.0,0.0,2.0,2.0,1.0,2.0,1.0,3.0,6.0,2.0,1.0,2.0,4.0,2.0,1.0,3.0,13.0,1.0,3.0,3.0,1.0,4.0,3.0,3.0,1.0,1.0,2.0,0.0,2.0,1.0,4.0,2.0,0.0,3.0,1.0,2.0,1.0,1.0,0.0,0.0,3.0,2.0,2.0,2.0,0.0,3.0,3.0,6.0,0.0,3.0,0.0,0.0,1.0,1.0,2.0,0.0,3.0,2.0,1.0,3.0,0.0,0.0,1.0,1.0,4.0,2.0,2.0,0.0,0.0,0.0,1.0,3.0,1.0,0.0,0.0,0.0,0.0,2.0,7.0,1.0,0.0,0.0,2.0,4.0,0.0,3.0,0.0,2.0,1.0,0.0,2.0,2.0,0.0,1.0,4.0,3.0,1.0,1.0,0.0,2.0,1.0,0.0,0.0,0.0,1.0,1.0,1.0,2.0,2.0,7.0,0.0,2.0,3.0,1.0,0.0,3.0,3.0,1.0,2.0,3.0,1.0,0.0,0.0,2.0,1.0,3.0,2.0,3.0,2.0,0.0,0.0,0.0,2.0,1.0,1.0,1.0,1.0,1.0,1.0,1.0,8.0,0.0,0.0,1.0,2.0,2.0,0.0,0.0,0.0,2.0,0.0,2.0,0.0,0.0,4.0,2.0,1.0,0.0,0.0,3.0,0.0,1.0,4.0,3.0,1.0,2.0,3.0,0.0,2.0,5.0,2.0,19.0,1.0,2.0,2.0,3.0,1.0,1.0,3.0,2.0,2.0,0.0,1.0,0.0,1.0,0.0,0.0,0.0,2.0,0.0,0.0,0.0,0.0,0.0,1.0,1.0,4.0,2.0,0.0,4.0,1.0,3.0,10.0,1.0,2.0,0.0,0.0,2.0,1.0,1.0,1.0,2.0,1.0,1.0,3.0,4.0,3.0,2.0,3.0,0.0,1.0,1.0,0.0,0.0,0.0,1.0,2.0,1.0,1.0,2.0,2.0,0.0,1.0,7.0,2.0,0.0,1.0,0.0,1.0,0.0,2.0,1.0,0.0,3.0,4.0,4.0,0.0,1.0,1.0,4.0,0.0,3.0,5.0,0.0,0.0,1.0,2.0,1.0,0.0,1.0,1.0,2.0,2.0,1.0,6.0,1.0,1.0,2.0,2.0,2.0,1.0,1.0,1.0,0.0,3.0,1.0,0.0,0.0,1.0,0.0,0.0,0.0,1.0,0.0,1.0,0.0,8.0,0.0,0.0,2.0,0.0,2.0,1.0,0.0,1.0,8.0,2.0,1.0,3.0,0.0,1.0,0.0,1.0,1.0,3.0,1.0,3.0,0.0,2.0,3.0,0.0,0.0,2.0,0.0,4.0,0.0,3.0,1.0,1.0,1.0,1.0,2.0,0.0,1.0,0.0,0.0,8.0,1.0,2.0,2.0,0.0,0.0,0.0,2.0,2.0,4.0,1.0,1.0,3.0,0.0,3.0,1.0,1.0,1.0,3.0,0.0,2.0,1.0,1.0,2.0,1.0,0.0,1.0,1.0,2.0,2.0,2.0,10.0,0.0,0.0,0.0,1.0,1.0,0.0,3.0,1.0,1.0,4.0,3.0,1.0,0.0,2.0,3.0,2.0,4.0,1.0,1.0,2.0,0.0,0.0,3.0,1.0,1.0,1.0,3.0,0.0,0.0,0.0,15.0,1.0,6.0,0.0,0.0,0.0,1.0,1.0,0.0,1.0,0.0,0.0,1.0,1.0,1.0,0.0,2.0,1.0,0.0,2.0,1.0,3.0,1.0,3.0,1.0,2.0,0.0,1.0,2.0,2.0,1.0,10.0,1.0,1.0,2.0,1.0,2.0,1.0,1.0,4.0,3.0,2.0,1.0,1.0,2.0,1.0,2.0,0.0,0.0,5.0,1.0,0.0,1.0,5.0,3.0,0.0,2.0,1.0,3.0,0.0,0.0,1.0,9.0,0.0,1.0,1.0,1.0,0.0,4.0,0.0,1.0,1.0,1.0,3.0,1.0,1.0,1.0,1.0,1.0,1.0,2.0,1.0,1.0,0.0,0.0,1.0,0.0,1.0,0.0,2.0,1.0,0.0,0.0,7.0,1.0,1.0,2.0,1.0,0.0,0.0,0.0,1.0,0.0,1.0,2.0,1.0,1.0,0.0,2.0,0.0,1.0,0.0,0.0,1.0,0.0,1.0,0.0,1.0,1.0,0.0,1.0,2.0,0.0,1.0,7.0,0.0,4.0,0.0,1.0,2.0,0.0,0.0,3.0,0.0,0.0,1.0,2.0,0.0,2.0,0.0,1.0,1.0,0.0,4.0,1.0,1.0,0.0,1.0,1.0,2.0,1.0,1.0,1.0,0.0,0.0,2.0,1
299,2216.9892385743137,156340.04484999992,2.0922250692356084,284.68771449233594,0.18886871461871457,0.08302142857142857,5.29,0.044471575307071805,26.0,4.0,1.0,3.0,1.0,3.0,2.0,2.0,3.0,0.0,1.0,3.0,4.0,1.0,3.0,4.0,2.0,3.0,3.0,2.0,2.0,4.0,3.0,0.0,3.0,2.0,1.0,4.0,1.0,0.0,1.0,21.0,4.0,2.0,1.0,0.0,3.0,0.0,2.0,0.0,2.0,0.0,1.0,1.0,2.0,4.0,2.0,2.0,3.0,1.0,3.0,5.0,0.0,0.0,2.0,3.0,4.0,1.0,0.0,6.0,4.0,4.0,27.0,3.0,2.0,1.0,3.0,2.0,3.0,0.0,0.0,2.0,3.0,4.0,2.0,1.0,2.0,1.0,2.0,1.0,1.0,1.0,0.0,1.0,1.0,2.0,1.0,3.0,1.0,2.0,2.0,1.0,2.0,15.0,0.0,0.0,0.0,0.0,2.0,2.0,2.0,0.0,1.0,1.0,1.0,4.0,1.0,1.0,3.0,0.0,2.0,0.0,1.0,3.0,1.0,1.0,0.0,2.0,1.0,1.0,0.0,2.0,1.0,1.0,6.0,1.0,2.0,0.0,0.0,0.0,0.0,0.0,1.0,0.0,0.0,1.0,0.0,0.0,0.0,2.0,2.0,2.0,2.0,0.0,2.0,0.0,1.0,1.0,2.0,1.0,1.0,1.0,3.0,1.0,1.0,16.0,2.0,0.0,2.0,2.0,2.0,3.0,1.0,0.0,0.0,1.0,2.0,0.0,0.0,0.0,1.0,2.0,0.0,1.0,1.0,3.0,2.0,0.0,1.0,2.0,3.0,2.0,1.0,1.0,0.0,3.0,18.0,1.0,2.0,1.0,1.0,0.0,2.0,1.0,2.0,1.0,1.0,1.0,0.0,2.0,0.0,3.0,4.0,1.0,2.0,0.0,0.0,1.0,1.0,2.0,1.0,2.0,3.0,0.0,0.0,1.0,2.0,10.0,0.0,1.0,0.0,0.0,3.0,1.0,3.0,0.0,0.0,0.0,2.0,1.0,0.0,1.0,0.0,1.0,0.0,1.0,0.0,0.0,1.0,0.0,2.0,2.0,1.0,0.0,0.0,3.0,2.0,0.0,12.0,1.0,1.0,0.0,1.0,2.0,3.0,0.0,1.0,2.0,0.0,0.0,0.0,0.0,1.0,1.0,1.0,1.0,4.0,1.0,2.0,1.0,3.0,1.0,3.0,1.0,1.0,2.0,1.0,0.0,1.0,18.0,1.0,1.0,1.0,0.0,0.0,0.0,1.0,0.0,0.0,1.0,2.0,1.0,2.0,1.0,3.0,2.0,0.0,1.0,1.0,0.0,2.0,1.0,2.0,0.0,2.0,1.0,1.0,0.0,1.0,3.0,12.0,1.0,0.0,0.0,0.0,1.0,2.0,0.0,1.0,1.0,0.0,1.0,2.0,4.0,1.0,0.0,2.0,0.0,0.0,0.0,1.0,1.0,1.0,0.0,4.0,1.0,0.0,0.0,0.0,0.0,0.0,6.0,0.0,0.0,1.0,1.0,1.0,0.0,0.0,0.0,1.0,1.0,0.0,3.0,0.0,0.0,0.0,2.0,2.0,0.0,1.0,3.0,4.0,2.0,0.0,2.0,3.0,5.0,1.0,3.0,1.0,0.0,20.0,2.0,2.0,2.0,1.0,6.0,0.0,2.0,3.0,2.0,2.0,1.0,0.0,0.0,2.0,1.0,1.0,2.0,1.0,2.0,0.0,1.0,1.0,0.0,1.0,0.0,1.0,0.0,0.0,0.0,2.0,17.0,0.0,1.0,0.0,0.0,1.0,1.0,2.0,1.0,1.0,0.0,2.0,1.0,1.0,4.0,0.0,0.0,2.0,2.0,1.0,1.0,0.0,1.0,2.0,2.0,0.0,0.0,0.0,3.0,5.0,3.0,16.0,2.0,1.0,1.0,2.0,3.0,2.0,1.0,1.0,2.0,3.0,1.0,0.0,1.0,1.0,1.0,8.0,2.0,4.0,3.0,0.0,1.0,1.0,0.0,2.0,1.0,1.0,0.0,3.0,1.0,0.0,14.0,0.0,1.0,3.0,0.0,1.0,0.0,3.0,4.0,3.0,2.0,0.0,2.0,0.0,0.0,1.0,1.0,0.0,1.0,0.0,0.0,0.0,0.0,2.0,0.0,1.0,0.0,0.0,1.0,0.0,1.0,13.0,0.0,0.0,1.0,1.0,2.0,0.0,0.0,3.0,0.0,3.0,2.0,1.0,2.0,3.0,1.0,3.0,0.0,1.0,2.0,0.0,0.0,1.0,0.0,1.0,0.0,1.0,0.0,0.0,2.0,0.0,7.0,2.0,3.0,4.0,2.0,0.0,1.0,1.0,2.0,1.0,4.0,0.0,1.0,3.0,1.0,0.0,1.0,2.0,2.0,2.0,0.0,2.0,2.0,0.0,0.0,4.0,1.0,0.0,2.0,0.0,2.0,8.0,2.0,0.0,2.0,1.0,2.0,1.0,1.0,3.0,1.0,3.0,2.0,4.0,3.0,1.0,1.0,1.0,1.0,1.0,1.0,2.0,0.0,0.0,0.0,2.0,0.0,0.0,1.0,1.0,0.0,2.0,10.0,1.0,0.0,3.0,2.0,1.0,2.0,1.0,3.0,3.0,0.0,3.0,0.0,3.0,2.0,3.0,0.0,1.0,1.0,1.0,1.0,3.0,1.0,1.0,1.0,4.0,2.0,1.0,2.0,1.0,0.0,17.0,2.0,0.0,1.0,1.0,2.0,1.0,0.0,0.0,0.0,3.0,7.0,0.0,0.0,0.0,3.0,0.0,1.0,2.0,3.0,2.0,1.0,1.0,0.0,3.0,0.0,0.0,2.0,2.0,0.0,2.0,14.0,1.0,2.0,0.0,3.0,2.0,3.0,0.0,0.0,2.0,2.0,3.0,1.0,1.0,0.0,1.0,1.0,0.0,1.0,0.0,1.0,2.0,0.0,3.0,1.0,0.0,0.0,1.0,2.0,0.0,0.0,19.0,6.0,3.0,1.0,1.0,3.0,1.0,1.0,4.0,3.0,3.0,1.0,0.0,2.0,1.0,2.0,0.0,1.0,1.0,1.0,4.0,1.0,1.0,4.0,0.0,1.0,2.0,2.0,0.0,1.0,5.0,18.0,0.0,0.0,0.0,0.0,2.0,1.0,2.0,3.0,1.0,1.0,1.0,2.0,3.0,0.0,1.0,1.0,2.0,2.0,1.0,0.0,4.0,2.0,0.0,1.0,2.0,1.0,2.0,3.0,2.0,1.0,24.0,1.0,1.0,1.0,1.0,0.0,1.0,1.0,0.0,1.0,0.0,1.0,1.0,2.0,0.0,2.0,0.0,1.0,5.0,2.0,2.0,2.0,1.0,2.0,0.0,2.0,0.0,1.0,1.0,0.0,2.0,17.0,0.0,2.0,1.0,1.0,1.0,1.0,2.0,4.0,1.0,1.0,1.0,0.0,0.0,1.0,2.0,0.0,1.0,0.0,2.0,1.0,1.0,1.0,2.0,1.0,1.0,2.0,1.0,2.0,0.0,2.0,12.0,2.0,1.0,1.0,2.0,1.0,3.0,2.0,0.0,1.0,1.0,4.0,1.0,3.0,1.0,0.0,3.0,0.0,3.0,4.0,0.0,0.0,5.0,2.0,2.0,2.0,0.0,0.0,3.0,0.0,1.0,16.0,1.0,0.0,1.0,0.0,1.0,1.0,1.0,0.0,0.0,0.0,1.0,2.0,3.0,0.0,1.0,0.0,2.0,0.0,0.0,1.0,3.0,1.0,1.0,0.0,2.0,3.0,1.0,1.0,2.0,0.0,11.0,1.0,3.0,1.0,2.0,0.0,0.0,1.0,2.0,0.0,0.0,0.0,1.0,0.0,0.0,1.0,1.0,1.0,1.0,6.0,0.0,3.0,2.0,1.0,0.0,0.0,1.0,0.0,1.0,0.0,0.0,7.0,1
301,1159.883517332532,56843.761224489805,1.6052571513818887,470.2170800288147,0.34220926465824425,0.1470332577475435,3.6530612244897958,-0.09394000375784367,16.0,2.0,3.0,1.0,1.0,1.0,0.0,0.0,1.0,0.0,1.0,4.0,3.0,1.0,1.0,2.0,1.0,0.0,2.0,0.0,0.0,1.0,3.0,0.0,2.0,3.0,1.0,2.0,2.0,0.0,4.0,30.0,0.0,4.0,1.0,0.0,1.0,2.0,0.0,1.0,5.0,3.0,3.0,1.0,3.0,2.0,2.0,5.0,2.0,0.0,2.0,2.0,0.0,4.0,2.0,2.0,2.0,3.0,2.0,1.0,2.0,2.0,9.0,0.0,1.0,0.0,1.0,0.0,1.0,0.0,0.0,2.0,0.0,1.0,3.0,2.0,0.0,0.0,2.0,0.0,2.0,1.0,1.0,4.0,0.0,0.0,0.0,1.0,0.0,0.0,1.0,3.0,0.0,11.0,0.0,0.0,1.0,0.0,3.0,0.0,0.0,0.0,0.0,0.0,0.0,1.0,4.0,2.0,0.0,4.0,0.0,0.0,0.0,0.0,3.0,1.0,0.0,1.0,0.0,1.0,2.0,3.0,0.0,2.0,2.0,0.0,0.0,1.0,0.0,1.0,1.0,1.0,0.0,0.0,0.0,1.0,1.0,0.0,1.0,0.0,2.0,1.0,2.0,0.0,2.0,0.0,0.0,0.0,1.0,0.0,1.0,2.0,1.0,0.0,0.0,12.0,2.0,0.0,0.0,0.0,0.0,0.0,0.0,2.0,0.0,1.0,0.0,1.0,0.0,3.0,1.0,0.0,1.0,2.0,0.0,0.0,1.0,2.0,1.0,1.0,1.0,3.0,0.0,2.0,1.0,1.0,3.0,1.0,1.0,0.0,1.0,0.0,1.0,0.0,0.0,0.0,0.0,0.0,0.0,1.0,1.0,0.0,0.0,1.0,0.0,0.0,1.0,1.0,1.0,1.0,3.0,1.0,0.0,0.0,1.0,0.0,1.0,5.0,0.0,0.0,0.0,0.0,0.0,0.0,1.0,0.0,1.0,1.0,2.0,0.0,0.0,1.0,0.0,0.0,1.0,0.0,0.0,2.0,1.0,0.0,4.0,0.0,0.0,2.0,1.0,1.0,1.0,0.0,8.0,1.0,0.0,0.0,4.0,1.0,2.0,1.0,0.0,0.0,0.0,0.0,1.0,0.0,1.0,0.0,1.0,2.0,1.0,0.0,0.0,1.0,1.0,0.0,1.0,0.0,1.0,1.0,0.0,0.0,1.0,7.0,1.0,0.0,0.0,0.0,0.0,0.0,2.0,0.0,1.0,1.0,0.0,1.0,0.0,0.0,0.0,4.0,0.0,0.0,0.0,1.0,0.0,2.0,0.0,0.0,2.0,0.0,1.0,0.0,0.0,1.0,5.0,0.0,1.0,2.0,1.0,0.0,1.0,0.0,0.0,1.0,0.0,0.0,4.0,1.0,0.0,0.0,2.0,2.0,0.0,1.0,2.0,2.0,1.0,0.0,1.0,3.0,0.0,2.0,0.0,0.0,0.0,3.0,2.0,0.0,3.0,0.0,1.0,0.0,0.0,1.0,0.0,1.0,0.0,0.0,0.0,0.0,1.0,0.0,0.0,1.0,0.0,4.0,4.0,1.0,1.0,1.0,0.0,0.0,2.0,3.0,0.0,1.0,10.0,3.0,0.0,0.0,0.0,1.0,0.0,3.0,1.0,4.0,1.0,0.0,2.0,0.0,1.0,1.0,0.0,1.0,2.0,1.0,0.0,0.0,1.0,3.0,0.0,1.0,1.0,1.0,1.0,0.0,1.0,9.0,1.0,1.0,1.0,1.0,1.0,0.0,0.0,0.0,1.0,1.0,1.0,0.0,0.0,0.0,1.0,0.0,3.0,1.0,2.0,1.0,0.0,0.0,0.0,2.0,0.0,0.0,0.0,1.0,0.0,2.0,8.0,1.0,1.0,0.0,0.0,1.0,0.0,0.0,2.0,2.0,1.0,0.0,1.0,2.0,3.0,3.0,1.0,0.0,2.0,1.0,0.0,1.0,0.0,0.0,1.0,0.0,1.0,0.0,1.0,1.0,2.0,7.0,1.0,3.0,0.0,1.0,0.0,2.0,0.0,0.0,3.0,0.0,0.0,1.0,1.0,0.0,0.0,1.0,0.0,2.0,3.0,2.0,1.0,2.0,1.0,1.0,0.0,0.0,2.0,1.0,1.0,0.0,2.0,0.0,1.0,1.0,1.0,1.0,0.0,2.0,0.0,1.0,0.0,0.0,0.0,0.0,0.0,4.0,1.0,3.0,1.0,0.0,0.0,0.0,1.0,0.0,2.0,0.0,1.0,0.0,0.0,0.0,2.0,7.0,1.0,0.0,1.0,1.0,0.0,1.0,2.0,1.0,2.0,0.0,3.0,0.0,1.0,2.0,1.0,0.0,1.0,0.0,1.0,0.0,0.0,1.0,0.0,0.0,2.0,0.0,1.0,3.0,0.0,3.0,9.0,1.0,1.0,0.0,0.0,0.0,0.0,0.0,0.0,1.0,1.0,1.0,2.0,0.0,1.0,1.0,1.0,0.0,1.0,0.0,0.0,1.0,0.0,4.0,1.0,0.0,4.0,0.0,1.0,0.0,1.0,5.0,1.0,0.0,0.0,0.0,0.0,1.0,1.0,1.0,0.0,2.0,0.0,3.0,1.0,0.0,0.0,0.0,0.0,0.0,1.0,0.0,2.0,0.0,1.0,2.0,1.0,1.0,0.0,0.0,1.0,0.0,5.0,2.0,0.0,1.0,0.0,0.0,0.0,1.0,0.0,0.0,1.0,5.0,3.0,1.0,0.0,3.0,0.0,0.0,2.0,0.0,0.0,0.0,2.0,0.0,0.0,1.0,0.0,0.0,1.0,1.0,1.0,8.0,0.0,1.0,0.0,0.0,0.0,0.0,1.0,1.0,2.0,1.0,0.0,0.0,2.0,1.0,0.0,0.0,2.0,0.0,0.0,1.0,2.0,0.0,2.0,0.0,0.0,0.0,0.0,1.0,1.0,1.0,5.0,1.0,1.0,0.0,1.0,1.0,1.0,1.0,0.0,4.0,1.0,0.0,0.0,1.0,1.0,1.0,0.0,2.0,1.0,0.0,2.0,1.0,0.0,0.0,1.0,2.0,0.0,1.0,0.0,0.0,1.0,2.0,0.0,0.0,2.0,1.0,2.0,0.0,0.0,1.0,1.0,1.0,0.0,1.0,1.0,2.0,1.0,2.0,1.0,1.0,0.0,1.0,0.0,0.0,0.0,0.0,1.0,2.0,1.0,1.0,0.0,0.0,8.0,0.0,3.0,2.0,2.0,0.0,1.0,0.0,0.0,1.0,0.0,1.0,1.0,0.0,4.0,0.0,1.0,1.0,1.0,0.0,0.0,0.0,0.0,1.0,0.0,0.0,0.0,1.0,0.0,1.0,1.0,10.0,0.0,1.0,0.0,0.0,0.0,2.0,1.0,1.0,0.0,2.0,1.0,0.0,1.0,1.0,0.0,1.0,3.0,1.0,1.0,1.0,1.0,3.0,0.0,0.0,0.0,1.0,1.0,1.0,1.0,0.0,8.0,0.0,0.0,0.0,0.0,3.0,1.0,1.0,0.0,0.0,2.0,1.0,1.0,0.0,1.0,1.0,2.0,0.0,1.0,1.0,0.0,1.0,3.0,0.0,0.0,0.0,1.0,1.0,2.0,1.0,2.0,10.0,0.0,0.0,2.0,4.0,1.0,0.0,1.0,0.0,0.0,0.0,0.0,0.0,3.0,0.0,0.0,1.0,0.0,2.0,0.0,2.0,1.0,1.0,0.0,1.0,2.0,0.0,0.0,0.0,2.0,0.0,3.0,0.0,2.0,3.0,0.0,0.0,1.0,0.0,2.0,1.0,0.0,0.0,0.0,0.0,0.0,0.0,1.0,2.0,3.0,0.0,0.0,0.0,0.0,1.0,1.0,0.0,0.0,0.0,0.0,0.0,0.0,3.0,1
302,1626.0839120578632,77858.6593,1.655085994772934,350.26309322269594,0.3669603174603175,0.17883424723424732,3.2,-0.06567359268996667,23.0,1.0,7.0,2.0,1.0,3.0,1.0,2.0,2.0,2.0,0.0,2.0,3.0,1.0,2.0,2.0,3.0,2.0,0.0,1.0,3.0,1.0,1.0,2.0,0.0,5.0,1.0,2.0,1.0,1.0,1.0,9.0,1.0,4.0,1.0,1.0,1.0,3.0,1.0,1.0,0.0,1.0,1.0,1.0,1.0,5.0,0.0,0.0,0.0,1.0,1.0,2.0,2.0,0.0,1.0,1.0,1.0,2.0,0.0,2.0,0.0,2.0,12.0,0.0,1.0,1.0,1.0,3.0,2.0,2.0,0.0,2.0,3.0,3.0,1.0,2.0,4.0,0.0,0.0,1.0,0.0,1.0,1.0,1.0,0.0,1.0,0.0,0.0,0.0,2.0,3.0,3.0,1.0,14.0,1.0,0.0,0.0,1.0,3.0,1.0,0.0,2.0,0.0,0.0,2.0,0.0,1.0,0.0,0.0,3.0,0.0,3.0,0.0,1.0,3.0,3.0,1.0,2.0,0.0,0.0,3.0,0.0,0.0,2.0,9.0,0.0,2.0,0.0,1.0,0.0,0.0,0.0,2.0,1.0,1.0,1.0,0.0,4.0,0.0,0.0,0.0,1.0,1.0,1.0,1.0,0.0,3.0,1.0,0.0,0.0,4.0,2.0,0.0,0.0,0.0,20.0,2.0,2.0,0.0,2.0,2.0,0.0,1.0,4.0,0.0,2.0,0.0,0.0,1.0,0.0,0.0,0.0,1.0,2.0,0.0,1.0,2.0,1.0,0.0,1.0,5.0,2.0,0.0,2.0,0.0,0.0,19.0,1.0,0.0,1.0,0.0,0.0,1.0,0.0,0.0,0.0,0.0,1.0,0.0,1.0,0.0,0.0,1.0,0.0,0.0,1.0,0.0,0.0,2.0,1.0,1.0,3.0,1.0,1.0,1.0,0.0,1.0,24.0,0.0,1.0,2.0,2.0,0.0,0.0,4.0,0.0,2.0,2.0,2.0,3.0,3.0,2.0,0.0,1.0,5.0,2.0,1.0,2.0,1.0,2.0,2.0,1.0,0.0,0.0,0.0,1.0,0.0,0.0,4.0,0.0,1.0,2.0,2.0,1.0,0.0,1.0,0.0,0.0,1.0,0.0,1.0,1.0,3.0,0.0,1.0,0.0,0.0,2.0,4.0,1.0,1.0,1.0,0.0,1.0,1.0,1.0,0.0,0.0,0.0,7.0,0.0,1.0,2.0,0.0,1.0,1.0,0.0,1.0,1.0,1.0,1.0,1.0,1.0,0.0,1.0,1.0,0.0,1.0,1.0,1.0,0.0,2.0,1.0,0.0,1.0,0.0,0.0,2.0,0.0,0.0,3.0,2.0,1.0,1.0,0.0,0.0,1.0,0.0,1.0,1.0,0.0,1.0,1.0,1.0,2.0,0.0,1.0,0.0,0.0,0.0,1.0,1.0,2.0,2.0,1.0,0.0,1.0,3.0,0.0,0.0,0.0,16.0,2.0,1.0,2.0,1.0,1.0,0.0,2.0,0.0,1.0,2.0,1.0,2.0,1.0,2.0,0.0,0.0,2.0,0.0,2.0,1.0,3.0,1.0,0.0,1.0,0.0,2.0,4.0,2.0,0.0,5.0,17.0,0.0,2.0,1.0,1.0,1.0,3.0,1.0,3.0,0.0,2.0,0.0,3.0,2.0,3.0,2.0,1.0,2.0,2.0,1.0,1.0,1.0,1.0,2.0,1.0,0.0,1.0,0.0,0.0,0.0,0.0,6.0,1.0,0.0,1.0,1.0,0.0,2.0,0.0,0.0,2.0,3.0,0.0,4.0,2.0,0.0,0.0,0.0,2.0,1.0,0.0,2.0,1.0,1.0,0.0,3.0,1.0,0.0,0.0,2.0,4.0,1.0,7.0,0.0,2.0,0.0,1.0,2.0,3.0,0.0,0.0,1.0,0.0,0.0,0.0,1.0,0.0,0.0,1.0,1.0,0.0,3.0,1.0,0.0,2.0,1.0,2.0,0.0,1.0,2.0,1.0,0.0,0.0,11.0,2.0,1.0,0.0,0.0,0.0,0.0,0.0,1.0,2.0,2.0,1.0,2.0,1.0,2.0,3.0,1.0,3.0,1.0,2.0,0.0,0.0,4.0,0.0,0.0,0.0,0.0,2.0,1.0,1.0,0.0,9.0,1.0,2.0,1.0,1.0,0.0,1.0,0.0,0.0,1.0,0.0,0.0,0.0,1.0,2.0,0.0,1.0,0.0,1.0,2.0,0.0,3.0,1.0,0.0,1.0,1.0,1.0,1.0,1.0,1.0,0.0,6.0,1.0,2.0,1.0,1.0,1.0,2.0,0.0,0.0,0.0,0.0,1.0,0.0,1.0,1.0,0.0,0.0,1.0,1.0,0.0,2.0,0.0,2.0,0.0,0.0,2.0,0.0,3.0,1.0,1.0,2.0,10.0,0.0,0.0,1.0,2.0,0.0,3.0,2.0,0.0,3.0,0.0,1.0,2.0,2.0,1.0,2.0,0.0,2.0,0.0,0.0,1.0,0.0,1.0,0.0,2.0,1.0,1.0,0.0,1.0,0.0,2.0,9.0,0.0,1.0,1.0,0.0,0.0,1.0,0.0,3.0,1.0,0.0,5.0,0.0,2.0,1.0,0.0,2.0,1.0,1.0,0.0,1.0,0.0,2.0,0.0,0.0,1.0,0.0,0.0,2.0,0.0,1.0,14.0,0.0,0.0,2.0,1.0,1.0,0.0,0.0,2.0,0.0,0.0,2.0,1.0,3.0,1.0,2.0,0.0,0.0,0.0,2.0,1.0,0.0,0.0,0.0,1.0,1.0,3.0,1.0,1.0,0.0,0.0,10.0,0.0,2.0,0.0,1.0,2.0,1.0,1.0,2.0,4.0,0.0,3.0,0.0,2.0,1.0,3.0,0.0,0.0,0.0,1.0,0.0,1.0,1.0,0.0,0.0,0.0,1.0,2.0,0.0,1.0,0.0,8.0,4.0,4.0,1.0,0.0,2.0,1.0,0.0,1.0,2.0,0.0,1.0,2.0,2.0,0.0,1.0,0.0,0.0,0.0,0.0,1.0,1.0,1.0,0.0,0.0,3.0,2.0,0.0,4.0,4.0,1.0,26.0,1.0,1.0,1.0,0.0,2.0,0.0,2.0,1.0,0.0,3.0,2.0,1.0,0.0,2.0,1.0,1.0,3.0,0.0,2.0,1.0,0.0,1.0,0.0,1.0,4.0,1.0,0.0,1.0,2.0,2.0,21.0,1.0,2.0,0.0,0.0,1.0,0.0,1.0,2.0,1.0,1.0,2.0,0.0,3.0,3.0,2.0,1.0,3.0,4.0,5.0,0.0,1.0,1.0,0.0,0.0,1.0,1.0,1.0,0.0,0.0,0.0,25.0,1.0,0.0,2.0,0.0,1.0,1.0,2.0,1.0,0.0,0.0,1.0,2.0,0.0,0.0,0.0,0.0,3.0,1.0,1.0,1.0,0.0,0.0,0.0,0.0,0.0,1.0,1.0,2.0,1.0,2.0,2.0,0.0,0.0,2.0,2.0,3.0,1.0,0.0,0.0,1.0,1.0,3.0,0.0,1.0,3.0,0.0,1.0,0.0,0.0,2.0,0.0,0.0,1.0,2.0,0.0,1.0,2.0,0.0,2.0,0.0,0.0,12.0,1.0,0.0,1.0,1.0,0.0,0.0,0.0,2.0,1.0,1.0,1.0,0.0,1.0,2.0,3.0,0.0,0.0,2.0,0.0,1.0,1.0,0.0,0.0,1.0,2.0,0.0,2.0,0.0,1.0,0.0,10.0,1.0,2.0,0.0,1.0,0.0,2.0,1.0,0.0,0.0,1.0,0.0,1.0,0.0,3.0,0.0,1.0,3.0,1.0,0.0,1.0,0.0,1.0,1.0,2.0,1.0,1.0,0.0,0.0,0.0,0.0,13.0,1
303,2224.002470275837,90992.09373737367,1.9944157891785639,340.5559819902676,0.2158571507056356,0.18119067053410487,3.6262626262626263,-0.13004601127688034,13.0,2.0,3.0,4.0,2.0,5.0,2.0,3.0,3.0,3.0,1.0,4.0,1.0,2.0,2.0,0.0,0.0,2.0,2.0,3.0,4.0,7.0,4.0,2.0,1.0,3.0,2.0,3.0,3.0,2.0,4.0,17.0,3.0,4.0,3.0,3.0,1.0,2.0,0.0,2.0,7.0,8.0,2.0,2.0,3.0,0.0,0.0,2.0,0.0,3.0,4.0,6.0,0.0,2.0,3.0,0.0,2.0,0.0,4.0,1.0,4.0,5.0,4.0,0.0,2.0,0.0,1.0,0.0,2.0,5.0,2.0,0.0,3.0,1.0,2.0,2.0,1.0,2.0,3.0,0.0,2.0,1.0,0.0,1.0,0.0,0.0,0.0,2.0,0.0,3.0,1.0,2.0,1.0,5.0,2.0,1.0,2.0,0.0,2.0,0.0,2.0,0.0,3.0,1.0,1.0,4.0,1.0,3.0,1.0,4.0,0.0,0.0,0.0,1.0,1.0,3.0,0.0,2.0,0.0,2.0,2.0,2.0,3.0,1.0,11.0,3.0,0.0,0.0,0.0,1.0,2.0,2.0,1.0,1.0,1.0,2.0,0.0,3.0,1.0,3.0,1.0,2.0,1.0,1.0,2.0,1.0,0.0,2.0,0.0,0.0,1.0,3.0,3.0,1.0,1.0,6.0,2.0,0.0,2.0,2.0,3.0,0.0,1.0,0.0,2.0,3.0,1.0,1.0,1.0,1.0,3.0,1.0,1.0,4.0,1.0,1.0,1.0,3.0,0.0,1.0,1.0,0.0,1.0,1.0,0.0,2.0,3.0,2.0,0.0,1.0,0.0,0.0,1.0,0.0,0.0,0.0,2.0,2.0,0.0,1.0,0.0,2.0,1.0,1.0,2.0,2.0,2.0,1.0,1.0,2.0,2.0,1.0,2.0,1.0,1.0,2.0,0.0,5.0,1.0,0.0,4.0,3.0,1.0,2.0,2.0,0.0,0.0,0.0,1.0,0.0,1.0,0.0,0.0,0.0,3.0,0.0,1.0,1.0,0.0,1.0,3.0,0.0,2.0,0.0,3.0,3.0,2.0,1.0,6.0,0.0,1.0,1.0,2.0,2.0,1.0,1.0,0.0,1.0,3.0,2.0,0.0,0.0,3.0,1.0,1.0,0.0,1.0,1.0,5.0,1.0,3.0,3.0,0.0,0.0,1.0,4.0,0.0,0.0,1.0,5.0,0.0,3.0,1.0,2.0,0.0,0.0,0.0,1.0,1.0,0.0,2.0,4.0,3.0,3.0,0.0,0.0,2.0,0.0,0.0,1.0,1.0,4.0,1.0,2.0,0.0,0.0,0.0,1.0,1.0,0.0,5.0,0.0,3.0,3.0,2.0,1.0,2.0,1.0,3.0,0.0,1.0,1.0,1.0,4.0,1.0,2.0,4.0,0.0,2.0,3.0,4.0,5.0,3.0,1.0,1.0,1.0,0.0,2.0,1.0,1.0,1.0,9.0,1.0,3.0,0.0,3.0,3.0,2.0,1.0,1.0,0.0,0.0,2.0,4.0,1.0,1.0,3.0,2.0,0.0,1.0,2.0,4.0,1.0,0.0,2.0,2.0,1.0,2.0,1.0,3.0,1.0,3.0,6.0,1.0,2.0,1.0,2.0,1.0,3.0,0.0,2.0,1.0,2.0,2.0,1.0,3.0,3.0,3.0,0.0,1.0,4.0,4.0,3.0,1.0,1.0,2.0,0.0,3.0,3.0,0.0,2.0,1.0,0.0,6.0,1.0,0.0,0.0,0.0,0.0,1.0,0.0,1.0,0.0,0.0,1.0,1.0,0.0,1.0,0.0,1.0,4.0,2.0,0.0,1.0,2.0,1.0,2.0,0.0,2.0,3.0,4.0,2.0,2.0,0.0,12.0,2.0,2.0,1.0,0.0,0.0,1.0,2.0,0.0,2.0,2.0,2.0,0.0,0.0,1.0,0.0,1.0,5.0,1.0,1.0,2.0,0.0,0.0,1.0,1.0,2.0,2.0,3.0,1.0,0.0,2.0,2.0,1.0,1.0,1.0,0.0,0.0,1.0,1.0,2.0,1.0,2.0,0.0,6.0,0.0,0.0,1.0,3.0,0.0,1.0,1.0,1.0,0.0,1.0,3.0,1.0,0.0,1.0,3.0,0.0,0.0,3.0,6.0,0.0,1.0,0.0,0.0,0.0,1.0,0.0,3.0,0.0,1.0,0.0,0.0,3.0,3.0,0.0,3.0,4.0,0.0,2.0,1.0,0.0,2.0,1.0,0.0,1.0,6.0,1.0,2.0,0.0,1.0,6.0,2.0,0.0,2.0,1.0,1.0,1.0,0.0,0.0,0.0,3.0,2.0,1.0,1.0,1.0,1.0,1.0,2.0,1.0,1.0,1.0,1.0,0.0,1.0,2.0,3.0,0.0,1.0,2.0,0.0,1.0,6.0,0.0,2.0,3.0,3.0,1.0,1.0,1.0,0.0,4.0,0.0,1.0,2.0,3.0,2.0,1.0,1.0,3.0,1.0,0.0,1.0,0.0,1.0,0.0,2.0,0.0,1.0,0.0,1.0,0.0,0.0,1.0,0.0,1.0,1.0,2.0,1.0,2.0,1.0,1.0,0.0,1.0,2.0,2.0,0.0,2.0,0.0,1.0,1.0,0.0,1.0,3.0,1.0,1.0,2.0,2.0,0.0,2.0,1.0,0.0,3.0,0.0,2.0,3.0,1.0,3.0,3.0,2.0,0.0,0.0,0.0,0.0,4.0,5.0,2.0,0.0,1.0,1.0,2.0,3.0,1.0,1.0,0.0,0.0,2.0,0.0,3.0,1.0,2.0,1.0,2.0,0.0,1.0,7.0,2.0,4.0,2.0,1.0,0.0,2.0,1.0,3.0,5.0,1.0,0.0,1.0,2.0,0.0,0.0,1.0,2.0,1.0,3.0,2.0,0.0,2.0,1.0,3.0,0.0,1.0,1.0,1.0,0.0,1.0,4.0,2.0,1.0,2.0,1.0,0.0,1.0,1.0,5.0,1.0,3.0,0.0,1.0,2.0,1.0,0.0,1.0,1.0,0.0,3.0,0.0,2.0,5.0,1.0,1.0,4.0,2.0,0.0,1.0,1.0,4.0,4.0,2.0,5.0,1.0,3.0,2.0,1.0,0.0,3.0,1.0,2.0,3.0,1.0,3.0,5.0,1.0,1.0,2.0,1.0,2.0,0.0,1.0,1.0,0.0,1.0,1.0,1.0,2.0,0.0,2.0,0.0,5.0,1.0,2.0,2.0,1.0,0.0,4.0,3.0,0.0,1.0,1.0,0.0,1.0,0.0,3.0,1.0,0.0,1.0,0.0,0.0,0.0,2.0,1.0,2.0,1.0,2.0,1.0,4.0,0.0,3.0,2.0,8.0,2.0,1.0,1.0,1.0,2.0,2.0,1.0,2.0,1.0,2.0,3.0,0.0,0.0,0.0,1.0,1.0,2.0,0.0,1.0,2.0,1.0,1.0,0.0,1.0,2.0,2.0,0.0,2.0,0.0,0.0,4.0,0.0,2.0,0.0,4.0,0.0,1.0,5.0,1.0,1.0,1.0,1.0,2.0,1.0,1.0,3.0,1.0,1.0,0.0,2.0,4.0,3.0,2.0,3.0,1.0,2.0,1.0,0.0,1.0,0.0,1.0,5.0,0.0,2.0,1.0,3.0,0.0,0.0,0.0,0.0,0.0,0.0,2.0,1.0,1.0,1.0,0.0,1.0,2.0,0.0,0.0,2.0,0.0,2.0,1.0,0.0,0.0,2.0,1.0,3.0,1.0,1.0,9.0,1.0,4.0,2.0,3.0,2.0,1.0,1.0,0.0,1.0,1.0,0.0,1.0,1.0,4.0,2.0,2.0,0.0,0.0,1.0,0.0,0.0,2.0,0.0,1.0,3.0,2.0,0.0,0.0,1.0,0.0,2.0,1
69,1731.3260386333498,84385.04361111109,1.7856483494401456,526.2354083964519,0.2819574561241228,0.1216664868053757,3.7111111111111112,0.011706191027911905,14.0,1.0,4.0,2.0,1.0,1.0,4.0,0.0,3.0,1.0,0.0,2.0,5.0,2.0,2.0,6.0,2.0,2.0,4.0,1.0,2.0,5.0,2.0,1.0,1.0,3.0,1.0,2.0,2.0,2.0,5.0,8.0,1.0,1.0,1.0,2.0,3.0,0.0,2.0,3.0,2.0,0.0,0.0,1.0,0.0,2.0,0.0,0.0,1.0,3.0,0.0,4.0,0.0,1.0,1.0,0.0,2.0,2.0,0.0,1.0,4.0,2.0,12.0,0.0,1.0,2.0,1.0,2.0,1.0,2.0,0.0,1.0,4.0,1.0,2.0,1.0,1.0,0.0,0.0,2.0,0.0,0.0,2.0,0.0,1.0,1.0,1.0,1.0,1.0,1.0,3.0,3.0,0.0,9.0,1.0,1.0,0.0,0.0,1.0,1.0,2.0,0.0,2.0,1.0,2.0,4.0,1.0,0.0,3.0,1.0,0.0,0.0,1.0,0.0,2.0,0.0,1.0,0.0,0.0,0.0,0.0,1.0,0.0,0.0,2.0,0.0,0.0,0.0,0.0,0.0,1.0,0.0,2.0,1.0,0.0,1.0,1.0,0.0,0.0,0.0,0.0,0.0,0.0,1.0,2.0,1.0,1.0,2.0,0.0,2.0,3.0,2.0,0.0,0.0,0.0,4.0,1.0,1.0,1.0,2.0,1.0,0.0,1.0,2.0,0.0,2.0,0.0,1.0,0.0,0.0,1.0,0.0,0.0,0.0,0.0,2.0,0.0,1.0,0.0,0.0,2.0,4.0,1.0,0.0,0.0,2.0,4.0,0.0,0.0,0.0,1.0,0.0,1.0,2.0,0.0,1.0,0.0,0.0,0.0,1.0,1.0,1.0,1.0,0.0,0.0,0.0,1.0,0.0,0.0,0.0,3.0,1.0,1.0,3.0,1.0,1.0,0.0,4.0,0.0,0.0,0.0,0.0,0.0,2.0,1.0,0.0,1.0,0.0,0.0,0.0,2.0,2.0,1.0,0.0,2.0,1.0,3.0,0.0,0.0,2.0,2.0,0.0,1.0,0.0,0.0,0.0,0.0,1.0,5.0,1.0,0.0,0.0,2.0,1.0,0.0,0.0,0.0,2.0,0.0,1.0,2.0,1.0,1.0,0.0,2.0,1.0,3.0,0.0,2.0,0.0,0.0,3.0,1.0,2.0,0.0,0.0,0.0,0.0,0.0,9.0,1.0,1.0,1.0,1.0,2.0,1.0,0.0,1.0,0.0,3.0,4.0,2.0,0.0,1.0,2.0,1.0,0.0,1.0,0.0,1.0,2.0,1.0,2.0,1.0,1.0,0.0,0.0,0.0,1.0,1.0,2.0,0.0,2.0,1.0,1.0,1.0,0.0,0.0,0.0,1.0,1.0,0.0,1.0,0.0,1.0,0.0,2.0,2.0,0.0,2.0,2.0,1.0,2.0,1.0,0.0,0.0,0.0,0.0,0.0,1.0,1.0,4.0,0.0,3.0,0.0,1.0,1.0,0.0,0.0,0.0,1.0,1.0,0.0,0.0,0.0,0.0,0.0,1.0,1.0,1.0,2.0,1.0,0.0,3.0,1.0,1.0,1.0,2.0,3.0,2.0,1.0,1.0,23.0,2.0,1.0,2.0,3.0,3.0,0.0,3.0,0.0,1.0,0.0,3.0,3.0,1.0,2.0,4.0,0.0,3.0,0.0,0.0,3.0,0.0,0.0,1.0,2.0,4.0,1.0,1.0,2.0,0.0,1.0,8.0,1.0,0.0,0.0,2.0,3.0,0.0,1.0,0.0,0.0,1.0,1.0,1.0,1.0,3.0,2.0,0.0,3.0,1.0,1.0,0.0,0.0,0.0,1.0,0.0,0.0,0.0,0.0,2.0,3.0,0.0,10.0,0.0,1.0,1.0,1.0,1.0,0.0,0.0,1.0,1.0,0.0,3.0,0.0,3.0,0.0,0.0,5.0,0.0,1.0,0.0,0.0,2.0,0.0,3.0,3.0,3.0,3.0,1.0,1.0,1.0,0.0,10.0,2.0,1.0,0.0,1.0,0.0,0.0,0.0,4.0,0.0,2.0,2.0,1.0,1.0,2.0,2.0,1.0,1.0,1.0,1.0,1.0,1.0,0.0,1.0,0.0,0.0,1.0,2.0,1.0,0.0,1.0,3.0,1.0,0.0,0.0,1.0,1.0,0.0,0.0,0.0,0.0,1.0,1.0,1.0,1.0,3.0,0.0,0.0,2.0,1.0,0.0,0.0,0.0,0.0,2.0,1.0,1.0,2.0,0.0,0.0,0.0,0.0,6.0,0.0,2.0,1.0,0.0,0.0,0.0,2.0,2.0,4.0,1.0,1.0,0.0,3.0,1.0,0.0,3.0,1.0,0.0,1.0,2.0,0.0,0.0,0.0,1.0,0.0,2.0,0.0,2.0,0.0,0.0,2.0,0.0,0.0,0.0,1.0,0.0,3.0,0.0,0.0,0.0,0.0,1.0,4.0,3.0,3.0,1.0,0.0,2.0,0.0,1.0,0.0,1.0,0.0,1.0,2.0,0.0,0.0,0.0,1.0,0.0,0.0,6.0,2.0,0.0,0.0,1.0,2.0,0.0,0.0,3.0,2.0,0.0,1.0,2.0,2.0,1.0,0.0,0.0,1.0,1.0,0.0,2.0,4.0,0.0,1.0,0.0,2.0,2.0,0.0,3.0,0.0,2.0,5.0,1.0,1.0,0.0,0.0,1.0,4.0,0.0,0.0,0.0,0.0,2.0,0.0,1.0,0.0,0.0,0.0,0.0,0.0,0.0,0.0,0.0,1.0,0.0,2.0,1.0,1.0,0.0,1.0,0.0,4.0,2.0,0.0,2.0,0.0,3.0,0.0,3.0,1.0,2.0,2.0,0.0,1.0,2.0,0.0,0.0,0.0,0.0,0.0,0.0,0.0,0.0,1.0,1.0,0.0,1.0,1.0,0.0,1.0,1.0,2.0,0.0,1.0,1.0,0.0,1.0,0.0,0.0,0.0,0.0,0.0,2.0,2.0,0.0,0.0,0.0,0.0,0.0,1.0,0.0,1.0,0.0,1.0,1.0,2.0,4.0,1.0,1.0,0.0,0.0,1.0,0.0,0.0,6.0,0.0,1.0,0.0,0.0,2.0,1.0,0.0,1.0,2.0,2.0,2.0,0.0,1.0,1.0,1.0,1.0,1.0,0.0,2.0,1.0,0.0,1.0,0.0,1.0,2.0,2.0,1.0,1.0,2.0,0.0,7.0,1.0,2.0,0.0,0.0,0.0,1.0,1.0,2.0,0.0,3.0,2.0,1.0,3.0,0.0,0.0,1.0,0.0,3.0,0.0,1.0,2.0,1.0,2.0,1.0,1.0,1.0,0.0,0.0,0.0,1.0,7.0,0.0,1.0,0.0,2.0,1.0,1.0,2.0,1.0,0.0,1.0,0.0,4.0,3.0,1.0,1.0,1.0,3.0,1.0,2.0,1.0,1.0,1.0,0.0,1.0,1.0,1.0,1.0,1.0,0.0,1.0,11.0,0.0,2.0,2.0,3.0,1.0,2.0,2.0,1.0,1.0,0.0,1.0,0.0,2.0,0.0,1.0,4.0,0.0,2.0,0.0,1.0,2.0,2.0,0.0,1.0,0.0,0.0,1.0,1.0,3.0,2.0,10.0,0.0,0.0,1.0,1.0,0.0,0.0,0.0,2.0,1.0,0.0,1.0,0.0,0.0,0.0,1.0,2.0,0.0,1.0,0.0,0.0,1.0,1.0,0.0,0.0,0.0,2.0,1.0,0.0,0.0,1.0,5.0,2.0,7.0,1.0,0.0,1.0,0.0,0.0,0.0,1.0,0.0,2.0,0.0,4.0,1.0,1.0,0.0,1.0,1.0,1.0,1.0,1.0,1.0,3.0,0.0,0.0,0.0,0.0,1.0,0.0,0.0,8.0,0
88,1976.7512010579658,102772.94640625005,1.8819930897525572,296.99845883972483,0.2629559098309099,0.19026495109828448,3.2395833333333335,-0.07589186845978547,7.0,1.0,3.0,1.0,1.0,4.0,0.0,3.0,0.0,0.0,3.0,2.0,3.0,3.0,0.0,1.0,0.0,2.0,1.0,1.0,1.0,1.0,0.0,3.0,2.0,0.0,1.0,5.0,3.0,3.0,0.0,19.0,2.0,3.0,4.0,4.0,0.0,0.0,2.0,2.0,1.0,2.0,0.0,3.0,0.0,4.0,3.0,3.0,8.0,3.0,6.0,0.0,1.0,1.0,2.0,2.0,0.0,4.0,3.0,3.0,2.0,2.0,15.0,0.0,0.0,4.0,0.0,1.0,1.0,1.0,0.0,0.0,0.0,1.0,2.0,1.0,2.0,2.0,2.0,2.0,2.0,3.0,1.0,2.0,1.0,3.0,1.0,0.0,1.0,0.0,2.0,3.0,1.0,16.0,1.0,3.0,0.0,2.0,3.0,2.0,1.0,1.0,1.0,2.0,1.0,2.0,5.0,2.0,0.0,0.0,1.0,3.0,4.0,2.0,4.0,2.0,0.0,0.0,0.0,0.0,2.0,3.0,0.0,1.0,12.0,2.0,1.0,0.0,0.0,4.0,1.0,0.0,1.0,5.0,1.0,0.0,1.0,0.0,0.0,0.0,1.0,3.0,1.0,1.0,1.0,3.0,1.0,0.0,0.0,1.0,2.0,4.0,1.0,3.0,1.0,16.0,3.0,3.0,3.0,4.0,0.0,2.0,3.0,1.0,1.0,0.0,2.0,4.0,2.0,1.0,0.0,1.0,0.0,0.0,2.0,2.0,1.0,3.0,1.0,0.0,2.0,3.0,0.0,0.0,0.0,2.0,3.0,1.0,0.0,0.0,1.0,1.0,2.0,0.0,1.0,1.0,1.0,1.0,0.0,0.0,1.0,0.0,0.0,0.0,0.0,1.0,1.0,1.0,1.0,1.0,1.0,4.0,0.0,2.0,1.0,1.0,0.0,10.0,0.0,1.0,1.0,2.0,8.0,0.0,0.0,0.0,0.0,0.0,1.0,1.0,0.0,1.0,1.0,1.0,3.0,1.0,2.0,1.0,0.0,2.0,1.0,0.0,0.0,3.0,1.0,4.0,0.0,0.0,11.0,0.0,2.0,0.0,0.0,1.0,0.0,0.0,0.0,1.0,1.0,1.0,2.0,1.0,1.0,1.0,1.0,0.0,1.0,0.0,2.0,1.0,3.0,4.0,0.0,0.0,1.0,3.0,1.0,2.0,0.0,8.0,0.0,1.0,3.0,3.0,1.0,1.0,0.0,0.0,1.0,2.0,0.0,0.0,1.0,3.0,1.0,1.0,4.0,2.0,1.0,0.0,1.0,2.0,1.0,1.0,1.0,0.0,0.0,0.0,1.0,3.0,22.0,2.0,1.0,1.0,3.0,1.0,2.0,1.0,0.0,0.0,1.0,1.0,1.0,4.0,1.0,1.0,0.0,4.0,0.0,1.0,2.0,4.0,4.0,0.0,0.0,2.0,1.0,0.0,0.0,4.0,1.0,7.0,1.0,0.0,3.0,1.0,0.0,0.0,0.0,1.0,0.0,2.0,1.0,1.0,2.0,2.0,0.0,0.0,3.0,1.0,1.0,2.0,1.0,4.0,2.0,4.0,0.0,3.0,1.0,5.0,1.0,0.0,9.0,0.0,1.0,1.0,2.0,3.0,1.0,1.0,1.0,1.0,2.0,1.0,0.0,2.0,2.0,0.0,1.0,3.0,5.0,4.0,2.0,2.0,2.0,2.0,1.0,1.0,1.0,1.0,1.0,3.0,3.0,7.0,0.0,0.0,1.0,1.0,0.0,0.0,0.0,1.0,0.0,2.0,0.0,3.0,1.0,1.0,1.0,0.0,2.0,1.0,3.0,0.0,0.0,1.0,0.0,1.0,2.0,0.0,1.0,0.0,1.0,1.0,13.0,0.0,0.0,1.0,1.0,0.0,0.0,3.0,2.0,1.0,0.0,1.0,0.0,1.0,3.0,2.0,3.0,0.0,1.0,1.0,1.0,1.0,0.0,1.0,1.0,0.0,3.0,1.0,0.0,1.0,0.0,5.0,0.0,1.0,0.0,0.0,1.0,0.0,2.0,1.0,1.0,5.0,1.0,1.0,1.0,3.0,1.0,1.0,6.0,3.0,0.0,0.0,0.0,0.0,1.0,0.0,1.0,0.0,1.0,0.0,0.0,2.0,11.0,0.0,1.0,0.0,0.0,0.0,0.0,4.0,0.0,2.0,1.0,3.0,0.0,3.0,2.0,5.0,0.0,1.0,2.0,0.0,6.0,3.0,0.0,1.0,2.0,1.0,2.0,2.0,0.0,0.0,0.0,8.0,1.0,1.0,1.0,0.0,0.0,1.0,0.0,0.0,1.0,0.0,1.0,1.0,1.0,3.0,1.0,2.0,1.0,0.0,1.0,2.0,0.0,3.0,0.0,0.0,1.0,2.0,0.0,4.0,1.0,0.0,6.0,0.0,0.0,1.0,0.0,0.0,0.0,0.0,0.0,2.0,1.0,5.0,1.0,2.0,1.0,1.0,1.0,1.0,0.0,0.0,1.0,1.0,1.0,0.0,1.0,0.0,1.0,1.0,0.0,1.0,1.0,1.0,0.0,0.0,1.0,0.0,2.0,1.0,1.0,0.0,2.0,1.0,2.0,2.0,0.0,0.0,2.0,0.0,0.0,0.0,2.0,0.0,3.0,1.0,0.0,0.0,1.0,1.0,1.0,2.0,1.0,1.0,6.0,0.0,0.0,1.0,1.0,1.0,0.0,2.0,3.0,1.0,1.0,2.0,0.0,4.0,1.0,1.0,0.0,1.0,1.0,0.0,1.0,2.0,1.0,1.0,2.0,0.0,0.0,1.0,0.0,0.0,0.0,18.0,2.0,2.0,1.0,1.0,1.0,1.0,1.0,1.0,1.0,1.0,1.0,2.0,3.0,1.0,0.0,1.0,2.0,0.0,1.0,1.0,1.0,2.0,0.0,0.0,1.0,1.0,0.0,0.0,0.0,0.0,4.0,1.0,3.0,1.0,3.0,1.0,0.0,0.0,2.0,2.0,0.0,0.0,2.0,0.0,2.0,0.0,0.0,1.0,4.0,2.0,2.0,4.0,1.0,1.0,1.0,2.0,0.0,1.0,3.0,0.0,0.0,8.0,0.0,3.0,1.0,2.0,1.0,0.0,1.0,1.0,3.0,4.0,0.0,3.0,0.0,1.0,0.0,0.0,0.0,1.0,2.0,1.0,3.0,1.0,2.0,0.0,0.0,2.0,1.0,1.0,4.0,0.0,9.0,0.0,1.0,1.0,0.0,0.0,5.0,2.0,3.0,2.0,0.0,2.0,2.0,4.0,1.0,3.0,1.0,1.0,3.0,0.0,0.0,1.0,0.0,0.0,2.0,1.0,1.0,2.0,1.0,1.0,2.0,14.0,1.0,0.0,1.0,0.0,0.0,1.0,0.0,2.0,1.0,1.0,0.0,2.0,0.0,0.0,2.0,2.0,0.0,2.0,0.0,1.0,3.0,1.0,4.0,1.0,1.0,1.0,1.0,0.0,0.0,0.0,5.0,0.0,0.0,2.0,1.0,3.0,0.0,4.0,2.0,1.0,1.0,1.0,0.0,1.0,1.0,3.0,0.0,1.0,2.0,1.0,2.0,1.0,1.0,2.0,0.0,1.0,0.0,1.0,2.0,3.0,0.0,8.0,0.0,0.0,0.0,2.0,2.0,1.0,2.0,2.0,1.0,1.0,0.0,0.0,1.0,4.0,2.0,2.0,2.0,2.0,0.0,2.0,1.0,0.0,1.0,0.0,1.0,1.0,1.0,0.0,1.0,0.0,9.0,1.0,1.0,2.0,1.0,1.0,1.0,1.0,2.0,1.0,2.0,2.0,0.0,1.0,3.0,0.0,2.0,3.0,0.0,1.0,1.0,1.0,3.0,1.0,0.0,1.0,0.0,1.0,1.0,0.0,2.0,17.0,0
230,756.4334172863705,22668.82348484849,1.1170595428108043,595.8480806366618,0.5870133514072908,0.20973691945914166,1.9393939393939394,-0.1609134543217723,14.0,1.0,1.0,1.0,0.0,0.0,4.0,1.0,0.0,1.0,2.0,0.0,4.0,2.0,0.0,1.0,1.0,0.0,3.0,2.0,1.0,2.0,5.0,3.0,1.0,1.0,1.0,3.0,1.0,0.0,1.0,10.0,2.0,1.0,1.0,1.0,0.0,1.0,1.0,1.0,2.0,3.0,1.0,0.0,3.0,1.0,2.0,2.0,1.0,1.0,1.0,4.0,1.0,1.0,1.0,0.0,1.0,0.0,1.0,2.0,3.0,0.0,13.0,1.0,1.0,0.0,0.0,0.0,0.0,0.0,0.0,0.0,0.0,1.0,1.0,1.0,0.0,1.0,0.0,1.0,2.0,0.0,3.0,0.0,0.0,2.0,2.0,0.0,0.0,0.0,1.0,1.0,0.0,25.0,2.0,0.0,0.0,0.0,0.0,1.0,1.0,1.0,0.0,1.0,2.0,2.0,0.0,3.0,0.0,1.0,0.0,3.0,1.0,1.0,2.0,0.0,0.0,0.0,1.0,1.0,0.0,3.0,1.0,2.0,6.0,0.0,0.0,0.0,0.0,0.0,0.0,1.0,2.0,0.0,1.0,0.0,1.0,0.0,1.0,0.0,1.0,3.0,0.0,0.0,0.0,2.0,0.0,0.0,0.0,0.0,0.0,1.0,0.0,0.0,0.0,7.0,0.0,0.0,0.0,0.0,1.0,0.0,3.0,0.0,0.0,0.0,1.0,1.0,0.0,2.0,0.0,0.0,0.0,0.0,1.0,0.0,2.0,0.0,0.0,0.0,2.0,1.0,0.0,0.0,0.0,0.0,6.0,1.0,0.0,1.0,1.0,0.0,0.0,0.0,0.0,0.0,0.0,0.0,0.0,1.0,0.0,1.0,1.0,0.0,1.0,1.0,1.0,1.0,0.0,0.0,0.0,1.0,1.0,0.0,0.0,0.0,0.0,8.0,0.0,0.0,0.0,0.0,2.0,1.0,0.0,0.0,0.0,1.0,1.0,0.0,1.0,0.0,0.0,1.0,2.0,0.0,0.0,1.0,0.0,0.0,2.0,0.0,0.0,0.0,0.0,0.0,0.0,0.0,8.0,0.0,0.0,1.0,3.0,0.0,1.0,1.0,0.0,0.0,0.0,0.0,0.0,0.0,3.0,2.0,1.0,1.0,2.0,0.0,2.0,0.0,2.0,1.0,1.0,0.0,0.0,0.0,0.0,0.0,1.0,7.0,0.0,2.0,0.0,0.0,2.0,1.0,0.0,1.0,0.0,0.0,0.0,0.0,2.0,0.0,0.0,0.0,1.0,0.0,1.0,0.0,1.0,3.0,0.0,1.0,1.0,1.0,0.0,0.0,2.0,0.0,6.0,1.0,0.0,1.0,0.0,1.0,1.0,0.0,0.0,1.0,1.0,0.0,1.0,1.0,1.0,0.0,0.0,0.0,1.0,0.0,1.0,1.0,0.0,0.0,0.0,1.0,0.0,0.0,2.0,2.0,0.0,12.0,0.0,0.0,0.0,0.0,2.0,0.0,1.0,3.0,0.0,1.0,2.0,2.0,1.0,0.0,0.0,0.0,1.0,0.0,2.0,1.0,1.0,0.0,2.0,1.0,1.0,1.0,6.0,2.0,1.0,0.0,15.0,0.0,2.0,1.0,1.0,2.0,2.0,2.0,1.0,0.0,0.0,0.0,1.0,0.0,1.0,0.0,0.0,2.0,2.0,1.0,0.0,0.0,1.0,0.0,0.0,0.0,1.0,0.0,0.0,0.0,1.0,15.0,0.0,0.0,1.0,1.0,1.0,0.0,1.0,0.0,1.0,0.0,0.0,2.0,1.0,1.0,0.0,0.0,2.0,3.0,2.0,1.0,1.0,0.0,0.0,0.0,0.0,0.0,1.0,0.0,1.0,0.0,13.0,0.0,0.0,2.0,1.0,1.0,1.0,0.0,0.0,1.0,0.0,0.0,0.0,2.0,3.0,0.0,0.0,1.0,0.0,2.0,0.0,0.0,1.0,0.0,0.0,1.0,0.0,1.0,2.0,0.0,0.0,7.0,0.0,0.0,3.0,1.0,2.0,0.0,0.0,0.0,1.0,1.0,0.0,1.0,0.0,1.0,1.0,0.0,0.0,0.0,1.0,0.0,0.0,0.0,1.0,0.0,0.0,0.0,3.0,1.0,0.0,0.0,19.0,0.0,0.0,0.0,0.0,0.0,1.0,3.0,0.0,1.0,1.0,0.0,0.0,0.0,2.0,1.0,0.0,6.0,0.0,2.0,0.0,0.0,0.0,0.0,0.0,0.0,3.0,0.0,0.0,0.0,0.0,8.0,0.0,0.0,1.0,1.0,0.0,1.0,1.0,0.0,1.0,1.0,0.0,2.0,2.0,0.0,0.0,2.0,0.0,0.0,2.0,0.0,0.0,2.0,0.0,0.0,2.0,2.0,2.0,0.0,1.0,0.0,5.0,1.0,1.0,1.0,0.0,0.0,0.0,1.0,2.0,0.0,0.0,1.0,4.0,2.0,0.0,1.0,1.0,3.0,1.0,1.0,0.0,0.0,0.0,3.0,0.0,1.0,0.0,1.0,0.0,0.0,0.0,9.0,0.0,0.0,1.0,0.0,1.0,1.0,0.0,1.0,0.0,0.0,0.0,2.0,1.0,0.0,0.0,1.0,0.0,1.0,0.0,0.0,3.0,0.0,0.0,0.0,1.0,1.0,0.0,1.0,1.0,0.0,11.0,0.0,1.0,1.0,1.0,1.0,2.0,1.0,0.0,0.0,1.0,1.0,0.0,1.0,2.0,0.0,0.0,2.0,1.0,0.0,1.0,1.0,1.0,1.0,2.0,2.0,1.0,0.0,2.0,1.0,0.0,4.0,0.0,1.0,0.0,0.0,0.0,1.0,0.0,1.0,3.0,2.0,1.0,1.0,2.0,0.0,0.0,1.0,1.0,0.0,0.0,0.0,2.0,0.0,0.0,0.0,0.0,0.0,1.0,0.0,0.0,1.0,11.0,2.0,1.0,1.0,1.0,3.0,0.0,2.0,1.0,2.0,1.0,0.0,0.0,0.0,2.0,0.0,0.0,0.0,0.0,2.0,1.0,0.0,2.0,1.0,0.0,2.0,0.0,1.0,3.0,2.0,0.0,18.0,2.0,0.0,0.0,1.0,0.0,0.0,0.0,3.0,0.0,4.0,1.0,1.0,0.0,0.0,2.0,0.0,1.0,2.0,0.0,1.0,0.0,2.0,0.0,1.0,0.0,0.0,0.0,0.0,0.0,0.0,15.0,0.0,3.0,0.0,1.0,0.0,0.0,0.0,2.0,1.0,2.0,1.0,0.0,1.0,0.0,0.0,0.0,1.0,0.0,1.0,0.0,0.0,0.0,0.0,2.0,0.0,0.0,1.0,0.0,2.0,1.0,7.0,0.0,0.0,0.0,1.0,2.0,2.0,3.0,0.0,0.0,0.0,0.0,0.0,1.0,1.0,2.0,0.0,0.0,1.0,0.0,0.0,0.0,2.0,0.0,2.0,1.0,1.0,0.0,1.0,2.0,0.0,17.0,1.0,0.0,0.0,4.0,2.0,0.0,0.0,0.0,0.0,0.0,1.0,0.0,2.0,2.0,1.0,0.0,0.0,3.0,0.0,1.0,1.0,0.0,0.0,0.0,2.0,0.0,0.0,0.0,0.0,0.0,7.0,0.0,0.0,1.0,0.0,1.0,0.0,0.0,0.0,0.0,1.0,0.0,1.0,1.0,0.0,0.0,1.0,0.0,1.0,0.0,0.0,2.0,1.0,0.0,0.0,0.0,0.0,0.0,1.0,0.0,0.0,3.0,1.0,2.0,1.0,1.0,0.0,0.0,0.0,2.0,0.0,0.0,0.0,0.0,0.0,2.0,0.0,0.0,1.0,0.0,1.0,0.0,0.0,1.0,0.0,2.0,0.0,0.0,0.0,0.0,1.0,0.0,5.0,1
244,1564.3717071612011,77816.0505851064,1.7266017802235527,350.8798994308719,0.2950038141527503,0.1785619788013405,3.5851063829787235,-0.02843319779576293,7.0,1.0,3.0,3.0,3.0,1.0,3.0,3.0,2.0,2.0,1.0,1.0,1.0,1.0,1.0,1.0,1.0,1.0,1.0,3.0,2.0,3.0,0.0,0.0,1.0,2.0,1.0,0.0,3.0,2.0,1.0,19.0,4.0,2.0,1.0,0.0,2.0,3.0,1.0,3.0,1.0,1.0,2.0,2.0,1.0,0.0,1.0,0.0,0.0,1.0,3.0,0.0,1.0,3.0,0.0,0.0,0.0,2.0,1.0,1.0,4.0,4.0,14.0,0.0,2.0,0.0,2.0,2.0,1.0,0.0,0.0,3.0,2.0,2.0,2.0,1.0,4.0,1.0,2.0,1.0,2.0,0.0,1.0,0.0,0.0,0.0,0.0,0.0,0.0,1.0,3.0,2.0,1.0,12.0,1.0,1.0,0.0,2.0,0.0,0.0,0.0,0.0,1.0,0.0,3.0,0.0,3.0,0.0,0.0,3.0,2.0,0.0,1.0,2.0,3.0,1.0,1.0,0.0,1.0,1.0,1.0,2.0,0.0,1.0,16.0,1.0,2.0,0.0,0.0,1.0,2.0,2.0,2.0,2.0,2.0,0.0,2.0,3.0,0.0,1.0,0.0,2.0,0.0,2.0,1.0,1.0,2.0,0.0,2.0,1.0,2.0,1.0,0.0,0.0,2.0,6.0,0.0,0.0,0.0,0.0,1.0,2.0,2.0,0.0,1.0,0.0,0.0,0.0,0.0,1.0,0.0,1.0,1.0,2.0,0.0,1.0,0.0,0.0,2.0,0.0,3.0,1.0,0.0,2.0,1.0,0.0,14.0,0.0,0.0,0.0,2.0,0.0,0.0,3.0,0.0,1.0,0.0,0.0,2.0,2.0,2.0,0.0,2.0,2.0,0.0,0.0,1.0,2.0,3.0,0.0,0.0,3.0,0.0,2.0,0.0,0.0,0.0,18.0,1.0,2.0,2.0,1.0,3.0,0.0,1.0,1.0,3.0,1.0,2.0,2.0,1.0,1.0,0.0,1.0,0.0,2.0,0.0,1.0,1.0,0.0,2.0,1.0,1.0,2.0,2.0,0.0,0.0,3.0,15.0,0.0,1.0,0.0,1.0,2.0,1.0,1.0,2.0,2.0,3.0,2.0,0.0,2.0,1.0,2.0,1.0,0.0,2.0,0.0,0.0,0.0,4.0,1.0,1.0,0.0,0.0,2.0,0.0,0.0,0.0,6.0,0.0,0.0,1.0,0.0,0.0,0.0,0.0,1.0,0.0,2.0,0.0,1.0,0.0,1.0,0.0,1.0,1.0,0.0,1.0,1.0,3.0,1.0,0.0,1.0,1.0,1.0,0.0,0.0,1.0,1.0,10.0,3.0,1.0,0.0,0.0,2.0,0.0,0.0,2.0,1.0,0.0,1.0,2.0,5.0,0.0,0.0,0.0,2.0,1.0,0.0,2.0,2.0,6.0,1.0,1.0,0.0,1.0,1.0,1.0,0.0,1.0,17.0,0.0,1.0,0.0,2.0,0.0,0.0,0.0,0.0,2.0,2.0,3.0,2.0,0.0,0.0,1.0,3.0,2.0,0.0,1.0,0.0,3.0,1.0,0.0,1.0,2.0,1.0,2.0,1.0,3.0,0.0,9.0,3.0,1.0,2.0,0.0,1.0,2.0,1.0,1.0,1.0,0.0,1.0,0.0,1.0,1.0,1.0,2.0,0.0,1.0,1.0,2.0,0.0,2.0,0.0,0.0,1.0,0.0,0.0,2.0,1.0,2.0,14.0,0.0,0.0,0.0,1.0,2.0,1.0,1.0,0.0,0.0,2.0,1.0,0.0,0.0,0.0,0.0,0.0,1.0,0.0,1.0,1.0,3.0,0.0,1.0,1.0,1.0,0.0,1.0,0.0,2.0,0.0,11.0,0.0,0.0,0.0,0.0,2.0,1.0,0.0,2.0,4.0,1.0,0.0,1.0,2.0,3.0,0.0,1.0,3.0,0.0,0.0,0.0,2.0,2.0,0.0,1.0,0.0,2.0,2.0,0.0,0.0,1.0,7.0,1.0,1.0,1.0,2.0,0.0,0.0,1.0,0.0,1.0,0.0,0.0,1.0,1.0,1.0,3.0,0.0,2.0,3.0,2.0,1.0,1.0,1.0,1.0,0.0,0.0,0.0,1.0,1.0,1.0,1.0,20.0,0.0,2.0,0.0,2.0,1.0,1.0,0.0,3.0,0.0,1.0,1.0,0.0,1.0,3.0,2.0,0.0,0.0,2.0,1.0,1.0,0.0,0.0,1.0,0.0,0.0,1.0,0.0,1.0,0.0,0.0,6.0,1.0,1.0,2.0,0.0,0.0,0.0,0.0,2.0,2.0,1.0,2.0,1.0,1.0,2.0,1.0,0.0,0.0,1.0,2.0,4.0,1.0,0.0,0.0,1.0,2.0,0.0,1.0,1.0,4.0,1.0,12.0,1.0,0.0,2.0,2.0,0.0,2.0,0.0,2.0,2.0,2.0,0.0,1.0,4.0,2.0,0.0,3.0,2.0,1.0,3.0,1.0,0.0,1.0,1.0,1.0,0.0,3.0,2.0,1.0,0.0,3.0,16.0,0.0,1.0,0.0,2.0,2.0,0.0,1.0,1.0,2.0,1.0,3.0,1.0,0.0,2.0,2.0,1.0,0.0,1.0,2.0,1.0,0.0,4.0,0.0,0.0,4.0,1.0,0.0,3.0,2.0,0.0,17.0,0.0,0.0,1.0,2.0,0.0,1.0,1.0,1.0,1.0,0.0,0.0,2.0,0.0,0.0,0.0,0.0,1.0,2.0,0.0,1.0,0.0,0.0,1.0,1.0,0.0,2.0,0.0,1.0,0.0,3.0,6.0,0.0,3.0,1.0,2.0,1.0,1.0,1.0,0.0,1.0,0.0,3.0,2.0,0.0,2.0,1.0,0.0,3.0,0.0,2.0,1.0,3.0,0.0,1.0,1.0,1.0,0.0,1.0,1.0,2.0,0.0,8.0,0.0,1.0,1.0,0.0,0.0,0.0,1.0,1.0,1.0,0.0,4.0,3.0,2.0,2.0,1.0,4.0,0.0,0.0,0.0,0.0,0.0,0.0,1.0,2.0,2.0,0.0,2.0,3.0,2.0,4.0,20.0,0.0,0.0,3.0,3.0,1.0,1.0,0.0,1.0,1.0,2.0,0.0,0.0,1.0,0.0,2.0,2.0,0.0,2.0,2.0,0.0,0.0,1.0,0.0,0.0,0.0,2.0,0.0,0.0,1.0,0.0,18.0,1.0,1.0,0.0,1.0,1.0,2.0,0.0,1.0,1.0,1.0,0.0,0.0,0.0,0.0,0.0,0.0,2.0,0.0,1.0,0.0,1.0,2.0,0.0,0.0,0.0,3.0,0.0,1.0,0.0,0.0,10.0,0.0,0.0,0.0,0.0,2.0,0.0,0.0,0.0,1.0,0.0,4.0,1.0,5.0,1.0,0.0,0.0,0.0,1.0,0.0,2.0,0.0,1.0,1.0,1.0,2.0,1.0,0.0,1.0,0.0,0.0,10.0,1.0,0.0,1.0,0.0,1.0,1.0,1.0,1.0,0.0,0.0,1.0,0.0,2.0,2.0,2.0,2.0,0.0,2.0,1.0,0.0,2.0,2.0,2.0,0.0,0.0,2.0,3.0,0.0,0.0,0.0,12.0,1.0,0.0,0.0,2.0,0.0,1.0,1.0,0.0,0.0,1.0,1.0,1.0,2.0,3.0,1.0,0.0,0.0,0.0,2.0,2.0,5.0,3.0,0.0,1.0,1.0,2.0,1.0,0.0,2.0,2.0,21.0,0.0,1.0,0.0,2.0,0.0,0.0,0.0,1.0,0.0,1.0,0.0,2.0,2.0,0.0,0.0,0.0,1.0,0.0,1.0,0.0,1.0,0.0,1.0,1.0,1.0,0.0,0.0,0.0,1.0,0.0,5.0,1
226,1383.0512245675154,58217.92668750002,1.7191582327901167,558.8042616156309,0.30851232101232096,0.13440636100011097,3.4875,-0.11461666872502052,10.0,2.0,3.0,3.0,2.0,3.0,1.0,1.0,2.0,2.0,2.0,0.0,3.0,0.0,1.0,1.0,2.0,2.0,3.0,1.0,0.0,1.0,0.0,0.0,0.0,3.0,4.0,0.0,0.0,1.0,0.0,10.0,2.0,0.0,1.0,0.0,1.0,0.0,2.0,0.0,2.0,2.0,0.0,2.0,1.0,2.0,2.0,2.0,2.0,1.0,5.0,3.0,0.0,3.0,2.0,2.0,2.0,0.0,1.0,0.0,0.0,2.0,6.0,0.0,1.0,3.0,1.0,1.0,0.0,2.0,1.0,1.0,2.0,2.0,0.0,1.0,0.0,2.0,1.0,0.0,0.0,1.0,2.0,0.0,0.0,1.0,2.0,0.0,0.0,2.0,2.0,1.0,0.0,5.0,1.0,1.0,0.0,0.0,0.0,2.0,0.0,3.0,3.0,0.0,2.0,0.0,0.0,0.0,0.0,0.0,0.0,0.0,1.0,0.0,1.0,0.0,3.0,1.0,2.0,1.0,1.0,2.0,1.0,0.0,0.0,0.0,1.0,0.0,1.0,0.0,0.0,1.0,1.0,2.0,1.0,0.0,0.0,2.0,0.0,3.0,2.0,1.0,0.0,1.0,0.0,1.0,3.0,0.0,1.0,0.0,3.0,0.0,1.0,0.0,2.0,12.0,2.0,0.0,1.0,1.0,2.0,0.0,5.0,2.0,0.0,0.0,0.0,3.0,0.0,1.0,0.0,1.0,2.0,2.0,2.0,1.0,0.0,1.0,0.0,1.0,4.0,0.0,1.0,0.0,0.0,0.0,2.0,2.0,1.0,0.0,0.0,0.0,1.0,0.0,2.0,0.0,1.0,1.0,1.0,0.0,1.0,2.0,0.0,1.0,0.0,0.0,0.0,0.0,0.0,0.0,0.0,0.0,0.0,0.0,0.0,1.0,3.0,3.0,0.0,0.0,1.0,1.0,3.0,1.0,1.0,0.0,0.0,0.0,1.0,1.0,1.0,1.0,2.0,0.0,2.0,1.0,0.0,1.0,0.0,3.0,2.0,2.0,0.0,0.0,0.0,0.0,0.0,0.0,2.0,0.0,2.0,0.0,2.0,3.0,2.0,1.0,1.0,0.0,1.0,1.0,2.0,0.0,0.0,0.0,0.0,0.0,1.0,0.0,0.0,0.0,4.0,0.0,0.0,1.0,1.0,0.0,0.0,0.0,0.0,4.0,1.0,1.0,4.0,0.0,0.0,0.0,0.0,2.0,0.0,1.0,3.0,1.0,0.0,0.0,1.0,0.0,1.0,1.0,0.0,1.0,0.0,2.0,0.0,2.0,1.0,2.0,0.0,1.0,0.0,1.0,4.0,1.0,1.0,2.0,0.0,2.0,2.0,0.0,1.0,1.0,1.0,1.0,2.0,2.0,2.0,0.0,1.0,1.0,0.0,1.0,2.0,1.0,2.0,1.0,0.0,0.0,0.0,0.0,0.0,1.0,0.0,2.0,2.0,1.0,0.0,0.0,0.0,0.0,0.0,2.0,1.0,0.0,2.0,2.0,1.0,0.0,0.0,1.0,1.0,1.0,3.0,2.0,3.0,5.0,0.0,3.0,0.0,3.0,2.0,1.0,1.0,2.0,11.0,0.0,2.0,0.0,3.0,0.0,0.0,1.0,1.0,0.0,1.0,1.0,1.0,1.0,0.0,1.0,3.0,1.0,0.0,0.0,2.0,0.0,2.0,2.0,0.0,3.0,4.0,2.0,4.0,0.0,4.0,3.0,1.0,0.0,0.0,0.0,1.0,0.0,2.0,0.0,0.0,0.0,2.0,0.0,1.0,1.0,0.0,2.0,2.0,1.0,1.0,0.0,0.0,0.0,0.0,0.0,0.0,1.0,0.0,2.0,1.0,1.0,3.0,0.0,0.0,0.0,0.0,0.0,0.0,1.0,2.0,2.0,2.0,1.0,0.0,2.0,2.0,2.0,0.0,1.0,0.0,0.0,0.0,0.0,0.0,0.0,0.0,1.0,0.0,0.0,0.0,0.0,0.0,2.0,0.0,0.0,2.0,3.0,1.0,0.0,0.0,1.0,0.0,1.0,1.0,1.0,0.0,0.0,0.0,3.0,2.0,0.0,1.0,0.0,1.0,0.0,0.0,0.0,2.0,1.0,2.0,2.0,0.0,1.0,3.0,0.0,0.0,0.0,0.0,0.0,1.0,1.0,0.0,0.0,1.0,0.0,0.0,0.0,0.0,3.0,0.0,1.0,1.0,2.0,1.0,0.0,1.0,2.0,1.0,0.0,0.0,1.0,0.0,0.0,1.0,2.0,0.0,0.0,0.0,1.0,2.0,2.0,1.0,0.0,2.0,1.0,0.0,2.0,1.0,2.0,0.0,1.0,0.0,1.0,2.0,3.0,0.0,0.0,0.0,1.0,1.0,4.0,0.0,0.0,0.0,0.0,1.0,1.0,0.0,1.0,1.0,1.0,1.0,0.0,0.0,1.0,1.0,1.0,1.0,0.0,2.0,0.0,4.0,1.0,0.0,3.0,0.0,1.0,0.0,2.0,0.0,0.0,0.0,0.0,0.0,0.0,0.0,4.0,0.0,0.0,1.0,2.0,1.0,0.0,1.0,2.0,2.0,1.0,2.0,1.0,1.0,1.0,4.0,1.0,0.0,0.0,1.0,2.0,0.0,1.0,0.0,3.0,1.0,0.0,0.0,1.0,2.0,0.0,0.0,2.0,0.0,0.0,0.0,1.0,0.0,0.0,0.0,1.0,0.0,0.0,1.0,1.0,0.0,1.0,2.0,1.0,0.0,1.0,0.0,0.0,0.0,0.0,1.0,0.0,0.0,0.0,0.0,1.0,2.0,2.0,1.0,3.0,3.0,0.0,2.0,2.0,0.0,2.0,3.0,2.0,1.0,2.0,0.0,1.0,0.0,0.0,1.0,0.0,1.0,0.0,0.0,2.0,0.0,1.0,0.0,3.0,0.0,0.0,0.0,0.0,4.0,0.0,1.0,1.0,2.0,1.0,0.0,0.0,2.0,4.0,1.0,1.0,2.0,2.0,0.0,2.0,0.0,0.0,2.0,0.0,1.0,0.0,1.0,0.0,2.0,2.0,0.0,1.0,1.0,0.0,1.0,2.0,0.0,0.0,1.0,2.0,1.0,1.0,1.0,3.0,0.0,2.0,1.0,4.0,1.0,3.0,0.0,1.0,1.0,0.0,0.0,2.0,2.0,1.0,0.0,1.0,1.0,0.0,1.0,0.0,0.0,0.0,11.0,0.0,1.0,1.0,0.0,0.0,1.0,2.0,0.0,0.0,1.0,1.0,0.0,0.0,0.0,1.0,2.0,1.0,3.0,0.0,0.0,0.0,0.0,0.0,0.0,0.0,1.0,1.0,0.0,1.0,0.0,3.0,0.0,0.0,0.0,1.0,7.0,1.0,2.0,1.0,0.0,2.0,0.0,1.0,1.0,0.0,1.0,1.0,0.0,2.0,0.0,1.0,2.0,3.0,1.0,0.0,0.0,2.0,0.0,0.0,1.0,1.0,5.0,0.0,1.0,0.0,1.0,0.0,0.0,1.0,0.0,1.0,0.0,0.0,0.0,1.0,1.0,0.0,1.0,0.0,3.0,1.0,1.0,0.0,0.0,1.0,0.0,1.0,1.0,3.0,3.0,0.0,1.0,8.0,0.0,1.0,0.0,2.0,1.0,0.0,0.0,0.0,1.0,0.0,0.0,0.0,2.0,0.0,1.0,0.0,0.0,0.0,0.0,1.0,5.0,0.0,0.0,1.0,0.0,0.0,0.0,0.0,1.0,0.0,5.0,0.0,1.0,1.0,1.0,1.0,0.0,1.0,1.0,0.0,3.0,0.0,1.0,0.0,0.0,1.0,2.0,0.0,1.0,1.0,2.0,3.0,0.0,2.0,0.0,2.0,0.0,1.0,0.0,1.0,0.0,2.0,1
